{"type": "FeatureCollection", "features": [{"type": "Feature", "geometry": {"type": "Polygon", "coordinates": [[[-81.4590472278121, 37.9444065786778], [-81.4590421819167, 37.9435954713848], [-81.4569937285356, 37.9436034453039], [-81.4569987519158, 37.9444145528282], [-81.4590472278121, 37.9444065786778]]]}, "properties": {"name": "3", "folder": "3", "style_id": "3", "stroke": "#6e6e6e", "stroke-opacity": 1.0, "stroke-width": 0, "fill": "#0808ff", "fill-opacity": 1.0}}, {"type": "Feature", "geometry": {"type": "Polygon", "coordinates": [[[-81.4129563310322, 37.9445773713226], [-81.4129517917357, 37.943766259075], [-81.4098790854828, 37.9437770030184], [-81.4098835910055, 37.9445881155777], [-81.4129563310322, 37.9445773713226]]]}, "properties": {"name": "3", "folder": "3", "style_id": "3", "stroke": "#6e6e6e", "stroke-opacity": 1.0, "stroke-width": 0, "fill": "#0808ff", "fill-opacity": 1.0}}, {"type": "Feature", "geometry": {"type": "Polygon", "coordinates": [[[-81.4569836823799, 37.9419812299171], [-81.4569887053569, 37.9427923376668], [-81.4580129208914, 37.9427883552804], [-81.4580078866577, 37.9419772476462], [-81.4569836823799, 37.9419812299171]]]}, "properties": {"name": "3", "folder": "3", "style_id": "3", "stroke": "#6e6e6e", "stroke-opacity": 1.0, "stroke-width": 0, "fill": "#0808ff", "fill-opacity": 1.0}}, {"type": "Feature", "geometry": {"type": "Polygon", "coordinates": [[[-81.4047445581569, 37.9413613913866], [-81.404749006854, 37.9421725047979], [-81.4057732208381, 37.9421689771805], [-81.4057687608845, 37.9413578638716], [-81.4047445581569, 37.9413613913866]]]}, "properties": {"name": "3", "folder": "3", "style_id": "3", "stroke": "#6e6e6e", "stroke-opacity": 1.0, "stroke-width": 0, "fill": "#0808ff", "fill-opacity": 1.0}}, {"type": "Feature", "geometry": {"type": "Polygon", "coordinates": [[[-81.4047445581569, 37.9413613913866], [-81.4047401096385, 37.9405502778628], [-81.4037159179886, 37.9405537963611], [-81.4037203552508, 37.941364909987], [-81.4047445581569, 37.9413613913866]]]}, "properties": {"name": "3", "folder": "3", "style_id": "3", "stroke": "#6e6e6e", "stroke-opacity": 1.0, "stroke-width": 0, "fill": "#0808ff", "fill-opacity": 1.0}}, {"type": "Feature", "geometry": {"type": "Polygon", "coordinates": [[[-81.4938060617497, 37.9345323160555], [-81.4938169144698, 37.9361545248279], [-81.4948410324067, 37.9361502225072], [-81.4948301571816, 37.9345280139844], [-81.4938060617497, 37.9345323160555]]]}, "properties": {"name": "3", "folder": "3", "style_id": "3", "stroke": "#6e6e6e", "stroke-opacity": 1.0, "stroke-width": 0, "fill": "#0808ff", "fill-opacity": 1.0}}, {"type": "Feature", "geometry": {"type": "Polygon", "coordinates": [[[-81.5049379656114, 37.9150179959438], [-81.5049435102935, 37.9158291017059], [-81.5059673446242, 37.9158247045373], [-81.5059617887008, 37.9150135989028], [-81.5049379656114, 37.9150179959438]]]}, "properties": {"name": "3", "folder": "3", "style_id": "3", "stroke": "#6e6e6e", "stroke-opacity": 1.0, "stroke-width": 0, "fill": "#0808ff", "fill-opacity": 1.0}}, {"type": "Feature", "geometry": {"type": "Polygon", "coordinates": [[[-81.4575706808948, 37.8714104522527], [-81.4575907488472, 37.8746549213115], [-81.4565674773003, 37.8746588940023], [-81.4565774900456, 37.8762811280868], [-81.4586240778159, 37.8762731733502], [-81.4586190489034, 37.8754620565952], [-81.4596423312664, 37.8754580660021], [-81.4596171336394, 37.8714024811171], [-81.4575706808948, 37.8714104522527]]]}, "properties": {"name": "3", "folder": "3", "style_id": "3", "stroke": "#6e6e6e", "stroke-opacity": 1.0, "stroke-width": 0, "fill": "#0808ff", "fill-opacity": 1.0}}, {"type": "Feature", "geometry": {"type": "Polygon", "coordinates": [[[-81.4473335008509, 37.8706386557122], [-81.4473384051654, 37.8714497743998], [-81.4463151765025, 37.8714536577075], [-81.4463200697963, 37.8722647763953], [-81.4452968297195, 37.8722686509232], [-81.4453017119917, 37.8730797696109], [-81.444278460501, 37.8730836353585], [-81.4442833317506, 37.8738947540459], [-81.443260068846, 37.8738986110127], [-81.4432746501099, 37.8763319667353], [-81.4463445392109, 37.8763203681459], [-81.446329856973, 37.8738870134333], [-81.4473531192897, 37.8738831297875], [-81.4473433096767, 37.872260892975], [-81.4483665493602, 37.8722570006621], [-81.4483567180999, 37.8706347636253], [-81.4473335008509, 37.8706386557122]]]}, "properties": {"name": "3", "folder": "3", "style_id": "3", "stroke": "#6e6e6e", "stroke-opacity": 1.0, "stroke-width": 0, "fill": "#0808ff", "fill-opacity": 1.0}}, {"type": "Feature", "geometry": {"type": "Polygon", "coordinates": [[[-81.4299340644401, 37.8698923400332], [-81.429938777874, 37.8707034607147], [-81.4289155571513, 37.8707071927455], [-81.4289249621517, 37.8723294339876], [-81.4309714482776, 37.8723219606], [-81.4309572737568, 37.869888599219], [-81.4299340644401, 37.8698923400332]]]}, "properties": {"name": "3", "folder": "3", "style_id": "3", "stroke": "#6e6e6e", "stroke-opacity": 1.0, "stroke-width": 0, "fill": "#0808ff", "fill-opacity": 1.0}}, {"type": "Feature", "geometry": {"type": "Polygon", "coordinates": [[[-81.4677721676544, 37.8665035409261], [-81.4677824231107, 37.8681257746977], [-81.4708519612025, 37.8681135393131], [-81.4708416384571, 37.8664913062519], [-81.4677721676544, 37.8665035409261]]]}, "properties": {"name": "3", "folder": "3", "style_id": "3", "stroke": "#6e6e6e", "stroke-opacity": 1.0, "stroke-width": 0, "fill": "#0808ff", "fill-opacity": 1.0}}, {"type": "Feature", "geometry": {"type": "Polygon", "coordinates": [[[-81.4610804982769, 37.9419652473456], [-81.4600562946066, 37.9419692563605], [-81.4600512380626, 37.9411581488454], [-81.4590270454456, 37.9411621488296], [-81.4590220003603, 37.9403510410858], [-81.4579978187965, 37.9403550320398], [-81.4580028526261, 37.9411661398994], [-81.454930272957, 37.9411780596224], [-81.454950275213, 37.944422491317], [-81.4569987519158, 37.9444145528282], [-81.4569937285356, 37.9436034453039], [-81.4590421819167, 37.9435954713848], [-81.4590472278121, 37.9444065786778], [-81.4631441771704, 37.9443905233921], [-81.4631390862448, 37.9435794165648], [-81.4610906344876, 37.943587461805], [-81.4610804982769, 37.9419652473456]], [[-81.4569836823799, 37.9419812299171], [-81.4569887053569, 37.9427923376668], [-81.4580129208914, 37.9427883552804], [-81.4580078866577, 37.9419772476462], [-81.4569836823799, 37.9419812299171]]]}, "properties": {"name": "4", "folder": "4", "style_id": "4", "stroke": "#6e6e6e", "stroke-opacity": 1.0, "stroke-width": 0, "fill": "#3b9dff", "fill-opacity": 1.0}}, {"type": "Feature", "geometry": {"type": "Polygon", "coordinates": [[[-81.4692277070843, 37.9346328921129], [-81.468203606343, 37.9346369713793], [-81.468208751284, 37.9354480788582], [-81.4692328632778, 37.9354439994734], [-81.4692277070843, 37.9346328921129]]]}, "properties": {"name": "4", "folder": "4", "style_id": "4", "stroke": "#6e6e6e", "stroke-opacity": 1.0, "stroke-width": 0, "fill": "#3b9dff", "fill-opacity": 1.0}}, {"type": "Feature", "geometry": {"type": "Polygon", "coordinates": [[[-81.453836254261, 37.9298264883019], [-81.4538412404649, 37.9306375980865], [-81.4548652877998, 37.9306336441658], [-81.4548702854543, 37.931444753723], [-81.455894343839, 37.9314407907763], [-81.4558993529448, 37.9322519001059], [-81.4579474916122, 37.9322439472479], [-81.4579525234217, 37.9330550562341], [-81.4589766037039, 37.933051066322], [-81.458961475129, 37.9306177393727], [-81.4569133818674, 37.9306257095913], [-81.4569083619137, 37.9298146001516], [-81.453836254261, 37.9298264883019]]]}, "properties": {"name": "4", "folder": "4", "style_id": "4", "stroke": "#6e6e6e", "stroke-opacity": 1.0, "stroke-width": 0, "fill": "#3b9dff", "fill-opacity": 1.0}}, {"type": "Feature", "geometry": {"type": "Polygon", "coordinates": [[[-81.424139122572, 37.9299372724631], [-81.424148442664, 37.9315594983482], [-81.4251725068703, 37.9315558027426], [-81.4251771784479, 37.9323669154091], [-81.4262012537177, 37.9323632107846], [-81.4261918882483, 37.930740985554], [-81.4251678354802, 37.9307446899636], [-81.4251631642775, 37.9299335770719], [-81.424139122572, 37.9299372724631]]]}, "properties": {"name": "4", "folder": "4", "style_id": "4", "stroke": "#6e6e6e", "stroke-opacity": 1.0, "stroke-width": 0, "fill": "#3b9dff", "fill-opacity": 1.0}}, {"type": "Feature", "geometry": {"type": "Polygon", "coordinates": [[[-81.453836254261, 37.9298264883019], [-81.4538312682572, 37.9290153784046], [-81.4528072432216, 37.9290193231854], [-81.4528122179759, 37.9298304331971], [-81.453836254261, 37.9298264883019]]]}, "properties": {"name": "4", "folder": "4", "style_id": "4", "stroke": "#6e6e6e", "stroke-opacity": 1.0, "stroke-width": 0, "fill": "#3b9dff", "fill-opacity": 1.0}}, {"type": "Feature", "geometry": {"type": "Polygon", "coordinates": [[[-81.4128655797123, 37.9283551049828], [-81.4138896009513, 37.9283515078209], [-81.4138805073282, 37.9267292789194], [-81.4128565085866, 37.9267328758725], [-81.4128655797123, 37.9283551049828]]]}, "properties": {"name": "4", "folder": "4", "style_id": "4", "stroke": "#6e6e6e", "stroke-opacity": 1.0, "stroke-width": 0, "fill": "#3b9dff", "fill-opacity": 1.0}}, {"type": "Feature", "geometry": {"type": "Polygon", "coordinates": [[[-81.5121890968111, 37.9271535907439], [-81.5111651063996, 37.9271580431573], [-81.5111594911152, 37.9263469397437], [-81.5091115321119, 37.9263558175839], [-81.5091059395472, 37.9255447137999], [-81.5070580021403, 37.9255535557458], [-81.5070691425045, 37.9271757637141], [-81.5080931338148, 37.9271713469394], [-81.5080987155803, 37.9279824506263], [-81.5091227179147, 37.9279780248135], [-81.5091339046154, 37.929600231592], [-81.5101579292228, 37.9295957966119], [-81.5101747447075, 37.9320291055476], [-81.5091506863505, 37.9320335409137], [-81.5091674701063, 37.9344668492203], [-81.5101915622171, 37.9344624134681], [-81.5101971685037, 37.9352735158827], [-81.5112212716415, 37.9352690710896], [-81.5112268894057, 37.9360801732624], [-81.5122510035706, 37.9360757194278], [-81.5121890968111, 37.9271535907439]]]}, "properties": {"name": "4", "folder": "4", "style_id": "4", "stroke": "#6e6e6e", "stroke-opacity": 1.0, "stroke-width": 0, "fill": "#3b9dff", "fill-opacity": 1.0}}, {"type": "Feature", "geometry": {"type": "Polygon", "coordinates": [[[-81.4722118107622, 37.92083176453], [-81.4722066245594, 37.9200206554976], [-81.4711827269079, 37.9200247593569], [-81.4711879018663, 37.9208358685085], [-81.4722118107622, 37.92083176453]]]}, "properties": {"name": "4", "folder": "4", "style_id": "4", "stroke": "#6e6e6e", "stroke-opacity": 1.0, "stroke-width": 0, "fill": "#3b9dff", "fill-opacity": 1.0}}, {"type": "Feature", "geometry": {"type": "Polygon", "coordinates": [[[-81.4856239631712, 37.9361886225383], [-81.4856346367072, 37.9378108328382], [-81.48768292084, 37.9378023613951], [-81.4876882804377, 37.9386134661302], [-81.4887124334358, 37.9386092169156], [-81.488707062584, 37.9377981123037], [-81.4948519085049, 37.9377724305791], [-81.4948573468814, 37.9385835344458], [-81.4969056496217, 37.9385749023153], [-81.4969111107255, 37.9393860058188], [-81.4979352730216, 37.9393816762579], [-81.4979516914148, 37.9418149857151], [-81.5071694460358, 37.9417756151268], [-81.5071750205794, 37.9425867169115], [-81.5092234305579, 37.942577869577], [-81.5092290278386, 37.9433889709922], [-81.5102532437477, 37.9433845338243], [-81.5102476352104, 37.9425734325378], [-81.5112718396378, 37.942568986584], [-81.5112662200694, 37.9417578853137], [-81.5102420268982, 37.9417623311385], [-81.5102308109491, 37.9401401280014], [-81.5092066400639, 37.9401445646544], [-81.5092010436818, 37.9393334627879], [-81.5071527237477, 37.9393423090958], [-81.507147150099, 37.9385312068599], [-81.5061230010506, 37.9385356165155], [-81.5061174388797, 37.9377245140389], [-81.5050933008619, 37.9377289146535], [-81.5050877501678, 37.9369178119364], [-81.4999671130139, 37.9369396806787], [-81.4999396441903, 37.9328841622294], [-81.4958433555399, 37.9329014942775], [-81.4958052234344, 37.9272237601925], [-81.4968292171792, 37.927219441425], [-81.4968237593624, 37.92640833623], [-81.4957997768653, 37.9264126548722], [-81.4957943305147, 37.9256015494391], [-81.4947703590464, 37.9256058590467], [-81.4947649241613, 37.9247947533758], [-81.4927170030643, 37.9248033456139], [-81.4927115908902, 37.923992239581], [-81.4916876412621, 37.9239965222122], [-81.4916768400571, 37.9223743095596], [-81.4906529127037, 37.9223785830341], [-81.4906367462558, 37.9199452628378], [-81.48961285242, 37.9199495270328], [-81.4896074752804, 37.9191384199515], [-81.4885835924726, 37.9191426751155], [-81.4885889583685, 37.9199537823203], [-81.4875650641015, 37.9199580287003], [-81.4875757740506, 37.9215802430181], [-81.4865518570798, 37.9215844807366], [-81.4865678898787, 37.9240178017367], [-81.4834960364709, 37.9240304625459], [-81.4835119699779, 37.9264637836335], [-81.4824879846742, 37.9264679864515], [-81.4824932850217, 37.9272790933772], [-81.4773732990813, 37.9272999744286], [-81.4773680549733, 37.926488866897], [-81.4763440683999, 37.9264930162573], [-81.4763283710798, 37.9240596926252], [-81.4753044180374, 37.9240638327154], [-81.4752887563444, 37.9216305077087], [-81.4742648368295, 37.9216346385305], [-81.4742596279291, 37.9208235298496], [-81.4722118107622, 37.92083176453], [-81.4722221837922, 37.9224539822569], [-81.47324611497, 37.9224498691319], [-81.4732565113245, 37.9240720861693], [-81.4742804647855, 37.9240679638968], [-81.4742908844683, 37.9256901802442], [-81.4732669085136, 37.925694302756], [-81.4732721074212, 37.9265054108803], [-81.4722481200104, 37.926509524602], [-81.4722429323503, 37.9256984163583], [-81.4650750934023, 37.9257269621115], [-81.4650802023295, 37.9265380711834], [-81.463032223997, 37.9265461471624], [-81.4630271375649, 37.9257350378562], [-81.4620031593397, 37.9257390623644], [-81.461998084359, 37.9249279528287], [-81.4609741171773, 37.924931968311], [-81.4609690536469, 37.9241208585461], [-81.4599450975087, 37.9241248650029], [-81.4599349935497, 37.9225026449028], [-81.4589110597008, 37.9225066422187], [-81.4589060192709, 37.9216955318837], [-81.457882096465, 37.9216995201754], [-81.4578971846243, 37.9241328511896], [-81.4589211411677, 37.9241288625507], [-81.4589312234439, 37.9257510824322], [-81.4599552022788, 37.9257470846524], [-81.459960254968, 37.9265581943081], [-81.4609842448477, 37.9265541875026], [-81.4609994378779, 37.928987515445], [-81.4640715075322, 37.9289754405192], [-81.4640664092387, 37.9281643316681], [-81.4712344858397, 37.9281358458014], [-81.4712396628756, 37.9289469538261], [-81.4753357470816, 37.9289304796861], [-81.475346191773, 37.9305526944413], [-81.4743221485358, 37.9305568265817], [-81.4743273599457, 37.9313679339102], [-81.4733033052491, 37.9313720572593], [-81.4733085056176, 37.9321831645947], [-81.4722844394615, 37.932187279152], [-81.4722896287876, 37.9329983864941], [-81.4702414733488, 37.9330065891122], [-81.47024664038, 37.9338176965795], [-81.4692225510977, 37.9338217846396], [-81.4692277070843, 37.9346328921129], [-81.4712759079456, 37.9346247068433], [-81.4712810866441, 37.9354358139664], [-81.4723051980157, 37.9354317078441], [-81.472310388175, 37.9362428147353], [-81.4733345105912, 37.9362386995812], [-81.473329309179, 37.9354275928093], [-81.4743534201334, 37.935423468862], [-81.4743429954307, 37.9338012552194], [-81.4763911717027, 37.9337929810675], [-81.4763807028315, 37.9321707674542], [-81.4774047681499, 37.9321666172511], [-81.4773942776183, 37.9305444034278], [-81.480466404806, 37.9305319000756], [-81.4804716837171, 37.9313430066808], [-81.48149573694, 37.9313388209535], [-81.4815063178994, 37.932961033583], [-81.4825303934116, 37.9329568387011], [-81.4825250915746, 37.9321457325644], [-81.483549155623, 37.9321415288929], [-81.4835385300868, 37.9305193165252], [-81.4845625714213, 37.9305151041867], [-81.4845572477234, 37.929703997956], [-81.4855812775944, 37.9296997768291], [-81.485575942861, 37.9288886706081], [-81.4865999612687, 37.9288844406933], [-81.4865946155007, 37.9280733344824], [-81.4876186224451, 37.9280690957802], [-81.4876132656433, 37.9272579895795], [-81.4886372611245, 37.9272537420904], [-81.4886426291745, 37.9280648481679], [-81.4896666356885, 37.9280605916455], [-81.4896773949329, 37.9296828032152], [-81.4907014237288, 37.9296785375353], [-81.4907068149245, 37.9304896430272], [-81.489682774879, 37.930493908831], [-81.4897042968229, 37.9337383301665], [-81.4907283818713, 37.9337340638677], [-81.4907391666433, 37.9353562736115], [-81.488690951322, 37.9353647977918], [-81.4886963215271, 37.9361759027418], [-81.4856239631712, 37.9361886225383]], [[-81.4938060617497, 37.9345323160555], [-81.4938169144698, 37.9361545248279], [-81.4948410324067, 37.9361502225072], [-81.4948301571816, 37.9345280139844], [-81.4938060617497, 37.9345323160555]]]}, "properties": {"name": "4", "folder": "4", "style_id": "4", "stroke": "#6e6e6e", "stroke-opacity": 1.0, "stroke-width": 0, "fill": "#3b9dff", "fill-opacity": 1.0}}, {"type": "Feature", "geometry": {"type": "Polygon", "coordinates": [[[-81.4383890081072, 37.9152847003012], [-81.4384034506113, 37.9177180404671], [-81.4414750610587, 37.9177065583019], [-81.441470212969, 37.9168954453591], [-81.4424940714867, 37.9168916002683], [-81.4424892123492, 37.9160804873245], [-81.4394176699398, 37.9160919955426], [-81.439412844723, 37.9152808821522], [-81.4383890081072, 37.9152847003012]]]}, "properties": {"name": "4", "folder": "4", "style_id": "4", "stroke": "#6e6e6e", "stroke-opacity": 1.0, "stroke-width": 0, "fill": "#3b9dff", "fill-opacity": 1.0}}, {"type": "Feature", "geometry": {"type": "Polygon", "coordinates": [[[-81.4201260513628, 37.9445519893467], [-81.4201168153444, 37.9429297662115], [-81.4190925926508, 37.942933418743], [-81.4190879861766, 37.9421223069006], [-81.4129427136893, 37.942144034242], [-81.4129381749394, 37.9413329216567], [-81.4088413679912, 37.9413472278387], [-81.408836874448, 37.9405361147257], [-81.4078126835151, 37.9405396688816], [-81.407808201408, 37.939728555553], [-81.4067840215508, 37.9397321006916], [-81.406779550879, 37.9389209871476], [-81.4057553820976, 37.9389245232695], [-81.40575092286, 37.9381134095104], [-81.4026784492084, 37.9381239640867], [-81.4026740239129, 37.9373128499088], [-81.4016498769275, 37.9373163501721], [-81.4016454630636, 37.9365052357801], [-81.4006213271551, 37.9365087270288], [-81.400625729765, 37.937319841522], [-81.3996015824258, 37.9373233239586], [-81.3996147575513, 37.9397566670663], [-81.3985905762712, 37.9397601408918], [-81.3985993380577, 37.9413823692691], [-81.3975751340896, 37.9413858343815], [-81.3975707643647, 37.9405747201486], [-81.3965465714776, 37.9405781762461], [-81.396537855065, 37.9389559472421], [-81.3944895137886, 37.9389628322943], [-81.3944981851788, 37.9405850616977], [-81.3934739917682, 37.9405884910519], [-81.3934783164681, 37.9413996056844], [-81.3914299066139, 37.9414064378476], [-81.3914256044266, 37.940595323017], [-81.3904014104965, 37.9405987256278], [-81.3903928291512, 37.9389764954316], [-81.3893686575601, 37.9389798889311], [-81.3893643784007, 37.9381687735657], [-81.3903885387368, 37.9381653801647], [-81.3903842484947, 37.9373542647852], [-81.3883359501597, 37.937361042477], [-81.3883402178928, 37.9381721580531], [-81.3873160572137, 37.9381755336267], [-81.3873203138632, 37.9389866491882], [-81.3852719694827, 37.9389933737896], [-81.3852677353432, 37.938182258033], [-81.3842435741528, 37.9381856068656], [-81.3842393514377, 37.9373744908994], [-81.382191051058, 37.9373811616299], [-81.3821784514515, 37.9349478124757], [-81.383202567965, 37.9349444818571], [-81.3831983571806, 37.934133365344], [-81.3842224622723, 37.9341300259095], [-81.3842182404046, 37.9333189093808], [-81.3852423340746, 37.9333155611311], [-81.3852381011246, 37.9325044445871], [-81.3862621833729, 37.9325010875226], [-81.3862536954802, 37.9308788542918], [-81.383181515733, 37.9308888981666], [-81.3831857258414, 37.9317000151297], [-81.3801135108205, 37.9317099790912], [-81.380105158277, 37.9300877444743], [-81.3790811087689, 37.9300910477798], [-81.3790852737064, 37.9309021652403], [-81.3760130904295, 37.930912021976], [-81.3760006973692, 37.9284786683991], [-81.3770247248777, 37.9284753920172], [-81.3770164411686, 37.926853155927], [-81.378040446013, 37.9268498708251], [-81.3780362931596, 37.9260387527066], [-81.3790602865891, 37.9260354587901], [-81.3790561226545, 37.9252243406548], [-81.3800801046691, 37.9252210379243], [-81.3800675801275, 37.9227876831307], [-81.3821154761721, 37.9227810515182], [-81.3821070823325, 37.9211588148116], [-81.3810831568857, 37.9211621348796], [-81.3810789714637, 37.9203510162613], [-81.380055057094, 37.9203543273249], [-81.3800258425458, 37.9146764931746], [-81.3779781707102, 37.9146830872381], [-81.3779906227715, 37.91711644598], [-81.3769667528764, 37.9171197299383], [-81.3769957348051, 37.9227975637333], [-81.3749478370917, 37.9228041062576], [-81.3750096311626, 37.9349708772509], [-81.3770578663647, 37.9349643318786], [-81.3770661533994, 37.9365865657192], [-81.3780902932581, 37.9365832794733], [-81.3781152258857, 37.9414499777231], [-81.3770910184955, 37.9414532645411], [-81.3770951632604, 37.9422643806177], [-81.3781193819075, 37.9422610937044], [-81.3781235380961, 37.9430722095731], [-81.3791477678336, 37.9430689136492], [-81.3791436003878, 37.942257797876], [-81.3842646902708, 37.9422411850091], [-81.384268914003, 37.9430523003003], [-81.3883658278894, 37.9430388491466], [-81.3883743659257, 37.944661078611], [-81.4098835910055, 37.9445881155777], [-81.4098790854828, 37.9437770030184], [-81.4129517917357, 37.943766259075], [-81.4129563310322, 37.9445773713226], [-81.4201260513628, 37.9445519893467]], [[-81.4047445581569, 37.9413613913866], [-81.4047401096385, 37.9405502778628], [-81.4037159179886, 37.9405537963611], [-81.4037203552508, 37.941364909987], [-81.4047445581569, 37.9413613913866], [-81.404749006854, 37.9421725047979], [-81.4057732208381, 37.9421689771805], [-81.4057687608845, 37.9413578638716], [-81.4047445581569, 37.9413613913866]]]}, "properties": {"name": "4", "folder": "4", "style_id": "4", "stroke": "#6e6e6e", "stroke-opacity": 1.0, "stroke-width": 0, "fill": "#3b9dff", "fill-opacity": 1.0}}, {"type": "Feature", "geometry": {"type": "Polygon", "coordinates": [[[-81.4128655797123, 37.9283551049828], [-81.4097935149049, 37.9283658430055], [-81.4097890129978, 37.9275547281951], [-81.4087650022823, 37.9275582896117], [-81.4087560215066, 37.9259360594466], [-81.4097800097256, 37.9259324982366], [-81.4097620053492, 37.9226880369692], [-81.4087380621178, 37.9226915977658], [-81.4087245944683, 37.9202582503236], [-81.4128202313647, 37.9202439549294], [-81.4128156975309, 37.919432839305], [-81.4179351833316, 37.9194147701592], [-81.4179076468665, 37.9145480771953], [-81.4189314760191, 37.9145444372771], [-81.4189268760118, 37.9137333214948], [-81.4168792400046, 37.9137405922142], [-81.4168838175296, 37.9145517082074], [-81.415859988009, 37.9145553303136], [-81.4158645544761, 37.9153664462994], [-81.4148407135306, 37.9153700596043], [-81.4148452689388, 37.9161811755825], [-81.4138214165684, 37.9161847800856], [-81.4138259609169, 37.9169958960558], [-81.411778233144, 37.9170030785508], [-81.4117827551889, 37.9178141946169], [-81.4076872524967, 37.9178284531382], [-81.4076738218179, 37.9153951033613], [-81.4066499794224, 37.9153986454154], [-81.4066455141306, 37.9145875284953], [-81.4056216827975, 37.9145910615405], [-81.4056172289262, 37.9137799444053], [-81.4045934086557, 37.9137834684422], [-81.4045845239305, 37.9121612336297], [-81.4035607259629, 37.9121647485568], [-81.4035562951077, 37.9113536308798], [-81.4025325082023, 37.9113571367997], [-81.4025413476102, 37.9129793722448], [-81.4015175380469, 37.9129828694626], [-81.4015219467761, 37.9137939871178], [-81.3984504833039, 37.9138044256405], [-81.3984548584861, 37.9146155434862], [-81.3964071928099, 37.9146224581726], [-81.396411545684, 37.9154335761063], [-81.3943638568254, 37.9154404553677], [-81.3943681873897, 37.9162515733886], [-81.3923204753513, 37.9162584172229], [-81.392324783604, 37.9170695353298], [-81.3913009160824, 37.9170729439859], [-81.3912966190725, 37.91626182578], [-81.3892489059979, 37.9162686161741], [-81.3892574552184, 37.9178908528675], [-81.3933529706215, 37.9178772356622], [-81.3933572904636, 37.9186883534449], [-81.395405069614, 37.9186814911999], [-81.3954007272845, 37.9178703736163], [-81.3974484832504, 37.9178634759416], [-81.3974441186089, 37.9170523584456], [-81.3994918513878, 37.9170454253434], [-81.3994874644362, 37.916234307936], [-81.400511319319, 37.9162308281255], [-81.4005069213012, 37.9154197107066], [-81.4035784511622, 37.9154092181397], [-81.403587314829, 37.9170314522561], [-81.4046111802458, 37.917027936717], [-81.4046289546892, 37.9202724031914], [-81.4036050442974, 37.9202759191385], [-81.403613910099, 37.9218981519046], [-81.4046378429811, 37.9218946357534], [-81.4046689576223, 37.9275724461757], [-81.40364494601, 37.9275759630411], [-81.4036493804235, 37.9283870784677], [-81.3944331667173, 37.928418330201], [-81.3944245005464, 37.9267960974219], [-81.3934004984232, 37.9267995250851], [-81.3934134641933, 37.9292328743833], [-81.3944375000636, 37.9292294464217], [-81.394446167278, 37.9308516785257], [-81.4036626847318, 37.930820424072], [-81.4036582497844, 37.9300093089831], [-81.40673038533, 37.9299987307355], [-81.4067348540284, 37.9308098455175], [-81.4077589101024, 37.9308063015101], [-81.4077678705393, 37.9324285305308], [-81.4067437919633, 37.9324320747439], [-81.4067482611998, 37.9332431891882], [-81.4108446194296, 37.9332289584524], [-81.4108491338539, 37.9340400723713], [-81.4118732342116, 37.9340364923034], [-81.4118822861093, 37.9356587195959], [-81.4129064087908, 37.9356551304075], [-81.4129109462656, 37.9364662437808], [-81.4139350800183, 37.9364626455751], [-81.4139396289291, 37.9372737587314], [-81.4149637737532, 37.9372701515081], [-81.4149683341009, 37.9380812644472], [-81.417016645708, 37.9380740230505], [-81.4170212287482, 37.938885135667], [-81.4252145578199, 37.9388558126878], [-81.4252098847419, 37.938044700922], [-81.4282823462972, 37.9380335580507], [-81.4282870531391, 37.9388446694932], [-81.4293112178683, 37.9388409372675], [-81.4293206546296, 37.9404631595982], [-81.43034484168, 37.9404594182416], [-81.4303495716008, 37.9412705291295], [-81.4313737697173, 37.9412667787499], [-81.4313785110844, 37.9420778894164], [-81.433426929259, 37.9420703616952], [-81.4334316933301, 37.9428814720307], [-81.4354801332535, 37.9428739084311], [-81.4354849200305, 37.9436850184345], [-81.4365091509615, 37.9436812231521], [-81.4365139491885, 37.9444923329328], [-81.4488048403013, 37.9444460928127], [-81.4487900409373, 37.9420127671568], [-81.4467416285876, 37.9420205623199], [-81.4467465389974, 37.9428316712107], [-81.4426496669093, 37.9428471550097], [-81.4426399363392, 37.9412249362172], [-81.441615740341, 37.9412287846562], [-81.4416108866048, 37.9404176749793], [-81.4395625165361, 37.9404253448914], [-81.4395576855056, 37.9396142348794], [-81.4385335114356, 37.9396180563533], [-81.4385286918541, 37.9388069461178], [-81.4395528546691, 37.9388031247548], [-81.4395480240264, 37.9379920145176], [-81.4415963265651, 37.937984345273], [-81.4415914736081, 37.9371732351456], [-81.4446638921918, 37.9371616647636], [-81.444668778911, 37.9379727745553], [-81.4467170794949, 37.9379650161764], [-81.4466974437678, 37.9347205772341], [-81.4477215487509, 37.9347166851262], [-81.4477166290595, 37.933905575222], [-81.4466925353286, 37.9339094672169], [-81.4466876270864, 37.9330983570871], [-81.4446394615377, 37.9331061141156], [-81.4446443472763, 37.9339172244704], [-81.4436202529557, 37.933921089729], [-81.4436251276382, 37.9347322000834], [-81.4426010218697, 37.9347360565417], [-81.4425961584395, 37.9339249460755], [-81.4415720637281, 37.9339287935098], [-81.441567211745, 37.9331176828193], [-81.439519044242, 37.933125350729], [-81.4395238737214, 37.933936461642], [-81.4384997784271, 37.9339402823398], [-81.4385094154624, 37.9355625040496], [-81.4344129423351, 37.9355776986012], [-81.4344081687319, 37.9347665873618], [-81.4323599535224, 37.9347741309426], [-81.4323457013737, 37.9323407958921], [-81.4333697753183, 37.9323370288859], [-81.4333650137324, 37.9315259170865], [-81.4343890762349, 37.9315221412781], [-81.4343699868031, 37.9282776933926], [-81.4353940041145, 37.9282739091121], [-81.4353844380509, 37.9266516847133], [-81.4364084326734, 37.9266478917425], [-81.4363940512755, 37.92421455463], [-81.4374180119635, 37.9242107530802], [-81.4374132073026, 37.9233996405945], [-81.436389257861, 37.923403442034], [-81.4363652936744, 37.9193478773648], [-81.4322697188913, 37.9193629918416], [-81.4322649716061, 37.9185518781314], [-81.4312410886767, 37.9185556343728], [-81.4312363528254, 37.917744520441], [-81.4291886088834, 37.9177520059847], [-81.4291980358017, 37.9193742341701], [-81.4302219303547, 37.9193704956348], [-81.430226655342, 37.9201816094502], [-81.432274466367, 37.9201741054392], [-81.4322792140333, 37.9209852189242], [-81.4333031305049, 37.9209814534478], [-81.4333269279251, 37.9250370186377], [-81.4312789823308, 37.9250445417739], [-81.4312837198932, 37.9258556546923], [-81.4282117663346, 37.9258668729019], [-81.4282164703435, 37.9266779860333], [-81.4292404663003, 37.9266742554315], [-81.4292451817464, 37.927485368342], [-81.4302691887622, 37.9274816287218], [-81.4302739156463, 37.9282927414113], [-81.4312979337212, 37.9282889927722], [-81.4313026720443, 37.9291001052403], [-81.4302786427201, 37.9291038539882], [-81.4302928250801, 37.9315371910432], [-81.4292687618158, 37.9315409312059], [-81.4292734783976, 37.932352043441], [-81.4272253287996, 37.9323594972484], [-81.4272347175243, 37.9339817218132], [-81.4262106199389, 37.9339854355648], [-81.4262153033315, 37.9347965477861], [-81.421094756332, 37.934814983396], [-81.4210901292015, 37.9340038706399], [-81.4169937332659, 37.9340184582797], [-81.4169799880077, 37.9315851180663], [-81.4159559223176, 37.9315887423801], [-81.4159513521833, 37.9307776286454], [-81.4139032427547, 37.930784850329], [-81.4138986953044, 37.9299737362722], [-81.4128746515663, 37.9299773336428], [-81.4128655797123, 37.9283551049828]]]}, "properties": {"name": "4", "folder": "4", "style_id": "4", "stroke": "#6e6e6e", "stroke-opacity": 1.0, "stroke-width": 0, "fill": "#3b9dff", "fill-opacity": 1.0}}, {"type": "Feature", "geometry": {"type": "Polygon", "coordinates": [[[-81.512026019034, 37.9036315497026], [-81.5099786899809, 37.9036404381371], [-81.5100010822989, 37.906884864262], [-81.5089773724925, 37.9068892956403], [-81.5089885475256, 37.9085115082833], [-81.5100122798061, 37.9085070766479], [-81.510023478212, 37.9101292885826], [-81.5120709870501, 37.9101203980845], [-81.512026019034, 37.9036315497026]]]}, "properties": {"name": "4", "folder": "4", "style_id": "4", "stroke": "#6e6e6e", "stroke-opacity": 1.0, "stroke-width": 0, "fill": "#3b9dff", "fill-opacity": 1.0}}, {"type": "Feature", "geometry": {"type": "Polygon", "coordinates": [[[-81.4587851096228, 37.9022288500489], [-81.4587901451999, 37.9030399630874], [-81.4598138092845, 37.9030359685544], [-81.4598087624729, 37.9022248556318], [-81.4587851096228, 37.9022288500489]]]}, "properties": {"name": "4", "folder": "4", "style_id": "4", "stroke": "#6e6e6e", "stroke-opacity": 1.0, "stroke-width": 0, "fill": "#3b9dff", "fill-opacity": 1.0}}, {"type": "Feature", "geometry": {"type": "Polygon", "coordinates": [[[-81.3748325876519, 37.9000927326996], [-81.3748367014735, 37.9009038547019], [-81.3758603469291, 37.9009005904528], [-81.3758562218737, 37.9000894685451], [-81.3748325876519, 37.9000927326996]]]}, "properties": {"name": "4", "folder": "4", "style_id": "4", "stroke": "#6e6e6e", "stroke-opacity": 1.0, "stroke-width": 0, "fill": "#3b9dff", "fill-opacity": 1.0}}, {"type": "Feature", "geometry": {"type": "Polygon", "coordinates": [[[-81.512099099393, 37.9141759246578], [-81.5090276672062, 37.9141892489817], [-81.5090220780075, 37.913378143506], [-81.5049268769149, 37.9133957840813], [-81.504910245539, 37.9109624654419], [-81.5038864784271, 37.9109668529404], [-81.5038809463188, 37.9101557463745], [-81.5028571902236, 37.9101601248414], [-81.5028516695755, 37.9093490180356], [-81.5018279244969, 37.9093533874714], [-81.5018058890685, 37.9061089586135], [-81.5028295891987, 37.9061045896848], [-81.5028240696584, 37.9052934823153], [-81.5018003807641, 37.9052978511172], [-81.5017893648185, 37.9036756357862], [-81.5007656981738, 37.9036799954323], [-81.5007602017672, 37.9028688874712], [-81.4997365461365, 37.9028732380888], [-81.4997310611847, 37.9020621298886], [-81.498707416568, 37.9020664714782], [-81.4986964697918, 37.9004442544878], [-81.4976728474225, 37.9004485869241], [-81.4976673855967, 37.8996374781341], [-81.4966437742411, 37.8996418015437], [-81.4966383238669, 37.8988306925155], [-81.492543921191, 37.8988478966448], [-81.4925493266355, 37.8996590061723], [-81.4915257141906, 37.899663285077], [-81.491536503264, 37.9012855040423], [-81.4925601381752, 37.9012812248893], [-81.4925655442705, 37.9020923340786], [-81.4956364814017, 37.9020794428364], [-81.4956419214167, 37.9028905515389], [-81.4976892342151, 37.9028819126179], [-81.4977001598396, 37.9045041291834], [-81.4987238383799, 37.9044997961183], [-81.4987347873531, 37.9061220119814], [-81.4977110863412, 37.9061263452979], [-81.4977165499209, 37.9069374531861], [-81.4885031298725, 37.9069760535172], [-81.4884977674213, 37.9061649445089], [-81.4864503608379, 37.9061734241773], [-81.4864450210741, 37.9053623148102], [-81.4843976361057, 37.9053707586212], [-81.4843923190275, 37.9045596488964], [-81.4823449556769, 37.9045680568519], [-81.4823502502837, 37.9053791668207], [-81.4833739433012, 37.9053749671724], [-81.4833792493566, 37.9061860769067], [-81.4854266572245, 37.9061776506569], [-81.4854426440907, 37.9086109784499], [-81.4864663814151, 37.9086067516023], [-81.4864717220362, 37.9094178605186], [-81.4905667141376, 37.9094008635964], [-81.4905720999264, 37.9102119719067], [-81.4936433754494, 37.9101991303491], [-81.4936487951707, 37.9110102381741], [-81.4997914077637, 37.910984313889], [-81.4997968951376, 37.9117954208489], [-81.5008206743741, 37.9117910688423], [-81.5008316722621, 37.9134132821714], [-81.5018554737575, 37.9134089210069], [-81.5018664950099, 37.9150311336318], [-81.5008426710331, 37.9150354950494], [-81.5008481707496, 37.9158466013192], [-81.4988004996514, 37.9158552976891], [-81.498805977105, 37.9166664040986], [-81.4967582826438, 37.9166750650952], [-81.4967637378326, 37.9174861716433], [-81.495739879031, 37.9174904889072], [-81.4957453231959, 37.9183015954678], [-81.4988169326718, 37.9182886165792], [-81.4988224107849, 37.9190997226504], [-81.5029179319786, 37.9190822922631], [-81.5029124088927, 37.9182711866977], [-81.5049601456749, 37.9182624183155], [-81.5049546003252, 37.9174513128917], [-81.5090500262444, 37.9174336697568], [-81.5090556165649, 37.9182447746686], [-81.5100794837275, 37.9182403414897], [-81.5100962897659, 37.9206736551626], [-81.5111201904344, 37.9206692126902], [-81.5110977378596, 37.9174247947497], [-81.5121215933295, 37.9174203438863], [-81.512099099393, 37.9141759246578]], [[-81.5049379656114, 37.9150179959438], [-81.5049435102935, 37.9158291017059], [-81.5059673446242, 37.9158247045373], [-81.5059617887008, 37.9150135989028], [-81.5049379656114, 37.9150179959438]]]}, "properties": {"name": "4", "folder": "4", "style_id": "4", "stroke": "#6e6e6e", "stroke-opacity": 1.0, "stroke-width": 0, "fill": "#3b9dff", "fill-opacity": 1.0}}, {"type": "Feature", "geometry": {"type": "Polygon", "coordinates": [[[-81.3891378285581, 37.8951794982164], [-81.3891463688621, 37.8968017407588], [-81.3901699557946, 37.8967983523758], [-81.3901742374355, 37.89760947338], [-81.3911978354281, 37.8976060759979], [-81.3912107150806, 37.9000394380396], [-81.3922343465993, 37.9000360314602], [-81.3922386513951, 37.900847151817], [-81.3932622939749, 37.9008437362369], [-81.3932752431028, 37.9032770963349], [-81.3942989192131, 37.9032736715549], [-81.3943075753028, 37.9048959108591], [-81.3953312737109, 37.9048924769772], [-81.3953356132527, 37.9057035963609], [-81.3943119036082, 37.9057070303424], [-81.3943162320873, 37.9065181497132], [-81.3994348347476, 37.9065008902719], [-81.3994392195869, 37.9073120090293], [-81.4014866818968, 37.9073050427257], [-81.4014910893875, 37.9081161611685], [-81.4035385734652, 37.9081091590465], [-81.4035297137108, 37.9064869224548], [-81.4025059942355, 37.9064904277644], [-81.4025015758618, 37.905679309198], [-81.3994304500843, 37.9056897714019], [-81.3994260655969, 37.9048786524194], [-81.3984023678882, 37.9048821219134], [-81.3983979948128, 37.9040710027178], [-81.3973743081645, 37.9040744632083], [-81.3973699465, 37.9032633437998], [-81.3963462709122, 37.9032667952874], [-81.3963419206578, 37.9024556756661], [-81.3953182561304, 37.9024591181513], [-81.3953052401172, 37.9000257583129], [-81.3942816091181, 37.9000291915969], [-81.3942772820285, 37.8992180713261], [-81.393253662089, 37.8992214956092], [-81.3932493464059, 37.8984103751266], [-81.392225737526, 37.8984137904093], [-81.3922171291437, 37.8967915489084], [-81.3911935425553, 37.8967949550923], [-81.3911892498547, 37.8959838340743], [-81.3901656743255, 37.8959872312592], [-81.3901613930282, 37.8951761100301], [-81.3891378285581, 37.8951794982164]]]}, "properties": {"name": "4", "folder": "4", "style_id": "4", "stroke": "#6e6e6e", "stroke-opacity": 1.0, "stroke-width": 0, "fill": "#3b9dff", "fill-opacity": 1.0}}, {"type": "Feature", "geometry": {"type": "Polygon", "coordinates": [[[-81.5119585940753, 37.8938982635971], [-81.5099115345915, 37.8939071489366], [-81.5099059397688, 37.8930960407703], [-81.508882420919, 37.8931004699628], [-81.5088768375496, 37.8922893615552], [-81.5078533297044, 37.8922937817206], [-81.5078477577872, 37.891482673072], [-81.5037537690878, 37.891500264237], [-81.5037592960919, 37.8923113733962], [-81.4996652589303, 37.8923288226939], [-81.4996707412412, 37.8931399322468], [-81.4955766556443, 37.8931572396685], [-81.4955820932582, 37.893968349611], [-81.4976291589534, 37.8939597134474], [-81.497634619245, 37.8947708230265], [-81.5007052498323, 37.8947578016594], [-81.5007107440334, 37.8955689107479], [-81.5017342983522, 37.8955645523668], [-81.501728792921, 37.8947534434048], [-81.5078700467976, 37.8947271069901], [-81.5078756196093, 37.8955382151878], [-81.508899172372, 37.8955337945092], [-81.5089103411279, 37.8971560103096], [-81.5099339161278, 37.8971515804743], [-81.5099451082435, 37.8987737955666], [-81.5119923024957, 37.8987649086797], [-81.5119585940753, 37.8938982635971]]]}, "properties": {"name": "4", "folder": "4", "style_id": "4", "stroke": "#6e6e6e", "stroke-opacity": 1.0, "stroke-width": 0, "fill": "#3b9dff", "fill-opacity": 1.0}}, {"type": "Feature", "geometry": {"type": "Polygon", "coordinates": [[[-81.4044557755267, 37.888638778274], [-81.4044690873792, 37.8910721401123], [-81.4054925930768, 37.8910686189378], [-81.4054881443863, 37.8902574985398], [-81.4065116386771, 37.8902539685691], [-81.4065027193767, 37.8886317276404], [-81.4044557755267, 37.888638778274]]]}, "properties": {"name": "4", "folder": "4", "style_id": "4", "stroke": "#6e6e6e", "stroke-opacity": 1.0, "stroke-width": 0, "fill": "#3b9dff", "fill-opacity": 1.0}}, {"type": "Feature", "geometry": {"type": "Polygon", "coordinates": [[[-81.3952445194393, 37.8886700656815], [-81.3952531917332, 37.8902923088357], [-81.3962766877891, 37.8902888678489], [-81.3962853832361, 37.8919111103535], [-81.3973089015745, 37.891907660268], [-81.3973176201783, 37.8935299021224], [-81.3983411608006, 37.8935264429372], [-81.398345531595, 37.8943375635952], [-81.3993690832719, 37.89433409541], [-81.3993734654722, 37.8951452158549], [-81.4024441531373, 37.8951347575974], [-81.4024485692064, 37.8959458776263], [-81.4044957158929, 37.8959388607514], [-81.4045045934892, 37.8975611000644], [-81.4055281890286, 37.8975575780722], [-81.4055326393263, 37.8983686974578], [-81.4075798523334, 37.8983616265662], [-81.4075664345855, 37.8959282686877], [-81.4065428618669, 37.8959318082758], [-81.4065384008741, 37.8951206886552], [-81.4055148392073, 37.8951242192406], [-81.4055103896241, 37.8943130994051], [-81.4044868390092, 37.8943166209884], [-81.4044824008345, 37.8935055009381], [-81.4034588612715, 37.8935090135198], [-81.4034632882162, 37.894320133672], [-81.4024397372455, 37.894323637456], [-81.4024353215309, 37.8935125172021], [-81.3993647012474, 37.8935229748525], [-81.399355937726, 37.8919007334002], [-81.398332419738, 37.8919042012836], [-81.3983280494698, 37.891093080288], [-81.397304542535, 37.891096539172], [-81.3972958249809, 37.8894742966427], [-81.3962723403273, 37.8894777464279], [-81.39626799304, 37.8886666248944], [-81.3952445194393, 37.8886700656815]]]}, "properties": {"name": "4", "folder": "4", "style_id": "4", "stroke": "#6e6e6e", "stroke-opacity": 1.0, "stroke-width": 0, "fill": "#3b9dff", "fill-opacity": 1.0}}, {"type": "Feature", "geometry": {"type": "Polygon", "coordinates": [[[-81.3798840600049, 37.8870983632004], [-81.3798882273187, 37.8879094865257], [-81.3809116922552, 37.8879061793034], [-81.3809075137148, 37.8870950560741], [-81.3798840600049, 37.8870983632004]]]}, "properties": {"name": "4", "folder": "4", "style_id": "4", "stroke": "#6e6e6e", "stroke-opacity": 1.0, "stroke-width": 0, "fill": "#3b9dff", "fill-opacity": 1.0}}, {"type": "Feature", "geometry": {"type": "Polygon", "coordinates": [[[-81.511885587004, 37.8833538519919], [-81.5088154352718, 37.8833671616297], [-81.5088210161771, 37.8841782712776], [-81.507797620594, 37.8841826901603], [-81.5078031904991, 37.8849937998236], [-81.5067797834683, 37.8849982099383], [-81.5067853423722, 37.885809319617], [-81.5057619238937, 37.8858137209631], [-81.5057674717956, 37.8866248306568], [-81.5078143309797, 37.8866160188122], [-81.5078199015553, 37.8874271281374], [-81.5098667822963, 37.8874182804489], [-81.5098723755474, 37.8882293894045], [-81.5108958268074, 37.8882249520859], [-81.5109014315095, 37.8890360607999], [-81.511924893771, 37.889031614455], [-81.511885587004, 37.8833538519919]]]}, "properties": {"name": "4", "folder": "4", "style_id": "4", "stroke": "#6e6e6e", "stroke-opacity": 1.0, "stroke-width": 0, "fill": "#3b9dff", "fill-opacity": 1.0}}, {"type": "Feature", "geometry": {"type": "Polygon", "coordinates": [[[-81.421827011268, 37.8837109973358], [-81.4197802075823, 37.8837183136295], [-81.4197848119884, 37.8845294334699], [-81.4208082251483, 37.8845257796651], [-81.4208128409642, 37.885336899287], [-81.4218362651638, 37.8853332364794], [-81.421827011268, 37.8837109973358]]]}, "properties": {"name": "4", "folder": "4", "style_id": "4", "stroke": "#6e6e6e", "stroke-opacity": 1.0, "stroke-width": 0, "fill": "#3b9dff", "fill-opacity": 1.0}}, {"type": "Feature", "geometry": {"type": "Polygon", "coordinates": [[[-81.3798632259441, 37.8830427448873], [-81.3798673924218, 37.8838538687748], [-81.3819142098703, 37.8838472463937], [-81.381910020944, 37.8830361226984], [-81.3798632259441, 37.8830427448873]]]}, "properties": {"name": "4", "folder": "4", "style_id": "4", "stroke": "#6e6e6e", "stroke-opacity": 1.0, "stroke-width": 0, "fill": "#3b9dff", "fill-opacity": 1.0}}, {"type": "Feature", "geometry": {"type": "Polygon", "coordinates": [[[-81.5118575175017, 37.8792983039928], [-81.5108341899274, 37.8793027487894], [-81.5108285879238, 37.8784916387223], [-81.5098052713458, 37.8784960744956], [-81.5098220443667, 37.8809294047449], [-81.5108453946091, 37.8809249685853], [-81.5108397921559, 37.8801138587437], [-81.5118631309516, 37.8801094138182], [-81.5118575175017, 37.8792983039928]]]}, "properties": {"name": "4", "folder": "4", "style_id": "4", "stroke": "#6e6e6e", "stroke-opacity": 1.0, "stroke-width": 0, "fill": "#3b9dff", "fill-opacity": 1.0}}, {"type": "Feature", "geometry": {"type": "Polygon", "coordinates": [[[-81.3747174676529, 37.877381270984], [-81.3747297957518, 37.8798146460983], [-81.3757531492742, 37.8798113843115], [-81.3757449079328, 37.8781891345371], [-81.376768238846, 37.878185864045], [-81.3767641072022, 37.8773747390841], [-81.3747174676529, 37.877381270984]]]}, "properties": {"name": "4", "folder": "4", "style_id": "4", "stroke": "#6e6e6e", "stroke-opacity": 1.0, "stroke-width": 0, "fill": "#3b9dff", "fill-opacity": 1.0}}, {"type": "Feature", "geometry": {"type": "Polygon", "coordinates": [[[-81.5086982879835, 37.8663338329812], [-81.5087038641875, 37.8671449449966], [-81.5107501834737, 37.8671360859451], [-81.5107445848412, 37.8663249741869], [-81.5086982879835, 37.8663338329812]]]}, "properties": {"name": "4", "folder": "4", "style_id": "4", "stroke": "#6e6e6e", "stroke-opacity": 1.0, "stroke-width": 0, "fill": "#3b9dff", "fill-opacity": 1.0}}, {"type": "Feature", "geometry": {"type": "Polygon", "coordinates": [[[-81.4820910642758, 37.8656346458316], [-81.4821016333226, 37.8672568764737], [-81.4810784676834, 37.8672610615061], [-81.4810890151481, 37.8688832919405], [-81.4790426383744, 37.8688916358176], [-81.4790478899924, 37.8697027511081], [-81.4780246900733, 37.8697069098304], [-81.4780299306858, 37.8705180251289], [-81.4739370840453, 37.8705345715833], [-81.4739422800008, 37.8713456872495], [-81.471895832994, 37.8713539073644], [-81.4719010067233, 37.8721650231566], [-81.470877771691, 37.8721691199948], [-81.4708829344102, 37.8729802357933], [-81.4698596879528, 37.8729843238579], [-81.469864839661, 37.8737954396624], [-81.4729346120656, 37.873783148434], [-81.4729397976365, 37.8745942637691], [-81.4749863339705, 37.8745860249134], [-81.4749915421877, 37.8753971398967], [-81.4770381001238, 37.8753888652284], [-81.4770328694684, 37.8745777504853], [-81.4790794041267, 37.8745694404849], [-81.4790741512441, 37.8737583258704], [-81.4821439179936, 37.8737457945354], [-81.4821597782454, 37.8761791369496], [-81.4801131999762, 37.8761875007941], [-81.4801184647113, 37.8769986149496], [-81.4790951640396, 37.8770027836524], [-81.4791004177656, 37.8778138978163], [-81.4780771056627, 37.877818057746], [-81.478087591305, 37.8794402859773], [-81.4770642565495, 37.8794444372539], [-81.4770694884645, 37.880255551321], [-81.4750227958805, 37.8802638274306], [-81.4750175864091, 37.8794527131232], [-81.4739942510251, 37.8794568377159], [-81.4739890529841, 37.8786457231762], [-81.4719424040334, 37.8786539454389], [-81.4719372286428, 37.8778428305478], [-81.4698906013031, 37.8778510169953], [-81.4698854485612, 37.877039901754], [-81.4668155396634, 37.8770521143644], [-81.4668411371203, 37.8811076912172], [-81.4637710580523, 37.8811198255433], [-81.4637761444918, 37.8819309409282], [-81.4647995156086, 37.8819269049309], [-81.4648046134754, 37.8827380200859], [-81.4729916647928, 37.8827054109242], [-81.4730020407221, 37.8843276390034], [-81.4709552342375, 37.8843358451445], [-81.4709604000654, 37.8851469592533], [-81.4689135703026, 37.8851551300467], [-81.4689187138878, 37.88596624428], [-81.4627781523094, 37.8859905438494], [-81.4627883053909, 37.8876127733888], [-81.461764855294, 37.8876167924116], [-81.4617597898774, 37.8868056775815], [-81.4586894720468, 37.8868176809177], [-81.4586945037855, 37.8876287960962], [-81.4576710528782, 37.8876327795297], [-81.4576861156254, 37.8900661247361], [-81.4587096002134, 37.8900621409557], [-81.4587297316115, 37.8933065991917], [-81.4566826724062, 37.8933145587784], [-81.456677661712, 37.8925034441574], [-81.4546306241607, 37.8925113679176], [-81.454625636125, 37.8917002529539], [-81.4536021282776, 37.8917042013711], [-81.4535971516703, 37.8908930861802], [-81.4525736548514, 37.8908970255844], [-81.4525637246914, 37.8892747946362], [-81.4505167753667, 37.8892826462936], [-81.4505118330394, 37.8884715304227], [-81.4494883693063, 37.888475442791], [-81.4494982317048, 37.8900976746474], [-81.4505217178923, 37.8900937620519], [-81.4505316035387, 37.8917159932307], [-81.4515551119839, 37.8917120715095], [-81.4515600663334, 37.8925231868162], [-81.4536071050845, 37.8925153164493], [-81.4536120820912, 37.893326431415], [-81.4556591425017, 37.8933185252231], [-81.4556741421008, 37.895751868756], [-81.4546505783054, 37.8957558266461], [-81.4546555673421, 37.8965669410466], [-81.450561265239, 37.8965826840647], [-81.4505662095502, 37.8973937988096], [-81.4495426222958, 37.8973977124271], [-81.449537689216, 37.8965865975687], [-81.4485141129951, 37.8965905021725], [-81.4485091913444, 37.8957793870881], [-81.4474856261569, 37.8957832826787], [-81.4474807159343, 37.8949721673686], [-81.4454336074298, 37.8949799316245], [-81.4454482713026, 37.8974132778928], [-81.4423775059963, 37.8974248585369], [-81.4423823606503, 37.8982359740706], [-81.4413587605926, 37.8982398165958], [-81.4413636042091, 37.8990509321284], [-81.4403399927246, 37.8990547658641], [-81.4403351603406, 37.8982436502202], [-81.43521715618, 37.8982626848308], [-81.43521238015, 37.8974515685219], [-81.4341887899731, 37.8974553486319], [-81.4341792609508, 37.895833115457], [-81.4331556930454, 37.8958368864476], [-81.4331604462298, 37.8966480032008], [-81.4321368669025, 37.8966517654005], [-81.432141609046, 37.8974628821503], [-81.4300944273577, 37.8974703800665], [-81.4300897076773, 37.8966592630991], [-81.4280425476945, 37.8966667251964], [-81.428037850666, 37.8958556078999], [-81.4270142816228, 37.8958593254902], [-81.4270095960135, 37.8950482079732], [-81.425986038013, 37.8950519165558], [-81.4259953869577, 37.8966741516925], [-81.4270189674202, 37.8966704428946], [-81.4270236534056, 37.8974815601864], [-81.4280472449116, 37.8974778423804], [-81.4280566399113, 37.8991000764106], [-81.4290802536934, 37.8990963494876], [-81.4290755448668, 37.8982852326369], [-81.4321463513799, 37.8982739987875], [-81.4321510939041, 37.8990851153122], [-81.4331747069276, 37.8990813527849], [-81.4331842150134, 37.9007035852781], [-81.4352314854202, 37.9006960330819], [-81.4352267088151, 37.8998849171108], [-81.4393212023912, 37.8998697063411], [-81.4393260239298, 37.9006808218708], [-81.4403496580745, 37.9006769968141], [-81.4403448253026, 37.8998658813954], [-81.4516046644275, 37.8998232195089], [-81.4516096207657, 37.9006343336895], [-81.4536568841412, 37.9006264610381], [-81.4536519053364, 37.899815347086], [-81.4567227652001, 37.8998034716926], [-81.4567127407948, 37.8981812441398], [-81.4577363378826, 37.8981772681037], [-81.4577313147498, 37.8973661542737], [-81.4587549004041, 37.8973621694526], [-81.4587498662415, 37.8965510556257], [-81.4618205882963, 37.8965390481082], [-81.461825656153, 37.8973501615866], [-81.4628492409964, 37.8973461411638], [-81.4628593997842, 37.8989683675494], [-81.4649066137871, 37.8989602995343], [-81.4649015118269, 37.898149186632], [-81.4638779161598, 37.8981532249728], [-81.4638677353166, 37.8965309985958], [-81.4628441619084, 37.8965350278021], [-81.4628289258671, 37.894101687041], [-81.4648760050966, 37.8940936204307], [-81.4648709043648, 37.8932825068525], [-81.467941487984, 37.893270340545], [-81.4679466224044, 37.8940814537701], [-81.4689701610955, 37.8940773804179], [-81.4689855992845, 37.8965107190626], [-81.4700091714602, 37.8965066364556], [-81.4700298035317, 37.8997510859307], [-81.4710534204283, 37.8997469939486], [-81.4710585901968, 37.900558105917], [-81.472082218119, 37.9005540049148], [-81.4720770371175, 37.8997428930654], [-81.4731006535987, 37.8997387832811], [-81.4730798867437, 37.896494335234], [-81.4720563151903, 37.8964984445413], [-81.4720407759278, 37.8940651069653], [-81.4710172378577, 37.8940692070155], [-81.4710017341531, 37.8916358680686], [-81.4740722466784, 37.8916235422933], [-81.4740670455073, 37.8908124294434], [-81.4771375224696, 37.8908000239414], [-81.4771741708694, 37.8964778090041], [-81.4781977413766, 37.8964736551965], [-81.4782082367021, 37.8980958782449], [-81.4792318294615, 37.8980917152956], [-81.4792265704618, 37.8972806039485], [-81.4802501517786, 37.8972764322197], [-81.4802396119504, 37.8956542094296], [-81.4812631705936, 37.8956500290431], [-81.4812473287479, 37.8932166943769], [-81.4843179023359, 37.8932041009153], [-81.4843072747927, 37.8915818779721], [-81.4832837729335, 37.8915860844474], [-81.483273168699, 37.8899638608093], [-81.4822496890825, 37.8899680581425], [-81.4822443985116, 37.8891569460326], [-81.4812209299099, 37.8891611343462], [-81.4812103718579, 37.8875389095452], [-81.4822338180066, 37.8875347214747], [-81.4822232383508, 37.885912496466], [-81.4811998146532, 37.8859166842935], [-81.4811945363686, 37.8851055714986], [-81.4822179488413, 37.8851013837927], [-81.4822126595441, 37.8842902710067], [-81.4842594614035, 37.8842818691495], [-81.484238216551, 37.8810374178542], [-81.485261572268, 37.8810332040706], [-81.4852562503655, 37.8802220910874], [-81.4883262825669, 37.8802093967345], [-81.488320927213, 37.8793982840071], [-81.4893442596292, 37.8793940348898], [-81.4893496262048, 37.8802051474939], [-81.4903729696273, 37.8802008893584], [-81.4903837258693, 37.8818231139813], [-81.4893603600021, 37.881827372364], [-81.4893764623135, 37.884260708824], [-81.4883530625605, 37.8842649586814], [-81.4883637760627, 37.8858871826713], [-81.4873403536456, 37.8858914238787], [-81.4873670850325, 37.8899469824968], [-81.4883905635805, 37.8899427406739], [-81.4883852056469, 37.8891316292987], [-81.4894086727529, 37.8891273787012], [-81.4894033038077, 37.8883162673367], [-81.492473670151, 37.8883034625298], [-81.492479072776, 37.8891145735226], [-81.4945260050415, 37.8891059922486], [-81.4945205799633, 37.8882948815048], [-81.4955440345431, 37.8882905776463], [-81.4955385984565, 37.8874794669147], [-81.4945151551029, 37.8874837706484], [-81.4944934578381, 37.8842393260955], [-81.4955168562918, 37.8842350228615], [-81.4955222915058, 37.8850461340438], [-81.497569110207, 37.885037500637], [-81.4975745680886, 37.8858486114561], [-81.4985979883356, 37.8858442812825], [-81.4985761132271, 37.8825998378325], [-81.4975527378763, 37.8826041675034], [-81.4975472808707, 37.8817930562335], [-81.4965239165239, 37.8817973768834], [-81.4965130256143, 37.8801751537545], [-81.4985597092, 37.8801665040615], [-81.4985542416298, 37.8793553925791], [-81.5006009018945, 37.8793467075591], [-81.5006118821415, 37.880968929907], [-81.5016352343872, 37.8809645738024], [-81.5016407360636, 37.8817756846808], [-81.5036874623371, 37.8817669455328], [-81.5036543209343, 37.8769002800931], [-81.5057009116655, 37.8768915068921], [-81.5057064571188, 37.8777026178259], [-81.5067297633709, 37.8776982177571], [-81.5067242066975, 37.8768871069511], [-81.510817384591, 37.8768694182499], [-81.5108117832618, 37.8760583078446], [-81.5118350659547, 37.8760538635641], [-81.5118126180113, 37.8728094213314], [-81.5097661421491, 37.872818299968], [-81.5097605531611, 37.8720071888702], [-81.5087373261108, 37.8720116147214], [-81.508731748564, 37.8712005033824], [-81.5077085325068, 37.8712049202133], [-81.5077029664005, 37.8703938086334], [-81.5056565560495, 37.8704026153639], [-81.5056510125987, 37.8695915034155], [-81.5046278183054, 37.8695958933159], [-81.5046222862927, 37.8687847811274], [-81.4995063675837, 37.8688065966248], [-81.4995118435179, 37.8696177094466], [-81.4984886478994, 37.8696220459985], [-81.4984941128372, 37.8704331588335], [-81.4974709057832, 37.8704374866196], [-81.4974654520615, 37.869626373659], [-81.4943958632366, 37.8696393032919], [-81.4943904433811, 37.8688281898433], [-81.4933672578863, 37.8688324818134], [-81.4933618494636, 37.8680213681276], [-81.4923386749671, 37.8680256510822], [-81.4923224846444, 37.8655923089754], [-81.4820910642758, 37.8656346458316]], [[-81.4862209443998, 37.8712956196272], [-81.4862156138429, 37.8704845054144], [-81.4851924041922, 37.8704887264999], [-81.4851977235324, 37.8712998408352], [-81.4862209443998, 37.8712956196272], [-81.4862262751707, 37.8721067337273], [-81.4872495070413, 37.8721025035044], [-81.4872548492438, 37.8729136173691], [-81.4882780921177, 37.8729093781309], [-81.4882727386977, 37.8720982643893], [-81.4872495070413, 37.8721025035044], [-81.4872441650533, 37.8712913895271], [-81.4862209443998, 37.8712956196272]]]}, "properties": {"name": "4", "folder": "4", "style_id": "4", "stroke": "#6e6e6e", "stroke-opacity": 1.0, "stroke-width": 0, "fill": "#3b9dff", "fill-opacity": 1.0}}, {"type": "Feature", "geometry": {"type": "Polygon", "coordinates": [[[-81.4329799592576, 37.8658254874524], [-81.4329847053893, 37.86663660837], [-81.4319615413147, 37.8666403665314], [-81.4319662764219, 37.8674514874456], [-81.4309431009424, 37.8674552368251], [-81.4309478250242, 37.8682663577356], [-81.4299246381397, 37.8682700983327], [-81.4299199252732, 37.8674589773136], [-81.4278735733679, 37.8674664316175], [-81.4278688831205, 37.8666553102695], [-81.4268457181003, 37.8666590239771], [-81.4268503971328, 37.8674701454329], [-81.4258272207098, 37.8674738503573], [-81.4258365569067, 37.8690960931465], [-81.426859755761, 37.869092388007], [-81.4268691151403, 37.870714630131], [-81.4258458938529, 37.8707183354856], [-81.4258505626071, 37.8715294564864], [-81.424827329915, 37.8715331530562], [-81.4248319876389, 37.8723442740518], [-81.4238087435422, 37.8723479618364], [-81.4238180371139, 37.873970203704], [-81.422794770394, 37.8739738828096], [-81.4227994062405, 37.8747850036814], [-81.4217761281155, 37.8747886740004], [-81.4217946284811, 37.8780331567887], [-81.4207713052897, 37.8780368186395], [-81.4207759196238, 37.8788479391615], [-81.4197525850259, 37.878851592224], [-81.4197617918057, 37.8804738331425], [-81.4207851488477, 37.880470179868], [-81.4207897637374, 37.8812813000525], [-81.4218131318168, 37.8812776377765], [-81.421827011268, 37.8837109973358], [-81.4269440172247, 37.8836925509181], [-81.4269393344353, 37.8828814317129], [-81.425915944842, 37.8828851386813], [-81.425911273464, 37.882074019256], [-81.4248878949068, 37.882077717221], [-81.4248832349394, 37.8812665975759], [-81.4238598674183, 37.8812702865382], [-81.4238459223047, 37.8788369266062], [-81.4248692561592, 37.8788332379651], [-81.4248645969398, 37.8780221178698], [-81.4269112416448, 37.8780147141186], [-81.4269159233068, 37.878825833999], [-81.427939256599, 37.8788221186739], [-81.4279439496706, 37.879633238334], [-81.4289672939962, 37.8796295140062], [-81.4289719984783, 37.8804406334456], [-81.431018709007, 37.8804331578884], [-81.4310092553438, 37.878810919331], [-81.4299859226179, 37.87881466134], [-81.4299812072921, 37.8780035417839], [-81.4289578855983, 37.8780072747898], [-81.4289437744172, 37.8755739151212], [-81.4340602126842, 37.8755551627809], [-81.4340411760432, 37.8723106838246], [-81.4381341437215, 37.8722955236284], [-81.4381245368077, 37.8706732843551], [-81.4391477558118, 37.870669472296], [-81.4391429414274, 37.8698583526012], [-81.4422125636284, 37.8698468634056], [-81.4422077157885, 37.8690357439317], [-81.4452773025901, 37.8690241750465], [-81.445287065763, 37.87064641321], [-81.4442638479249, 37.8706502786209], [-81.4442687185881, 37.871461397646], [-81.4432454893375, 37.871465254277], [-81.4432552088148, 37.8730874922134], [-81.4422319569336, 37.8730913401755], [-81.4422368057464, 37.8739024590865], [-81.4412135424521, 37.8739062982673], [-81.4412232182231, 37.8755285359746], [-81.4401999322964, 37.8755323664847], [-81.4402047592533, 37.8763434852807], [-81.4391814619131, 37.8763473070082], [-81.439200726794, 37.8795917815103], [-81.4381773843766, 37.8795955947867], [-81.4381869955322, 37.8812178315838], [-81.4402337250629, 37.8812101956928], [-81.4402433818828, 37.8828324315962], [-81.4392199947677, 37.8828362542113], [-81.4392248122444, 37.8836473721051], [-81.4382014137121, 37.8836511859351], [-81.4382062201578, 37.884462303827], [-81.4371828102082, 37.8844661088712], [-81.4371924012283, 37.8860883445384], [-81.440262697848, 37.8860769020523], [-81.440257868566, 37.8852657846071], [-81.444351549776, 37.8852504038489], [-81.4443369284009, 37.8828170521772], [-81.4433135420637, 37.8828209103757], [-81.4433086798866, 37.8820097928147], [-81.4443320550005, 37.8820059347282], [-81.4443271817955, 37.8811948171665], [-81.4453505454909, 37.8811909502967], [-81.445345661259, 37.8803798327347], [-81.4463690135359, 37.880375957082], [-81.4463543283516, 37.8779426040581], [-81.448400964986, 37.8779348267447], [-81.4483911309636, 37.8763125912841], [-81.4494144265441, 37.8763086895125], [-81.4493996433323, 37.8738753358169], [-81.4504229050573, 37.8738714254921], [-81.4504130281351, 37.8722491893591], [-81.4514362672255, 37.8722452703689], [-81.4514313178442, 37.8714341522473], [-81.4524545455184, 37.8714302244786], [-81.4524495851187, 37.8706191063585], [-81.4555192332943, 37.870607270043], [-81.4555442055524, 37.8746628577999], [-81.4545209336042, 37.8746668127043], [-81.4545358857053, 37.8771001643517], [-81.4535125798979, 37.8771041107065], [-81.4535225265237, 37.8787263448042], [-81.452499198075, 37.8787302824937], [-81.4525140858448, 37.8811636331386], [-81.4545608098744, 37.8811557481787], [-81.4545657953084, 37.8819668646063], [-81.4555891682462, 37.8819629086685], [-81.4555841715894, 37.8811517923558], [-81.4566075331038, 37.8811478276376], [-81.456602525425, 37.8803367113273], [-81.4576258755161, 37.8803327378292], [-81.457615838318, 37.8787105051015], [-81.4586391657643, 37.8787065229396], [-81.4586341362463, 37.8778954065224], [-81.4596574522697, 37.8778914155818], [-81.4596524117329, 37.8770802991679], [-81.4606757163335, 37.8770762994492], [-81.4606706647789, 37.8762651830388], [-81.4616939579566, 37.8762611745425], [-81.4616787708516, 37.8738278249845], [-81.4627020301685, 37.8738238079444], [-81.4626868112383, 37.8713904577226], [-81.4637100366981, 37.8713864321402], [-81.4637049529116, 37.8705753152912], [-81.4647281669504, 37.8705712809338], [-81.4647179775569, 37.8689490471322], [-81.4657411689588, 37.8689450041177], [-81.4657462747694, 37.8697561209574], [-81.4708622847764, 37.8697357719237], [-81.4708571228859, 37.8689246556747], [-81.47392669276, 37.868912339913], [-81.4739214974301, 37.8681012239089], [-81.4759678538735, 37.8680929691843], [-81.475962636322, 37.8672818533071], [-81.4769858030148, 37.8672777127285], [-81.4769805744581, 37.8664665968589], [-81.4780037297265, 37.8664624475099], [-81.4779984901655, 37.8656513316482], [-81.4329799592576, 37.8658254874524]], [[-81.4299340644401, 37.8698923400332], [-81.429938777874, 37.8707034607147], [-81.4289155571513, 37.8707071927455], [-81.4289249621517, 37.8723294339876], [-81.4309714482776, 37.8723219606], [-81.4309572737568, 37.869888599219], [-81.4299340644401, 37.8698923400332]], [[-81.4473335008509, 37.8706386557122], [-81.4473384051654, 37.8714497743998], [-81.4463151765025, 37.8714536577075], [-81.4463200697963, 37.8722647763953], [-81.4452968297195, 37.8722686509232], [-81.4453017119917, 37.8730797696109], [-81.444278460501, 37.8730836353585], [-81.4442833317506, 37.8738947540459], [-81.443260068846, 37.8738986110127], [-81.4432746501099, 37.8763319667353], [-81.4463445392109, 37.8763203681459], [-81.446329856973, 37.8738870134333], [-81.4473531192897, 37.8738831297875], [-81.4473433096767, 37.872260892975], [-81.4483665493602, 37.8722570006621], [-81.4483567180999, 37.8706347636253], [-81.4473335008509, 37.8706386557122]], [[-81.4575706808948, 37.8714104522527], [-81.4575907488472, 37.8746549213115], [-81.4565674773003, 37.8746588940023], [-81.4565774900456, 37.8762811280868], [-81.4586240778159, 37.8762731733502], [-81.4586190489034, 37.8754620565952], [-81.4596423312664, 37.8754580660021], [-81.4596171336394, 37.8714024811171], [-81.4575706808948, 37.8714104522527]], [[-81.4677721676544, 37.8665035409261], [-81.4677824231107, 37.8681257746977], [-81.4708519612025, 37.8681135393131], [-81.4708416384571, 37.8664913062519], [-81.4677721676544, 37.8665035409261]]]}, "properties": {"name": "4", "folder": "4", "style_id": "4", "stroke": "#6e6e6e", "stroke-opacity": 1.0, "stroke-width": 0, "fill": "#3b9dff", "fill-opacity": 1.0}}, {"type": "Feature", "geometry": {"type": "Polygon", "coordinates": [[[-81.4176326466095, 37.8658809247334], [-81.4176463809013, 37.868314291977], [-81.419692758966, 37.8683070152826], [-81.4196973598626, 37.8691181372609], [-81.4207205598342, 37.8691144854708], [-81.4207021124944, 37.8658699973067], [-81.4176326466095, 37.8658809247334]]]}, "properties": {"name": "4", "folder": "4", "style_id": "4", "stroke": "#6e6e6e", "stroke-opacity": 1.0, "stroke-width": 0, "fill": "#3b9dff", "fill-opacity": 1.0}}, {"type": "Feature", "geometry": {"type": "Polygon", "coordinates": [[[-81.4094473961995, 37.8659096733531], [-81.4094518843959, 37.8667207967147], [-81.4084287160648, 37.8667243503877], [-81.4084331932262, 37.86753547374], [-81.4094563727725, 37.8675319199639], [-81.4094698389829, 37.8699652890363], [-81.4084466257886, 37.869968843122], [-81.4084600599682, 37.8724022114916], [-81.407436812942, 37.8724057569941], [-81.407441280143, 37.873216879662], [-81.4064180217193, 37.8732204163745], [-81.4064269342212, 37.874842661578], [-81.4043803719619, 37.8748497087334], [-81.4043848060418, 37.875660831371], [-81.4033615134253, 37.8756643417104], [-81.4033659364631, 37.8764754643374], [-81.402342632449, 37.8764789658847], [-81.4023470444437, 37.8772900885009], [-81.4013237290319, 37.8772935812556], [-81.4013281299827, 37.8781047038607], [-81.3992814761878, 37.8781116628894], [-81.399294612768, 37.8805450306357], [-81.4003179734194, 37.880541555266], [-81.4003135831612, 37.8797304328972], [-81.401336932414, 37.8797269487333], [-81.40133253111, 37.8789158263532], [-81.4033792066414, 37.8789088315435], [-81.4033703596784, 37.8772865868519], [-81.4054169896147, 37.8772795568712], [-81.4054125439583, 37.8764684345608], [-81.4074591507399, 37.8764613692083], [-81.4074636188374, 37.8772724913137], [-81.40848693318, 37.8772689451936], [-81.4085003722126, 37.8797023105259], [-81.4095237200397, 37.879698755202], [-81.4095282112992, 37.8805098766512], [-81.4105515701684, 37.8805063123289], [-81.4105425653855, 37.8788840695248], [-81.4115659016299, 37.8788804965146], [-81.4115568751274, 37.877258253468], [-81.4105335613255, 37.8772618262707], [-81.4105155553732, 37.8740173384126], [-81.4115388242958, 37.8740137660247], [-81.4115343120406, 37.8732026438826], [-81.4125575695635, 37.8731990627055], [-81.4125620930373, 37.8740101847436], [-81.4146086299753, 37.8740029955019], [-81.4146040840641, 37.8731918736725], [-81.4135808269048, 37.8731954726354], [-81.4135717580656, 37.8715732284301], [-81.4125485231603, 37.8715768182917], [-81.4125394774832, 37.869954573428], [-81.4135626899542, 37.8699509837748], [-81.4135490891518, 37.8675176159481], [-81.4125259103287, 37.8675212052887], [-81.4125213883068, 37.8667100823506], [-81.4114982205174, 37.8667136626962], [-81.4114937098916, 37.8659025395417], [-81.4094473961995, 37.8659096733531]]]}, "properties": {"name": "4", "folder": "4", "style_id": "4", "stroke": "#6e6e6e", "stroke-opacity": 1.0, "stroke-width": 0, "fill": "#3b9dff", "fill-opacity": 1.0}}, {"type": "Feature", "geometry": {"type": "Polygon", "coordinates": [[[-81.4043316088252, 37.8659273522962], [-81.404340473249, 37.8675495999335], [-81.4053636535112, 37.8675460817218], [-81.4053680972056, 37.8683572052696], [-81.4063912885051, 37.8683536780644], [-81.4063868335952, 37.867542554619], [-81.4074100135003, 37.8675390186251], [-81.407405547554, 37.8667278951699], [-81.406382378864, 37.8667314310612], [-81.4063779243116, 37.8659203073908], [-81.4043316088252, 37.8659273522962]]]}, "properties": {"name": "4", "folder": "4", "style_id": "4", "stroke": "#6e6e6e", "stroke-opacity": 1.0, "stroke-width": 0, "fill": "#3b9dff", "fill-opacity": 1.0}}, {"type": "Feature", "geometry": {"type": "Polygon", "coordinates": [[[-81.4012621342627, 37.8659378529747], [-81.4012665327415, 37.8667489771544], [-81.4002433629857, 37.8667524597004], [-81.4002477504258, 37.8675635838688], [-81.4022941121914, 37.8675566096834], [-81.4022852926273, 37.8659343616392], [-81.4012621342627, 37.8659378529747]]]}, "properties": {"name": "4", "folder": "4", "style_id": "4", "stroke": "#6e6e6e", "stroke-opacity": 1.0, "stroke-width": 0, "fill": "#3b9dff", "fill-opacity": 1.0}}, {"type": "Feature", "geometry": {"type": "Polygon", "coordinates": [[[-81.4774834739863, 37.9443332065551], [-81.4774782254561, 37.9435221013906], [-81.4754297794965, 37.9435303962536], [-81.4754350055119, 37.9443415016588], [-81.4774834739863, 37.9443332065551]]]}, "properties": {"name": "5", "folder": "5", "style_id": "5", "stroke": "#6e6e6e", "stroke-opacity": 1.0, "stroke-width": 0, "fill": "#70ffd2", "fill-opacity": 1.0}}, {"type": "Feature", "geometry": {"type": "Polygon", "coordinates": [[[-81.4610804982769, 37.9419652473456], [-81.4610906344876, 37.943587461805], [-81.4631390862448, 37.9435794165648], [-81.4631441771704, 37.9443905233921], [-81.4662168870451, 37.9443783883161], [-81.4662117623469, 37.9435672818409], [-81.4641633118171, 37.9435753805719], [-81.4641582098388, 37.942764273749], [-81.4631339955235, 37.9427683096248], [-81.4631289050066, 37.9419572025721], [-81.4610804982769, 37.9419652473456]]]}, "properties": {"name": "5", "folder": "5", "style_id": "5", "stroke": "#6e6e6e", "stroke-opacity": 1.0, "stroke-width": 0, "fill": "#70ffd2", "fill-opacity": 1.0}}, {"type": "Feature", "geometry": {"type": "Polygon", "coordinates": [[[-81.472362301228, 37.9443538774493], [-81.472357108985, 37.9435427716851], [-81.4713328850637, 37.9435468789988], [-81.4713225237164, 37.941924666894], [-81.4702983221007, 37.9419287650548], [-81.4702931529951, 37.9411176587144], [-81.469268962428, 37.941121747842], [-81.4692638047856, 37.9403106412703], [-81.4682396252672, 37.9403147213652], [-81.468244771654, 37.9411258280553], [-81.4672205806733, 37.9411298993543], [-81.4672257160106, 37.9419410060498], [-81.4682499182474, 37.9419369346327], [-81.4682550650473, 37.9427480410974], [-81.4672308515539, 37.9427521126326], [-81.4672411232591, 37.9443743254601], [-81.472362301228, 37.9443538774493]]]}, "properties": {"name": "5", "folder": "5", "style_id": "5", "stroke": "#6e6e6e", "stroke-opacity": 1.0, "stroke-width": 0, "fill": "#70ffd2", "fill-opacity": 1.0}}, {"type": "Feature", "geometry": {"type": "Polygon", "coordinates": [[[-81.4149683341009, 37.9380812644472], [-81.4149728946316, 37.9388923772738], [-81.4159970617817, 37.9388887609273], [-81.4160016337507, 37.9396998735363], [-81.4180499900102, 37.9396926138913], [-81.418054584674, 37.9405037261772], [-81.4221513399988, 37.9404890994941], [-81.4221559798714, 37.9413002112431], [-81.4252285781792, 37.9412891473096], [-81.4252239045385, 37.9404780358816], [-81.4272722799611, 37.9404706155684], [-81.4272816724551, 37.9420928378813], [-81.4283058823963, 37.9420891141372], [-81.428310590183, 37.9429002250167], [-81.4313832526418, 37.9428889999702], [-81.4313879943895, 37.9437001104115], [-81.4334364575925, 37.9436925822536], [-81.4334412220461, 37.9445036923638], [-81.4365139491885, 37.9444923329328], [-81.4365091509615, 37.9436812231521], [-81.4354849200305, 37.9436850184345], [-81.4354801332535, 37.9428739084311], [-81.4334316933301, 37.9428814720307], [-81.433426929259, 37.9420703616952], [-81.4313785110844, 37.9420778894164], [-81.4313737697173, 37.9412667787499], [-81.4303495716008, 37.9412705291295], [-81.43034484168, 37.9404594182416], [-81.4293206546296, 37.9404631595982], [-81.4293112178683, 37.9388409372675], [-81.4282870531391, 37.9388446694932], [-81.4282823462972, 37.9380335580507], [-81.4252098847419, 37.938044700922], [-81.4252145578199, 37.9388558126878], [-81.4170212287482, 37.938885135667], [-81.417016645708, 37.9380740230505], [-81.4149683341009, 37.9380812644472]]]}, "properties": {"name": "5", "folder": "5", "style_id": "5", "stroke": "#6e6e6e", "stroke-opacity": 1.0, "stroke-width": 0, "fill": "#70ffd2", "fill-opacity": 1.0}}, {"type": "Feature", "geometry": {"type": "Polygon", "coordinates": [[[-81.3750096311626, 37.9349708772509], [-81.3750590932141, 37.9447042758239], [-81.3883743659257, 37.944661078611], [-81.3883658278894, 37.9430388491466], [-81.384268914003, 37.9430523003003], [-81.3842646902708, 37.9422411850091], [-81.3791436003878, 37.942257797876], [-81.3791477678336, 37.9430689136492], [-81.3781235380961, 37.9430722095731], [-81.3781193819075, 37.9422610937044], [-81.3770951632604, 37.9422643806177], [-81.3770910184955, 37.9414532645411], [-81.3781152258857, 37.9414499777231], [-81.3780902932581, 37.9365832794733], [-81.3770661533994, 37.9365865657192], [-81.3770578663647, 37.9349643318786], [-81.3750096311626, 37.9349708772509]]]}, "properties": {"name": "5", "folder": "5", "style_id": "5", "stroke": "#6e6e6e", "stroke-opacity": 1.0, "stroke-width": 0, "fill": "#70ffd2", "fill-opacity": 1.0}}, {"type": "Feature", "geometry": {"type": "Polygon", "coordinates": [[[-81.4231987858757, 37.9445409776229], [-81.4231894823115, 37.9429187551265], [-81.4221652601753, 37.9429224344033], [-81.4221606199302, 37.9421113228795], [-81.4201121976133, 37.942118654475], [-81.4201075800675, 37.9413075426259], [-81.4149865773223, 37.941325715078], [-81.4149820162423, 37.9405146025892], [-81.4119094461629, 37.940525398772], [-81.4119049190331, 37.9397142858574], [-81.4098565605822, 37.9397214385334], [-81.4098520561445, 37.9389103252987], [-81.4088278879029, 37.9389138881622], [-81.4088233949008, 37.9381027747116], [-81.4077992377336, 37.9381063285581], [-81.4077947561662, 37.9372952148919], [-81.4047223173503, 37.9373058226421], [-81.4047178697246, 37.9364947085555], [-81.4036937343488, 37.9364982265435], [-81.4036892981551, 37.9356871122423], [-81.4026651738548, 37.9356906212154], [-81.4026607490922, 37.9348795066999], [-81.3995884088866, 37.9348899798381], [-81.3995927998901, 37.9357010946575], [-81.3985686748821, 37.9357045679791], [-81.3985730548083, 37.9365156827867], [-81.3965247817582, 37.9365226028922], [-81.3965204243391, 37.9357114878839], [-81.3944721730965, 37.9357183721371], [-81.3944765080085, 37.9365294873452], [-81.3934523708725, 37.9365329162019], [-81.3934653428892, 37.9389662614495], [-81.3924411718161, 37.9389696816908], [-81.3924239211579, 37.9357252207388], [-81.390375668527, 37.9357320336889], [-81.3903713788014, 37.9349209179719], [-81.3893472634806, 37.9349243109792], [-81.3893429851799, 37.9341131950513], [-81.3862706719469, 37.9341233203034], [-81.3862664275747, 37.9333122039693], [-81.3872905209044, 37.9333088378953], [-81.3872862654508, 37.9324977215463], [-81.3883103473579, 37.9324943466581], [-81.3883018144607, 37.9308721138184], [-81.3872777550559, 37.9308754885107], [-81.3872735001146, 37.9300643718242], [-81.3862494517894, 37.9300677375076], [-81.3862409649188, 37.9284455036018], [-81.3852169389228, 37.9284488601792], [-81.3852084752312, 37.9268266256286], [-81.3841844715631, 37.9268299731013], [-81.3841802512203, 37.9260188555601], [-81.3852042436401, 37.9260155081846], [-81.3851957809676, 37.9243932729591], [-81.3862197507226, 37.9243899168685], [-81.3862112662362, 37.9227676813877], [-81.3851873189744, 37.9227710372835], [-81.3851830882325, 37.9219599192771], [-81.3841591520469, 37.921963266167], [-81.3841507135631, 37.9203410296223], [-81.3831267996987, 37.92034436741], [-81.3831057626711, 37.9162887735956], [-81.3820819048563, 37.9162921019923], [-81.3820693183917, 37.9138587440643], [-81.3810454941343, 37.9138620632653], [-81.3810371264814, 37.9122398238915], [-81.3800133245376, 37.9122431339945], [-81.3800091522032, 37.9114320140429], [-81.3789853613321, 37.9114353151446], [-81.3789812004047, 37.9106241949847], [-81.3779574206063, 37.9106274870857], [-81.3779615702939, 37.9114386073411], [-81.3769377790892, 37.9114418906324], [-81.3769460564835, 37.9130641309964], [-81.375922242632, 37.9130674055726], [-81.3759346262448, 37.9155007655602], [-81.3749107785031, 37.9155040315149], [-81.3749478370917, 37.9228041062576], [-81.3769957348051, 37.9227975637333], [-81.3769667528764, 37.9171197299383], [-81.3779906227715, 37.91711644598], [-81.3779781707102, 37.9146830872381], [-81.3800258425458, 37.9146764931746], [-81.380055057094, 37.9203543273249], [-81.3810789714637, 37.9203510162613], [-81.3810831568857, 37.9211621348796], [-81.3821070823325, 37.9211588148116], [-81.3821154761721, 37.9227810515182], [-81.3800675801275, 37.9227876831307], [-81.3800801046691, 37.9252210379243], [-81.3790561226545, 37.9252243406548], [-81.3790602865891, 37.9260354587901], [-81.3780362931596, 37.9260387527066], [-81.378040446013, 37.9268498708251], [-81.3770164411686, 37.926853155927], [-81.3770247248777, 37.9284753920172], [-81.3760006973692, 37.9284786683991], [-81.3760130904295, 37.930912021976], [-81.3790852737064, 37.9309021652403], [-81.3790811087689, 37.9300910477798], [-81.380105158277, 37.9300877444743], [-81.3801135108205, 37.9317099790912], [-81.3831857258414, 37.9317000151297], [-81.383181515733, 37.9308888981666], [-81.3862536954802, 37.9308788542918], [-81.3862621833729, 37.9325010875226], [-81.3852381011246, 37.9325044445871], [-81.3852423340746, 37.9333155611311], [-81.3842182404046, 37.9333189093808], [-81.3842224622723, 37.9341300259095], [-81.3831983571806, 37.934133365344], [-81.383202567965, 37.9349444818571], [-81.3821784514515, 37.9349478124757], [-81.382191051058, 37.9373811616299], [-81.3842393514377, 37.9373744908994], [-81.3842435741528, 37.9381856068656], [-81.3852677353432, 37.938182258033], [-81.3852719694827, 37.9389933737896], [-81.3873203138632, 37.9389866491882], [-81.3873160572137, 37.9381755336267], [-81.3883402178928, 37.9381721580531], [-81.3883359501597, 37.937361042477], [-81.3903842484947, 37.9373542647852], [-81.3903885387368, 37.9381653801647], [-81.3893643784007, 37.9381687735657], [-81.3893686575601, 37.9389798889311], [-81.3903928291512, 37.9389764954316], [-81.3904014104965, 37.9405987256278], [-81.3914256044266, 37.940595323017], [-81.3914299066139, 37.9414064378476], [-81.3934783164681, 37.9413996056844], [-81.3934739917682, 37.9405884910519], [-81.3944981851788, 37.9405850616977], [-81.3944895137886, 37.9389628322943], [-81.396537855065, 37.9389559472421], [-81.3965465714776, 37.9405781762461], [-81.3975707643647, 37.9405747201486], [-81.3975751340896, 37.9413858343815], [-81.3985993380577, 37.9413823692691], [-81.3985905762712, 37.9397601408918], [-81.3996147575513, 37.9397566670663], [-81.3996015824258, 37.9373233239586], [-81.400625729765, 37.937319841522], [-81.4006213271551, 37.9365087270288], [-81.4016454630636, 37.9365052357801], [-81.4016498769275, 37.9373163501721], [-81.4026740239129, 37.9373128499088], [-81.4026784492084, 37.9381239640867], [-81.40575092286, 37.9381134095104], [-81.4057553820976, 37.9389245232695], [-81.406779550879, 37.9389209871476], [-81.4067840215508, 37.9397321006916], [-81.407808201408, 37.939728555553], [-81.4078126835151, 37.9405396688816], [-81.408836874448, 37.9405361147257], [-81.4088413679912, 37.9413472278387], [-81.4129381749394, 37.9413329216567], [-81.4129427136893, 37.942144034242], [-81.4190879861766, 37.9421223069006], [-81.4190925926508, 37.942933418743], [-81.4201168153444, 37.9429297662115], [-81.4201260513628, 37.9445519893467], [-81.4231987858757, 37.9445409776229]]]}, "properties": {"name": "5", "folder": "5", "style_id": "5", "stroke": "#6e6e6e", "stroke-opacity": 1.0, "stroke-width": 0, "fill": "#70ffd2", "fill-opacity": 1.0}}, {"type": "Feature", "geometry": {"type": "Polygon", "coordinates": [[[-81.5121722178925, 37.9247202805522], [-81.5111482612225, 37.9247247325781], [-81.5111538760562, 37.9255358362173], [-81.5101299079142, 37.9255402794632], [-81.5101243043272, 37.9247291756951], [-81.5080763898623, 37.9247380352023], [-81.5080708089928, 37.9239269310643], [-81.5060229161245, 37.9239357546797], [-81.5060284745014, 37.9247468590737], [-81.503980558248, 37.9247556473094], [-81.5039860943545, 37.9255667518456], [-81.5029621246475, 37.9255711327271], [-81.5029676497289, 37.9263822372776], [-81.5019436685529, 37.9263866093767], [-81.5019491826084, 37.9271977139413], [-81.5029731750321, 37.9271933417153], [-81.5029787005571, 37.9280044460403], [-81.507074713022, 37.927986867529], [-81.507080283763, 37.9287979712312], [-81.5081042975699, 37.9287935542003], [-81.5081266277689, 37.9320379673685], [-81.5071025689632, 37.9320423849121], [-81.5071192852116, 37.9344756939885], [-81.508143377771, 37.9344712760604], [-81.5081489615533, 37.9352823787321], [-81.5091730651408, 37.9352779517635], [-81.5091898515916, 37.9377112587166], [-81.508165714245, 37.9377156860704], [-81.5081601297903, 37.9369045837371], [-81.506111876932, 37.9369134114495], [-81.5061063152076, 37.9361023087473], [-81.5050821996965, 37.9361067091066], [-81.505076649448, 37.9352956061639], [-81.5030284402631, 37.9353043798902], [-81.5030229127418, 37.9344932765803], [-81.5019988190685, 37.9344976499481], [-81.5019822715895, 37.9320643389608], [-81.4999341510871, 37.9320730582013], [-81.4999286582044, 37.9312619540603], [-81.4989046088727, 37.9312663001875], [-81.4988991274604, 37.9304551958077], [-81.4978750891587, 37.930459532898], [-81.4978368041697, 37.9247817982012], [-81.4957888843828, 37.9247904438933], [-81.4957834384695, 37.9239793382347], [-81.4947594894944, 37.9239836475922], [-81.4947540550456, 37.9231725416959], [-81.4937301170983, 37.9231768420198], [-81.4937246941131, 37.922365735886], [-81.4927007671937, 37.9223700271769], [-81.4926899443661, 37.9207478143219], [-81.4916660397191, 37.9207520964561], [-81.4916498408377, 37.9183187759554], [-81.4906259697052, 37.9183230488099], [-81.4906205817544, 37.9175119416269], [-81.4895967216485, 37.9175162054507], [-81.4895805928191, 37.915082882854], [-81.4885567662233, 37.9150871374008], [-81.4885514016194, 37.9142760295197], [-81.4854799542651, 37.9142887393554], [-81.4854746235984, 37.9134776309927], [-81.4834270134396, 37.9134860594435], [-81.4834217054672, 37.9126749507235], [-81.4813741169366, 37.9126833433089], [-81.4813688316568, 37.9118722342327], [-81.4793212647572, 37.9118805909548], [-81.4793160021681, 37.9110694815234], [-81.4772684569024, 37.9110778023842], [-81.4772632170023, 37.9102666925987], [-81.4752156933731, 37.9102749776001], [-81.4752104761602, 37.9094638674615], [-81.4741867252698, 37.9094679964857], [-81.4741815195043, 37.9086568861146], [-81.4721340395731, 37.9086651172115], [-81.47214440636, 37.9102873383188], [-81.4731681689063, 37.9102832269838], [-81.4731837543652, 37.9127165574417], [-81.471136161628, 37.9127247719225], [-81.4711309887463, 37.9119136616441], [-81.4670358457437, 37.9119299832689], [-81.4670307180272, 37.9111188724042], [-81.4629356166895, 37.9111350510791], [-81.4629457824107, 37.9127572736346], [-81.4639695805317, 37.9127532420891], [-81.4639746749387, 37.9135643530809], [-81.4660222930475, 37.9135562630393], [-81.4660274101406, 37.9143673736837], [-81.4690988694847, 37.9143551714755], [-81.4691040205069, 37.9151662816532], [-81.4731993417007, 37.9151498868855], [-81.4732045378963, 37.9159609964747], [-81.475252219727, 37.9159527454153], [-81.4752574386153, 37.9167638546524], [-81.4762812904587, 37.9167597156432], [-81.476286520799, 37.9175708246475], [-81.480381971039, 37.9175541790624], [-81.4803872465611, 37.918365287471], [-81.4844827383849, 37.9183484988905], [-81.4845093440568, 37.9224040368073], [-81.4834854151987, 37.9224082479238], [-81.4834801048824, 37.9215971404437], [-81.4814322690177, 37.9216055357083], [-81.4814587102703, 37.9256610731997], [-81.4783867861912, 37.9256736011035], [-81.4783815312572, 37.9248624934672], [-81.4773575673887, 37.9248666514958], [-81.4773418375903, 37.9224333275486], [-81.4763179072498, 37.922437476307], [-81.4763074442597, 37.9208152595379], [-81.4752835361991, 37.9208193991477], [-81.4752783162633, 37.920008290474], [-81.4742544192376, 37.9200124210561], [-81.4742492107553, 37.9192013121499], [-81.4722014385649, 37.9192095463524], [-81.4721962527784, 37.9183984370946], [-81.4711723776143, 37.9184025407158], [-81.4670768748853, 37.9184188661299], [-81.4670820044543, 37.9192299759805], [-81.4660581170127, 37.919234035184], [-81.4660632355437, 37.9200451450398], [-81.4670871342293, 37.9200410857184], [-81.4670922642101, 37.9208521953437], [-81.4701639927627, 37.9208399635791], [-81.470169156684, 37.9216510727367], [-81.4711930770324, 37.9216469775473], [-81.4712034279877, 37.923269195287], [-81.4722273706194, 37.9232650909513], [-81.4722325576548, 37.924076199533], [-81.4640409208404, 37.9241087857222], [-81.4640460181109, 37.9249198951367], [-81.463022051337, 37.9249239284373], [-81.4630169653132, 37.9241128189058], [-81.4619930095819, 37.9241168431804], [-81.4619828606388, 37.9224946235458], [-81.4609589271959, 37.9224986386785], [-81.4609538642752, 37.9216875285757], [-81.4599299418744, 37.9216915346838], [-81.459919839132, 37.9200693139078], [-81.4588959390178, 37.9200733108757], [-81.4588858595739, 37.9184510894171], [-81.4578619817451, 37.9184550772459], [-81.4578569535697, 37.9176439662319], [-81.4568330867821, 37.9176479450382], [-81.4568280700512, 37.9168368337961], [-81.455804214305, 37.9168408035802], [-81.4557992090176, 37.9160296921103], [-81.4547753643128, 37.9160336528729], [-81.4547653768239, 37.9144114293653], [-81.4537415544017, 37.9144153809921], [-81.4537365721988, 37.9136042689547], [-81.4506651374571, 37.9136160700576], [-81.4506700859372, 37.9144271824375], [-81.4496462627179, 37.9144310984408], [-81.4496512001553, 37.9152422108217], [-81.450675034616, 37.9152382947047], [-81.4506799834934, 37.9160494068594], [-81.4517038289973, 37.9160454817223], [-81.451713749833, 37.9176677054659], [-81.4527376176229, 37.9176637711942], [-81.4527425895826, 37.9184748827828], [-81.453766468416, 37.9184709394898], [-81.4537714518188, 37.9192820508514], [-81.4547953416959, 37.9192780985365], [-81.4548003365428, 37.9200892096708], [-81.4558242374634, 37.9200852483335], [-81.4558442638368, 37.9233296912844], [-81.4568682095371, 37.9233257205787], [-81.4568832651675, 37.9257590512634], [-81.4579072444066, 37.9257550713025], [-81.4579122746006, 37.92656618119], [-81.4589362648855, 37.9265621922039], [-81.4589513904245, 37.9289955208432], [-81.4558793177276, 37.9290074621116], [-81.4558743094259, 37.9281963523314], [-81.4538262824535, 37.9282042683947], [-81.45382129685, 37.9273931582722], [-81.4527972943119, 37.9273971028241], [-81.4527873462009, 37.9257748820122], [-81.4517633659591, 37.9257788174256], [-81.4517584034503, 37.9249677067365], [-81.4507344342565, 37.9249716331265], [-81.4507195816641, 37.9225383000416], [-81.4496956460107, 37.9225422171814], [-81.4496907067894, 37.9217311058142], [-81.4486667821831, 37.9217350139321], [-81.4486717101589, 37.9225461254127], [-81.4476477741094, 37.9225500247356], [-81.4476526910371, 37.9233611362167], [-81.4466287435443, 37.9233650267439], [-81.4466336494229, 37.9241761382253], [-81.4456096904869, 37.9241800199564], [-81.4456194803409, 37.9258022428066], [-81.446643461771, 37.9257983608502], [-81.4466483682405, 37.9266094719938], [-81.4486963530051, 37.9266016811264], [-81.4487012821678, 37.9274127919312], [-81.4497252855018, 37.9274088830195], [-81.4497351669184, 37.9290311040644], [-81.4507591925517, 37.9290271860153], [-81.4507641448071, 37.9298382962551], [-81.4517881814911, 37.9298343691815], [-81.4517931451951, 37.9306454791947], [-81.4528171929299, 37.9306415430961], [-81.4528221680836, 37.9314526528825], [-81.453846226869, 37.9314487077584], [-81.4538512134732, 37.9322598173177], [-81.4548752833093, 37.9322558631675], [-81.454880281365, 37.9330669724995], [-81.4559043622518, 37.9330630093228], [-81.4559093717598, 37.9338741184271], [-81.4569334636972, 37.9338701462233], [-81.4569384846584, 37.9346812550997], [-81.4559143814688, 37.9346852274187], [-81.455919391379, 37.9354963362976], [-81.4569435058212, 37.9354923638634], [-81.4569485271855, 37.9363034725145], [-81.4579726526793, 37.9362994910522], [-81.4579676200619, 37.9354883825166], [-81.4589917341005, 37.9354843922573], [-81.4589866904325, 37.9346732837248], [-81.4600107930162, 37.9346692846689], [-81.4600057382985, 37.9338581761399], [-81.461029829427, 37.9338541682879], [-81.4610196980974, 37.9322319511243], [-81.4620437665198, 37.9322279345934], [-81.4620386899092, 37.9314168259591], [-81.4640868036406, 37.9314087663966], [-81.4640817047332, 37.9305976578835], [-81.4651057500418, 37.9305936148527], [-81.4651006400892, 37.9297825063442], [-81.4712448401193, 37.929758061738], [-81.4712500175708, 37.9305691695373], [-81.4722740614342, 37.9305650641297], [-81.4722792503437, 37.9313761716972], [-81.47125519523, 37.9313802772239], [-81.4712603730972, 37.9321913847978], [-81.4692122397455, 37.932199569355], [-81.4692173953181, 37.9330106770537], [-81.4671692386363, 37.9330188262014], [-81.4671743719127, 37.9338299340238], [-81.4661502820109, 37.9338339953478], [-81.4661656493188, 37.9362673184924], [-81.4702621427181, 37.9362510183054], [-81.470267310579, 37.937062125322], [-81.4712914446648, 37.9370580278745], [-81.4712966239869, 37.9378691346595], [-81.4743690587567, 37.9378567884806], [-81.474363845673, 37.9370456820538], [-81.4753879789245, 37.9370415489542], [-81.4753827547968, 37.9362304425346], [-81.4774309981636, 37.936222149837], [-81.4774257517397, 37.9354110435453], [-81.4784498618546, 37.9354068839481], [-81.4784340900904, 37.9329735647586], [-81.4804822421748, 37.9329652195532], [-81.4804875217215, 37.9337763258203], [-81.4815116086976, 37.9337721397286], [-81.4815168997082, 37.9345832457616], [-81.4825409977238, 37.9345790506363], [-81.4825356954613, 37.9337679447251], [-81.4835597820122, 37.9337637408096], [-81.4835544687109, 37.9329526349076], [-81.4845785437971, 37.9329484222024], [-81.4845678953328, 37.9313262103047], [-81.4855919477037, 37.9313219889328], [-81.485586612542, 37.9305108829373], [-81.4876346941406, 37.9305024137058], [-81.4876293366937, 37.9296913078433], [-81.488653365921, 37.9296870599846], [-81.4886641035295, 37.9313092713503], [-81.4876400518024, 37.9313135194556], [-81.4876507677713, 37.9329357306169], [-81.4866266933277, 37.932939970057], [-81.4866320403833, 37.9337510755916], [-81.4876561260784, 37.9337468360284], [-81.4876614846005, 37.9345579413273], [-81.4866373876536, 37.9345621810134], [-81.4866427351384, 37.9353732863225], [-81.4856186267245, 37.9353775172192], [-81.4856239631712, 37.9361886225383], [-81.4886963215271, 37.9361759027418], [-81.488690951322, 37.9353647977918], [-81.4907391666433, 37.9353562736115], [-81.4907283818713, 37.9337340638677], [-81.4897042968229, 37.9337383301665], [-81.489682774879, 37.930493908831], [-81.4907068149245, 37.9304896430272], [-81.4907014237288, 37.9296785375353], [-81.4896773949329, 37.9296828032152], [-81.4896666356885, 37.9280605916455], [-81.4886426291745, 37.9280648481679], [-81.4886372611245, 37.9272537420904], [-81.4876132656433, 37.9272579895795], [-81.4876186224451, 37.9280690957802], [-81.4865946155007, 37.9280733344824], [-81.4865999612687, 37.9288844406933], [-81.485575942861, 37.9288886706081], [-81.4855812775944, 37.9296997768291], [-81.4845572477234, 37.929703997956], [-81.4845625714213, 37.9305151041867], [-81.4835385300868, 37.9305193165252], [-81.483549155623, 37.9321415288929], [-81.4825250915746, 37.9321457325644], [-81.4825303934116, 37.9329568387011], [-81.4815063178994, 37.932961033583], [-81.48149573694, 37.9313388209535], [-81.4804716837171, 37.9313430066808], [-81.480466404806, 37.9305319000756], [-81.4773942776183, 37.9305444034278], [-81.4774047681499, 37.9321666172511], [-81.4763807028315, 37.9321707674542], [-81.4763911717027, 37.9337929810675], [-81.4743429954307, 37.9338012552194], [-81.4743534201334, 37.935423468862], [-81.473329309179, 37.9354275928093], [-81.4733345105912, 37.9362386995812], [-81.472310388175, 37.9362428147353], [-81.4723051980157, 37.9354317078441], [-81.4712810866441, 37.9354358139664], [-81.4712759079456, 37.9346247068433], [-81.4692277070843, 37.9346328921129], [-81.4692328632778, 37.9354439994734], [-81.468208751284, 37.9354480788582], [-81.468203606343, 37.9346369713793], [-81.4692277070843, 37.9346328921129], [-81.4692225510977, 37.9338217846396], [-81.47024664038, 37.9338176965795], [-81.4702414733488, 37.9330065891122], [-81.4722896287876, 37.9329983864941], [-81.4722844394615, 37.932187279152], [-81.4733085056176, 37.9321831645947], [-81.4733033052491, 37.9313720572593], [-81.4743273599457, 37.9313679339102], [-81.4743221485358, 37.9305568265817], [-81.475346191773, 37.9305526944413], [-81.4753357470816, 37.9289304796861], [-81.4712396628756, 37.9289469538261], [-81.4712344858397, 37.9281358458014], [-81.4640664092387, 37.9281643316681], [-81.4640715075322, 37.9289754405192], [-81.4609994378779, 37.928987515445], [-81.4609842448477, 37.9265541875026], [-81.459960254968, 37.9265581943081], [-81.4599552022788, 37.9257470846524], [-81.4589312234439, 37.9257510824322], [-81.4589211411677, 37.9241288625507], [-81.4578971846243, 37.9241328511896], [-81.457882096465, 37.9216995201754], [-81.4589060192709, 37.9216955318837], [-81.4589110597008, 37.9225066422187], [-81.4599349935497, 37.9225026449028], [-81.4599450975087, 37.9241248650029], [-81.4609690536469, 37.9241208585461], [-81.4609741171773, 37.924931968311], [-81.461998084359, 37.9249279528287], [-81.4620031593397, 37.9257390623644], [-81.4630271375649, 37.9257350378562], [-81.463032223997, 37.9265461471624], [-81.4650802023295, 37.9265380711834], [-81.4650750934023, 37.9257269621115], [-81.4722429323503, 37.9256984163583], [-81.4722481200104, 37.926509524602], [-81.4732721074212, 37.9265054108803], [-81.4732669085136, 37.925694302756], [-81.4742908844683, 37.9256901802442], [-81.4742804647855, 37.9240679638968], [-81.4732565113245, 37.9240720861693], [-81.47324611497, 37.9224498691319], [-81.4722221837922, 37.9224539822569], [-81.4722118107622, 37.92083176453], [-81.4711879018663, 37.9208358685085], [-81.4711827269079, 37.9200247593569], [-81.4722066245594, 37.9200206554976], [-81.4722118107622, 37.92083176453], [-81.4742596279291, 37.9208235298496], [-81.4742648368295, 37.9216346385305], [-81.4752887563444, 37.9216305077087], [-81.4753044180374, 37.9240638327154], [-81.4763283710798, 37.9240596926252], [-81.4763440683999, 37.9264930162573], [-81.4773680549733, 37.926488866897], [-81.4773732990813, 37.9272999744286], [-81.4824932850217, 37.9272790933772], [-81.4824879846742, 37.9264679864515], [-81.4835119699779, 37.9264637836335], [-81.4834960364709, 37.9240304625459], [-81.4865678898787, 37.9240178017367], [-81.4865518570798, 37.9215844807366], [-81.4875757740506, 37.9215802430181], [-81.4875650641015, 37.9199580287003], [-81.4885889583685, 37.9199537823203], [-81.4885835924726, 37.9191426751155], [-81.4896074752804, 37.9191384199515], [-81.48961285242, 37.9199495270328], [-81.4906367462558, 37.9199452628378], [-81.4906529127037, 37.9223785830341], [-81.4916768400571, 37.9223743095596], [-81.4916876412621, 37.9239965222122], [-81.4927115908902, 37.923992239581], [-81.4927170030643, 37.9248033456139], [-81.4947649241613, 37.9247947533758], [-81.4947703590464, 37.9256058590467], [-81.4957943305147, 37.9256015494391], [-81.4957997768653, 37.9264126548722], [-81.4968237593624, 37.92640833623], [-81.4968292171792, 37.927219441425], [-81.4958052234344, 37.9272237601925], [-81.4958433555399, 37.9329014942775], [-81.4999396441903, 37.9328841622294], [-81.4999671130139, 37.9369396806787], [-81.5050877501678, 37.9369178119364], [-81.5050933008619, 37.9377289146535], [-81.5061174388797, 37.9377245140389], [-81.5061230010506, 37.9385356165155], [-81.507147150099, 37.9385312068599], [-81.5071527237477, 37.9393423090958], [-81.5092010436818, 37.9393334627879], [-81.5092066400639, 37.9401445646544], [-81.5102308109491, 37.9401401280014], [-81.5102420268982, 37.9417623311385], [-81.5112662200694, 37.9417578853137], [-81.5112718396378, 37.942568986584], [-81.5102476352104, 37.9425734325378], [-81.5102532437477, 37.9433845338243], [-81.5092290278386, 37.9433889709922], [-81.5092234305579, 37.942577869577], [-81.5071750205794, 37.9425867169115], [-81.5071694460358, 37.9417756151268], [-81.4979516914148, 37.9418149857151], [-81.4979352730216, 37.9393816762579], [-81.4969111107255, 37.9393860058188], [-81.4969056496217, 37.9385749023153], [-81.4948573468814, 37.9385835344458], [-81.4948519085049, 37.9377724305791], [-81.488707062584, 37.9377981123037], [-81.4887124334358, 37.9386092169156], [-81.4876882804377, 37.9386134661302], [-81.48768292084, 37.9378023613951], [-81.4856346367072, 37.9378108328382], [-81.4856239631712, 37.9361886225383], [-81.4845998432902, 37.936192844645], [-81.4846158201544, 37.9386261602934], [-81.4856399737965, 37.9386219378191], [-81.4856453111001, 37.9394330426872], [-81.4897419685403, 37.9394160631631], [-81.4897365862183, 37.9386049587875], [-81.4928090432679, 37.9385921309228], [-81.4928144593536, 37.9394032349261], [-81.4948627854762, 37.9393946381998], [-81.4948736633207, 37.9410168453695], [-81.4795108587076, 37.9410804554223], [-81.4795161291179, 37.9418915606833], [-81.4815645283617, 37.9418831949853], [-81.4815698214965, 37.942694299891], [-81.4846424525371, 37.9426816841191], [-81.484647779655, 37.9434927885461], [-81.4877204425418, 37.9434800921731], [-81.4877258036456, 37.944291196119], [-81.5123073061668, 37.9441867336595], [-81.5122510035706, 37.9360757194278], [-81.5112268894057, 37.9360801732624], [-81.5112212716415, 37.9352690710896], [-81.5101971685037, 37.9352735158827], [-81.5101915622171, 37.9344624134681], [-81.5091674701063, 37.9344668492203], [-81.5091506863505, 37.9320335409137], [-81.5101747447075, 37.9320291055476], [-81.5101579292228, 37.9295957966119], [-81.5091339046154, 37.929600231592], [-81.5091227179147, 37.9279780248135], [-81.5080987155803, 37.9279824506263], [-81.5080931338148, 37.9271713469394], [-81.5070691425045, 37.9271757637141], [-81.5070580021403, 37.9255535557458], [-81.5091059395472, 37.9255447137999], [-81.5091115321119, 37.9263558175839], [-81.5111594911152, 37.9263469397437], [-81.5111651063996, 37.9271580431573], [-81.5121890968111, 37.9271535907439], [-81.5121722178925, 37.9247202805522]], [[-81.453836254261, 37.9298264883019], [-81.4538312682572, 37.9290153784046], [-81.4528072432216, 37.9290193231854], [-81.4528122179759, 37.9298304331971], [-81.453836254261, 37.9298264883019], [-81.4538412404649, 37.9306375980865], [-81.4548652877998, 37.9306336441658], [-81.4548702854543, 37.931444753723], [-81.455894343839, 37.9314407907763], [-81.4558993529448, 37.9322519001059], [-81.4579474916122, 37.9322439472479], [-81.4579525234217, 37.9330550562341], [-81.4589766037039, 37.933051066322], [-81.458961475129, 37.9306177393727], [-81.4569133818674, 37.9306257095913], [-81.4569083619137, 37.9298146001516], [-81.453836254261, 37.9298264883019]]]}, "properties": {"name": "5", "folder": "5", "style_id": "5", "stroke": "#6e6e6e", "stroke-opacity": 1.0, "stroke-width": 0, "fill": "#70ffd2", "fill-opacity": 1.0}}, {"type": "Feature", "geometry": {"type": "Polygon", "coordinates": [[[-81.4925655442705, 37.9020923340786], [-81.4925709505828, 37.9029034431553], [-81.4946182646898, 37.9028948576464], [-81.4946236936884, 37.9037059663612], [-81.49564736165, 37.9037016601288], [-81.4956582427717, 37.9053238769702], [-81.4915634797369, 37.9053410494829], [-81.4915580840092, 37.9045299406202], [-81.4895107236619, 37.9045384732121], [-81.4895053506211, 37.903727363989], [-81.4843870021628, 37.9037485390588], [-81.4843816855115, 37.9029374291086], [-81.4802870478403, 37.9029542084353], [-81.4802817763397, 37.9021430978854], [-81.4792581276263, 37.9021472703407], [-81.4792528675711, 37.901336159557], [-81.4782292298805, 37.9013403229897], [-81.4782344787017, 37.9021514338941], [-81.4772108295664, 37.9021555885457], [-81.4772160673639, 37.9029666994581], [-81.4761924067841, 37.9029708453281], [-81.4762028605396, 37.9045930670555], [-81.4772265435896, 37.9045889209448], [-81.4772317820177, 37.9054000315191], [-81.479279169958, 37.9053917123484], [-81.4792844310688, 37.9062028225687], [-81.4813318406368, 37.9061944675439], [-81.481337124432, 37.907005577409], [-81.4823608401347, 37.9070013864203], [-81.482366135379, 37.9078124960511], [-81.4833898621063, 37.9078082960371], [-81.4833951688006, 37.9086194054333], [-81.4823714308358, 37.9086236055691], [-81.4823767265052, 37.9094347149745], [-81.4834004757079, 37.9094305147167], [-81.4834057828282, 37.9102416238875], [-81.4895483409859, 37.9102162346172], [-81.4895537157521, 37.9110273429385], [-81.4916012558946, 37.9110188083655], [-81.491606653355, 37.9118299163264], [-81.4977493360044, 37.9118040981475], [-81.4977548011193, 37.9126152052465], [-81.4987785920354, 37.9126108709238], [-81.4987895454038, 37.914233084532], [-81.4977657320071, 37.9142374191062], [-81.4977766637724, 37.9158596325149], [-81.4947051548207, 37.9158725835552], [-81.4946997225526, 37.9150614765314], [-81.4936758970402, 37.9150657756078], [-81.4936813180667, 37.9158768827563], [-81.4926574810953, 37.9158811730513], [-81.4926628910975, 37.9166922802115], [-81.4936867393109, 37.9166879897921], [-81.4936921607727, 37.9174990967152], [-81.4947160200108, 37.9174947972645], [-81.4947268860732, 37.9191170105229], [-81.4957507675794, 37.9191127019156], [-81.4957562121814, 37.9199238082506], [-81.498827889118, 37.9199108286089], [-81.4988333676709, 37.9207219344546], [-81.5019050763608, 37.920708874267], [-81.5019105888673, 37.9215199796209], [-81.5029345025666, 37.9215156082829], [-81.5029289788156, 37.9207045030557], [-81.5039528810486, 37.9207001229368], [-81.5039473462752, 37.919889017724], [-81.504971237042, 37.9198846288248], [-81.5049656912472, 37.9190735236265], [-81.5080373284795, 37.9190603038681], [-81.5080540677283, 37.9214936179737], [-81.5090779800906, 37.9214891931882], [-81.509083571533, 37.9223002975361], [-81.5121553410062, 37.9222869693454], [-81.5121215933295, 37.9174203438863], [-81.5110977378596, 37.9174247947497], [-81.5111201904344, 37.9206692126902], [-81.5100962897659, 37.9206736551626], [-81.5100794837275, 37.9182403414897], [-81.5090556165649, 37.9182447746686], [-81.5090500262444, 37.9174336697568], [-81.5049546003252, 37.9174513128917], [-81.5049601456749, 37.9182624183155], [-81.5029124088927, 37.9182711866977], [-81.5029179319786, 37.9190822922631], [-81.4988224107849, 37.9190997226504], [-81.4988169326718, 37.9182886165792], [-81.4957453231959, 37.9183015954678], [-81.495739879031, 37.9174904889072], [-81.4967637378326, 37.9174861716433], [-81.4967582826438, 37.9166750650952], [-81.498805977105, 37.9166664040986], [-81.4988004996514, 37.9158552976891], [-81.5008481707496, 37.9158466013192], [-81.5008426710331, 37.9150354950494], [-81.5018664950099, 37.9150311336318], [-81.5018554737575, 37.9134089210069], [-81.5008316722621, 37.9134132821714], [-81.5008206743741, 37.9117910688423], [-81.4997968951376, 37.9117954208489], [-81.4997914077637, 37.910984313889], [-81.4936487951707, 37.9110102381741], [-81.4936433754494, 37.9101991303491], [-81.4905720999264, 37.9102119719067], [-81.4905667141376, 37.9094008635964], [-81.4864717220362, 37.9094178605186], [-81.4864663814151, 37.9086067516023], [-81.4854426440907, 37.9086109784499], [-81.4854266572245, 37.9061776506569], [-81.4833792493566, 37.9061860769067], [-81.4833739433012, 37.9053749671724], [-81.4823502502837, 37.9053791668207], [-81.4823449556769, 37.9045680568519], [-81.4843923190275, 37.9045596488964], [-81.4843976361057, 37.9053707586212], [-81.4864450210741, 37.9053623148102], [-81.4864503608379, 37.9061734241773], [-81.4884977674213, 37.9061649445089], [-81.4885031298725, 37.9069760535172], [-81.4977165499209, 37.9069374531861], [-81.4977110863412, 37.9061263452979], [-81.4987347873531, 37.9061220119814], [-81.4987238383799, 37.9044997961183], [-81.4977001598396, 37.9045041291834], [-81.4976892342151, 37.9028819126179], [-81.4956419214167, 37.9028905515389], [-81.4956364814017, 37.9020794428364], [-81.4925655442705, 37.9020923340786]]]}, "properties": {"name": "5", "folder": "5", "style_id": "5", "stroke": "#6e6e6e", "stroke-opacity": 1.0, "stroke-width": 0, "fill": "#70ffd2", "fill-opacity": 1.0}}, {"type": "Feature", "geometry": {"type": "Polygon", "coordinates": [[[-81.3748778487718, 37.9090150685406], [-81.3759016065905, 37.909011803344], [-81.3758974798792, 37.9082006825609], [-81.3769212262939, 37.9081974085549], [-81.3769170885103, 37.9073862877543], [-81.377940823521, 37.9073830049394], [-81.3779283774556, 37.9049496421488], [-81.3809994803544, 37.9049397411426], [-81.3809785717145, 37.9008841356791], [-81.3799549270912, 37.9008874444375], [-81.3799507571005, 37.9000763229114], [-81.38097439049, 37.900073014249], [-81.3809702094332, 37.8992618927065], [-81.3819938314215, 37.8992585752388], [-81.3819854473462, 37.897636332009], [-81.3809618478232, 37.8976396492841], [-81.3809576672699, 37.8968285274042], [-81.3799340788112, 37.8968318356825], [-81.3799299096572, 37.8960207135941], [-81.3778827547012, 37.8960273032578], [-81.3778869013921, 37.8968384255375], [-81.3758397233074, 37.8968449797902], [-81.3758438477006, 37.8976561021476], [-81.3748202471777, 37.8976593660179], [-81.3748325876519, 37.9000927326996], [-81.3758562218737, 37.9000894685451], [-81.3758603469291, 37.9009005904528], [-81.3748367014735, 37.9009038547019], [-81.3748778487718, 37.9090150685406]]]}, "properties": {"name": "5", "folder": "5", "style_id": "5", "stroke": "#6e6e6e", "stroke-opacity": 1.0, "stroke-width": 0, "fill": "#70ffd2", "fill-opacity": 1.0}}, {"type": "Feature", "geometry": {"type": "Polygon", "coordinates": [[[-81.4505316035387, 37.8917159932307], [-81.4505365466594, 37.8925271086513], [-81.4515600663334, 37.8925231868162], [-81.4515551119839, 37.8917120715095], [-81.4505316035387, 37.8917159932307]]]}, "properties": {"name": "5", "folder": "5", "style_id": "5", "stroke": "#6e6e6e", "stroke-opacity": 1.0, "stroke-width": 0, "fill": "#70ffd2", "fill-opacity": 1.0}}, {"type": "Feature", "geometry": {"type": "Polygon", "coordinates": [[[-81.3747914585153, 37.8919815064918], [-81.3747996830222, 37.8936037526329], [-81.3758232273895, 37.8936004892362], [-81.3758149804235, 37.8919782432846], [-81.3747914585153, 37.8919815064918]]]}, "properties": {"name": "5", "folder": "5", "style_id": "5", "stroke": "#6e6e6e", "stroke-opacity": 1.0, "stroke-width": 0, "fill": "#70ffd2", "fill-opacity": 1.0}}, {"type": "Feature", "geometry": {"type": "Polygon", "coordinates": [[[-81.4220261338119, 37.9185890397171], [-81.4210022490019, 37.9185927068855], [-81.4209976255844, 37.917781591878], [-81.4199737518323, 37.9177852500329], [-81.4199599164208, 37.9153519040166], [-81.4209837564454, 37.9153482461802], [-81.4209791337701, 37.9145371307225], [-81.4220029623675, 37.9145334640861], [-81.4219983286366, 37.9137223486222], [-81.4230221458069, 37.9137186731865], [-81.4230082120093, 37.9112853264394], [-81.4219844285598, 37.9112890015552], [-81.4219890617328, 37.9121001173568], [-81.4189176765509, 37.9121110895925], [-81.4189084778284, 37.91048885724], [-81.4178847048772, 37.9104924966302], [-81.4178801170318, 37.9096813801795], [-81.4168563551353, 37.9096850105595], [-81.4168609317418, 37.9104961271156], [-81.4158371584227, 37.9104997486962], [-81.4158417239735, 37.9113108652448], [-81.4148179392318, 37.9113144780254], [-81.4148361583052, 37.9145589435136], [-81.4138123284185, 37.9145625478076], [-81.4138168724023, 37.9153736640029], [-81.4097215060696, 37.9153879925339], [-81.4096945146761, 37.9105212911796], [-81.4076469653115, 37.910528400769], [-81.4076424898559, 37.9097172832765], [-81.4066187261429, 37.9097208246112], [-81.4066097982471, 37.9080985890831], [-81.4096810214167, 37.9080879389833], [-81.4096720268129, 37.9064657036231], [-81.4086483084112, 37.9064692623539], [-81.4086393370024, 37.9048470263371], [-81.4106867286794, 37.9048399003857], [-81.4106822207734, 37.9040287824153], [-81.4117059051049, 37.9040252061889], [-81.4117013861444, 37.9032140882098], [-81.4137487317921, 37.9032069092572], [-81.4137532732233, 37.904018027028], [-81.4158006406126, 37.9040108122562], [-81.4158052046977, 37.9048219297051], [-81.4178525938258, 37.9048146791121], [-81.4178388347081, 37.9023813270591], [-81.4188624952904, 37.9023776887249], [-81.4188441074419, 37.8991332181676], [-81.4178204917947, 37.8991368560795], [-81.4178159065264, 37.8983257380532], [-81.4157686971456, 37.8983329869631], [-81.4157732599486, 37.8991441051997], [-81.4137260273699, 37.8991513187153], [-81.4137214870322, 37.8983402002693], [-81.41167427619, 37.898347377972], [-81.4116697584989, 37.8975362592052], [-81.4126933527787, 37.8975326749083], [-81.4126888240372, 37.896721556133], [-81.4137124069034, 37.8967179630398], [-81.4137078671124, 37.8959068442563], [-81.4147314385651, 37.8959032423672], [-81.4147268877254, 37.8950921235757], [-81.4157504477646, 37.8950885128913], [-81.4157322013131, 37.8918440370191], [-81.4147086861927, 37.8918476472843], [-81.4147041362661, 37.8910365279302], [-81.4106101188773, 37.8910508795862], [-81.4106146238895, 37.8918619993569], [-81.4085675916513, 37.8918691220001], [-81.4085541445261, 37.8894357617303], [-81.4095776270509, 37.8894322051678], [-81.409568640746, 37.8878099646319], [-81.4085451806754, 37.8878135209879], [-81.4085406990199, 37.887002400448], [-81.4064938007922, 37.8870094862617], [-81.4064893417684, 37.8861983654035], [-81.4054659036119, 37.8862018948619], [-81.4054614559926, 37.8853907737889], [-81.404438028883, 37.885394294248], [-81.4044424652769, 37.8862054154233], [-81.4034190267638, 37.8862089270876], [-81.4034234521097, 37.8870200482522], [-81.4024000021931, 37.8870235511211], [-81.4024264906333, 37.8918902763568], [-81.4003794555382, 37.891897256618], [-81.4003750628126, 37.891086135824], [-81.3993515562291, 37.8910896125053], [-81.3993427937628, 37.8894673703781], [-81.3983193094595, 37.8894708379595], [-81.3983105701508, 37.887848595181], [-81.3972871081264, 37.8878520536635], [-81.3972827499616, 37.8870409320052], [-81.3952358478415, 37.8870478220773], [-81.3952401835534, 37.8878589439356], [-81.3931932582844, 37.8878657986172], [-81.3932061990998, 37.8902991641142], [-81.3942296955033, 37.8902957409242], [-81.3942383460363, 37.8919179838277], [-81.3952618647233, 37.8919145515401], [-81.3952705384094, 37.8935367937945], [-81.3962940793812, 37.8935333524081], [-81.3962984277154, 37.8943444732668], [-81.3973219797427, 37.8943410228809], [-81.397326339482, 37.8951521435268], [-81.3983499025648, 37.8951486841408], [-81.3983542737101, 37.8959598045739], [-81.3993778478484, 37.8959563361873], [-81.3993822304005, 37.8967674564073], [-81.4024529854527, 37.8967569975427], [-81.4024574018762, 37.8975681173466], [-81.4034809977715, 37.8975646131559], [-81.4034987101702, 37.9008090908397], [-81.4014514283385, 37.9008160911331], [-81.4014646470964, 37.9032494488241], [-81.4024883218045, 37.9032459528239], [-81.4024927396463, 37.9040570717278], [-81.4004453675824, 37.9040640550283], [-81.4004409722115, 37.9032529359218], [-81.3994172971501, 37.903256414117], [-81.3994129131907, 37.902445294797], [-81.3983892491884, 37.902448763989], [-81.3983848766395, 37.9016376444558], [-81.3973612236963, 37.9016411046451], [-81.3973525015926, 37.9000188650405], [-81.3963288709422, 37.9000223161275], [-81.3963245213861, 37.8992111960562], [-81.3953009017944, 37.8992146381418], [-81.3952965636457, 37.8984035178582], [-81.3942729551126, 37.8984069509429], [-81.3942643018018, 37.896784709839], [-81.3932407155593, 37.8967881338239], [-81.3932364003958, 37.8959770130039], [-81.3922128252116, 37.8959804279892], [-81.3922042178657, 37.8943581858135], [-81.3911806649703, 37.8943615917009], [-81.391172080775, 37.8927393488775], [-81.3901485501672, 37.892742745668], [-81.3901442695571, 37.8919316239891], [-81.3891207500067, 37.891935011782], [-81.3891250193876, 37.8927461335593], [-81.3881014884366, 37.8927495125514], [-81.3881057467591, 37.8935606343143], [-81.3870822044075, 37.893564004505], [-81.3870864516708, 37.8943751262533], [-81.3860628979186, 37.8943784876421], [-81.3860713704948, 37.8960007309963], [-81.3870949467087, 37.8959973694124], [-81.3870991944833, 37.8968084908232], [-81.3881227817582, 37.8968051202413], [-81.3881355598023, 37.8992384835055], [-81.3871119388302, 37.899241854381], [-81.3871246847117, 37.9016752169265], [-81.3891719938872, 37.9016684656865], [-81.389184808714, 37.904101826632], [-81.3871374321279, 37.9041085784597], [-81.3871416816077, 37.9049196987459], [-81.3861179818226, 37.9049230614031], [-81.3861306975747, 37.9073564218794], [-81.3871544310706, 37.9073530589294], [-81.3871586812327, 37.9081641787657], [-81.3902299144084, 37.9081540361982], [-81.3902384826752, 37.9097762749446], [-81.3943335477412, 37.9097626260716], [-81.3943292185671, 37.9089515071508], [-81.396376727582, 37.9089446294862], [-81.3963723761053, 37.9081335106524], [-81.3984198619453, 37.9081265975711], [-81.398428610027, 37.9097488347249], [-81.3994523751607, 37.9097453646267], [-81.3994611464233, 37.9113676011291], [-81.3974135710232, 37.9113745328231], [-81.3974179344386, 37.9121856511067], [-81.3953703358579, 37.9121925473804], [-81.3953746769675, 37.9130036657516], [-81.393327055209, 37.9130105266029], [-81.393331374011, 37.9138216450607], [-81.3912837290773, 37.9138284704874], [-81.3912880255699, 37.9146395890308], [-81.3882165231529, 37.9146497606716], [-81.3882122603845, 37.9138386418331], [-81.3851407901519, 37.9138487330254], [-81.3851450191961, 37.9146598521568], [-81.3861688540187, 37.9146564972346], [-81.3861815758966, 37.9170898536616], [-81.387205444276, 37.9170864895404], [-81.3872139488659, 37.9187087264008], [-81.3882378395615, 37.9187053531768], [-81.3882421033566, 37.9195164713404], [-81.3913138081472, 37.9195062979285], [-81.3913181058471, 37.9203174156844], [-81.3964376665982, 37.9203002813462], [-81.3964333126757, 37.9194891640875], [-81.398481113267, 37.9194822481971], [-81.3984767370311, 37.9186711310266], [-81.4005245144317, 37.9186641797072], [-81.4005201158843, 37.9178530626258], [-81.4025678700916, 37.9178460758794], [-81.4025767123382, 37.9194683095241], [-81.4015528128354, 37.9194718075539], [-81.4015572229805, 37.920282924309], [-81.4005333120562, 37.9202864135323], [-81.4005377111333, 37.9210975302761], [-81.3995137887876, 37.9211010106925], [-81.3995181767959, 37.9219121274248], [-81.3984942430287, 37.9219155990337], [-81.3985029970815, 37.9235378323622], [-81.3995269533408, 37.9235343605518], [-81.3995313418775, 37.9243454769465], [-81.4015792763609, 37.9243385063966], [-81.4015836875681, 37.9251496224765], [-81.4026076657916, 37.9251461237362], [-81.4026120884235, 37.9259572396021], [-81.3964681489497, 37.9259780990069], [-81.3964637938037, 37.9251669825357], [-81.3944158350712, 37.9251738641929], [-81.3944115025944, 37.9243627474095], [-81.3923635656608, 37.92436959323], [-81.3923678756431, 37.9251807102119], [-81.3913438956693, 37.9251841198571], [-81.3913481945769, 37.9259952368255], [-81.3893002116167, 37.9260020295844], [-81.3893087649559, 37.9276242635778], [-81.3903327790188, 37.9276208714564], [-81.3903413555433, 37.929243104803], [-81.3913653919327, 37.9292397035739], [-81.3913696917031, 37.9300508199797], [-81.3923937391699, 37.9300474097409], [-81.3924023617297, 37.9316696420171], [-81.3934264315247, 37.9316662226688], [-81.3934307543155, 37.9324773385389], [-81.4046956342736, 37.9324391364346], [-81.4047000810068, 37.9332502510839], [-81.4057241711928, 37.9332467245921], [-81.4057286293566, 37.9340578390265], [-81.4067527306158, 37.9340543035201], [-81.4067572002111, 37.9348654177394], [-81.409829536668, 37.934854757437], [-81.4098340402018, 37.9356658712344], [-81.4108581632461, 37.9356622998716], [-81.4108626782141, 37.9364734134529], [-81.4118868123307, 37.9364698330733], [-81.4118913387337, 37.9372809464382], [-81.4129154839225, 37.9372773570415], [-81.4129200217616, 37.9380884701897], [-81.4149683341009, 37.9380812644472], [-81.4149637737532, 37.9372701515081], [-81.4139396289291, 37.9372737587314], [-81.4139350800183, 37.9364626455751], [-81.4129109462656, 37.9364662437808], [-81.4129064087908, 37.9356551304075], [-81.4118822861093, 37.9356587195959], [-81.4118732342116, 37.9340364923034], [-81.4108491338539, 37.9340400723713], [-81.4108446194296, 37.9332289584524], [-81.4067482611998, 37.9332431891882], [-81.4067437919633, 37.9324320747439], [-81.4077678705393, 37.9324285305308], [-81.4077589101024, 37.9308063015101], [-81.4067348540284, 37.9308098455175], [-81.40673038533, 37.9299987307355], [-81.4036582497844, 37.9300093089831], [-81.4036626847318, 37.930820424072], [-81.394446167278, 37.9308516785257], [-81.3944375000636, 37.9292294464217], [-81.3934134641933, 37.9292328743833], [-81.3934004984232, 37.9267995250851], [-81.3944245005464, 37.9267960974219], [-81.3944331667173, 37.928418330201], [-81.4036493804235, 37.9283870784677], [-81.40364494601, 37.9275759630411], [-81.4046689576223, 37.9275724461757], [-81.4046378429811, 37.9218946357534], [-81.403613910099, 37.9218981519046], [-81.4036050442974, 37.9202759191385], [-81.4046289546892, 37.9202724031914], [-81.4046111802458, 37.917027936717], [-81.403587314829, 37.9170314522561], [-81.4035784511622, 37.9154092181397], [-81.4005069213012, 37.9154197107066], [-81.400511319319, 37.9162308281255], [-81.3994874644362, 37.916234307936], [-81.3994918513878, 37.9170454253434], [-81.3974441186089, 37.9170523584456], [-81.3974484832504, 37.9178634759416], [-81.3954007272845, 37.9178703736163], [-81.395405069614, 37.9186814911999], [-81.3933572904636, 37.9186883534449], [-81.3933529706215, 37.9178772356622], [-81.3892574552184, 37.9178908528675], [-81.3892489059979, 37.9162686161741], [-81.3912966190725, 37.91626182578], [-81.3913009160824, 37.9170729439859], [-81.392324783604, 37.9170695353298], [-81.3923204753513, 37.9162584172229], [-81.3943681873897, 37.9162515733886], [-81.3943638568254, 37.9154404553677], [-81.396411545684, 37.9154335761063], [-81.3964071928099, 37.9146224581726], [-81.3984548584861, 37.9146155434862], [-81.3984504833039, 37.9138044256405], [-81.4015219467761, 37.9137939871178], [-81.4015175380469, 37.9129828694626], [-81.4025413476102, 37.9129793722448], [-81.4025325082023, 37.9113571367997], [-81.4035562951077, 37.9113536308798], [-81.4035607259629, 37.9121647485568], [-81.4045845239305, 37.9121612336297], [-81.4045934086557, 37.9137834684422], [-81.4056172289262, 37.9137799444053], [-81.4056216827975, 37.9145910615405], [-81.4066455141306, 37.9145875284953], [-81.4066499794224, 37.9153986454154], [-81.4076738218179, 37.9153951033613], [-81.4076872524967, 37.9178284531382], [-81.4117827551889, 37.9178141946169], [-81.411778233144, 37.9170030785508], [-81.4138259609169, 37.9169958960558], [-81.4138214165684, 37.9161847800856], [-81.4148452689388, 37.9161811755825], [-81.4148407135306, 37.9153700596043], [-81.4158645544761, 37.9153664462994], [-81.415859988009, 37.9145553303136], [-81.4168838175296, 37.9145517082074], [-81.4168792400046, 37.9137405922142], [-81.4189268760118, 37.9137333214948], [-81.4189314760191, 37.9145444372771], [-81.4179076468665, 37.9145480771953], [-81.4179351833316, 37.9194147701592], [-81.4128156975309, 37.919432839305], [-81.4128202313647, 37.9202439549294], [-81.4087245944683, 37.9202582503236], [-81.4087380621178, 37.9226915977658], [-81.4097620053492, 37.9226880369692], [-81.4097800097256, 37.9259324982366], [-81.4087560215066, 37.9259360594466], [-81.4087650022823, 37.9275582896117], [-81.4097890129978, 37.9275547281951], [-81.4097935149049, 37.9283658430055], [-81.4128655797123, 37.9283551049828], [-81.4128565085866, 37.9267328758725], [-81.4138805073282, 37.9267292789194], [-81.4138896009513, 37.9283515078209], [-81.4128655797123, 37.9283551049828], [-81.4128746515663, 37.9299773336428], [-81.4138986953044, 37.9299737362722], [-81.4139032427547, 37.930784850329], [-81.4159513521833, 37.9307776286454], [-81.4159559223176, 37.9315887423801], [-81.4169799880077, 37.9315851180663], [-81.4169937332659, 37.9340184582797], [-81.4210901292015, 37.9340038706399], [-81.421094756332, 37.934814983396], [-81.4262153033315, 37.9347965477861], [-81.4262106199389, 37.9339854355648], [-81.4272347175243, 37.9339817218132], [-81.4272253287996, 37.9323594972484], [-81.4292734783976, 37.932352043441], [-81.4292687618158, 37.9315409312059], [-81.4302928250801, 37.9315371910432], [-81.4302786427201, 37.9291038539882], [-81.4313026720443, 37.9291001052403], [-81.4312979337212, 37.9282889927722], [-81.4302739156463, 37.9282927414113], [-81.4302691887622, 37.9274816287218], [-81.4292451817464, 37.927485368342], [-81.4292404663003, 37.9266742554315], [-81.4282164703435, 37.9266779860333], [-81.4282117663346, 37.9258668729019], [-81.4312837198932, 37.9258556546923], [-81.4312789823308, 37.9250445417739], [-81.4333269279251, 37.9250370186377], [-81.4333031305049, 37.9209814534478], [-81.4322792140333, 37.9209852189242], [-81.432274466367, 37.9201741054392], [-81.430226655342, 37.9201816094502], [-81.4302219303547, 37.9193704956348], [-81.4291980358017, 37.9193742341701], [-81.4291886088834, 37.9177520059847], [-81.4312363528254, 37.917744520441], [-81.4312410886767, 37.9185556343728], [-81.4322649716061, 37.9185518781314], [-81.4322697188913, 37.9193629918416], [-81.4363652936744, 37.9193478773648], [-81.436389257861, 37.923403442034], [-81.4374132073026, 37.9233996405945], [-81.4374180119635, 37.9242107530802], [-81.4363940512755, 37.92421455463], [-81.4364084326734, 37.9266478917425], [-81.4353844380509, 37.9266516847133], [-81.4353940041145, 37.9282739091121], [-81.4343699868031, 37.9282776933926], [-81.4343890762349, 37.9315221412781], [-81.4333650137324, 37.9315259170865], [-81.4333697753183, 37.9323370288859], [-81.4323457013737, 37.9323407958921], [-81.4323599535224, 37.9347741309426], [-81.4344081687319, 37.9347665873618], [-81.4344129423351, 37.9355776986012], [-81.4385094154624, 37.9355625040496], [-81.4384997784271, 37.9339402823398], [-81.4395238737214, 37.933936461642], [-81.439519044242, 37.933125350729], [-81.441567211745, 37.9331176828193], [-81.4415720637281, 37.9339287935098], [-81.4425961584395, 37.9339249460755], [-81.4426010218697, 37.9347360565417], [-81.4436251276382, 37.9347322000834], [-81.4436202529557, 37.933921089729], [-81.4446443472763, 37.9339172244704], [-81.4446394615377, 37.9331061141156], [-81.4466876270864, 37.9330983570871], [-81.4466925353286, 37.9339094672169], [-81.4477166290595, 37.933905575222], [-81.4477215487509, 37.9347166851262], [-81.4466974437678, 37.9347205772341], [-81.4467170794949, 37.9379650161764], [-81.444668778911, 37.9379727745553], [-81.4446638921918, 37.9371616647636], [-81.4415914736081, 37.9371732351456], [-81.4415963265651, 37.937984345273], [-81.4395480240264, 37.9379920145176], [-81.4395528546691, 37.9388031247548], [-81.4385286918541, 37.9388069461178], [-81.4385335114356, 37.9396180563533], [-81.4395576855056, 37.9396142348794], [-81.4395625165361, 37.9404253448914], [-81.4416108866048, 37.9404176749793], [-81.441615740341, 37.9412287846562], [-81.4426399363392, 37.9412249362172], [-81.4426496669093, 37.9428471550097], [-81.4467465389974, 37.9428316712107], [-81.4467416285876, 37.9420205623199], [-81.4487900409373, 37.9420127671568], [-81.4488048403013, 37.9444460928127], [-81.454950275213, 37.944422491317], [-81.454930272957, 37.9411780596224], [-81.4580028526261, 37.9411661398994], [-81.4579978187965, 37.9403550320398], [-81.4590220003603, 37.9403510410858], [-81.4590270454456, 37.9411621488296], [-81.4600512380626, 37.9411581488454], [-81.4600562946066, 37.9419692563605], [-81.4610804982769, 37.9419652473456], [-81.4610703628798, 37.9403430324355], [-81.4600461817215, 37.9403470412177], [-81.4600411255834, 37.9395359334774], [-81.4549202730332, 37.9395558430991], [-81.4549252728948, 37.9403669514171], [-81.4539010905255, 37.9403709067145], [-81.4539210469528, 37.9436153393188], [-81.4508483635675, 37.9436271530971], [-81.450838452495, 37.9420049363349], [-81.4498142468154, 37.9420088562032], [-81.4498093028338, 37.9411977475394], [-81.4457125231605, 37.9412133374133], [-81.4457076244008, 37.9404022281846], [-81.4446834402456, 37.9404061032546], [-81.4446785529379, 37.9395949938008], [-81.443654379842, 37.9395988598444], [-81.4436495039854, 37.9387877501658], [-81.4456978274712, 37.9387800093892], [-81.4457027258376, 37.9395911188432], [-81.4497994154659, 37.9395755298738], [-81.4497944720796, 37.938764420872], [-81.4508186327368, 37.9387605014586], [-81.450808724051, 37.9371382833445], [-81.4497845859023, 37.9371422025305], [-81.4497648159284, 37.9338977644958], [-81.4487407225929, 37.9339016743149], [-81.4487357918471, 37.9330905644112], [-81.4477117095655, 37.9330944652051], [-81.4477018711699, 37.9314722448334], [-81.4466778111931, 37.9314761364896], [-81.4466729035419, 37.9306650260218], [-81.4446248054986, 37.9306727823752], [-81.4446345759953, 37.9322950036481], [-81.4415623599566, 37.9323065720161], [-81.4415526569642, 37.930684350072], [-81.4395045569668, 37.9306920173143], [-81.4395093858648, 37.9315031285652], [-81.4384853243246, 37.9315069489305], [-81.4384901421654, 37.9323180601796], [-81.4374660691809, 37.9323218717441], [-81.4374756829394, 37.9339440941256], [-81.4364515872587, 37.9339478969991], [-81.4364467915349, 37.9331367857544], [-81.4354227069136, 37.9331405796057], [-81.4354179226337, 37.9323294681383], [-81.4364419960036, 37.932325674397], [-81.4364276105645, 37.9298923396493], [-81.4374516499903, 37.9298885373274], [-81.4374420381611, 37.9282663138198], [-81.4384660548952, 37.9282625028081], [-81.4384612380212, 37.927451390996], [-81.4394852433134, 37.9274475711848], [-81.4394659327605, 37.9242031232535], [-81.4404898928686, 37.9241992949766], [-81.4404802162622, 37.9225770705574], [-81.4394562786466, 37.9225808986122], [-81.4394514518802, 37.9217697861226], [-81.4384275253164, 37.9217736051581], [-81.4384227099888, 37.9209624924451], [-81.4394466253076, 37.9209586735204], [-81.4394417989287, 37.9201475608057], [-81.4404657028092, 37.9201437330841], [-81.4404608653798, 37.9193326203678], [-81.4425086500694, 37.9193249384243], [-81.4425037903468, 37.9185138258182], [-81.4445515517688, 37.9185061084688], [-81.4445417879366, 37.9168838833667], [-81.4455656458679, 37.9168800115559], [-81.4455509678634, 37.9144466733952], [-81.4445271436578, 37.914450544869], [-81.4445173817848, 37.9128283186408], [-81.4424697777493, 37.9128360344229], [-81.4424746361068, 37.9136471478172], [-81.4414508225558, 37.9136509924617], [-81.4414556698672, 37.9144621058549], [-81.4404318448806, 37.914465941705], [-81.4404270088102, 37.9136548282005], [-81.4394031948705, 37.9136586550336], [-81.4393983702347, 37.9128475413054], [-81.438374567342, 37.912851359122], [-81.43836975414, 37.9120402451704], [-81.4373459622942, 37.9120440539711], [-81.437341160525, 37.9112329397964], [-81.4332460361779, 37.9112480855078], [-81.4332555499896, 37.9128703146236], [-81.4342793538437, 37.9128665413342], [-81.4342841222766, 37.9136776556138], [-81.4353079371799, 37.9136738733092], [-81.4353127170452, 37.9144849873664], [-81.4363365429978, 37.914481196046], [-81.4363509174706, 37.9169145372121], [-81.4353270577922, 37.9169183288625], [-81.4353318384249, 37.9177294424693], [-81.4332840960071, 37.9177369992692], [-81.4332793378601, 37.9169258854431], [-81.4312316171642, 37.9169334063966], [-81.431226881693, 37.9161222922397], [-81.4302030323022, 37.9161260392476], [-81.430198308263, 37.9153149248694], [-81.4291744699246, 37.9153186628623], [-81.4291697573166, 37.914507548263], [-81.4271221025558, 37.9145149973139], [-81.4271455550625, 37.9185705702655], [-81.4281694387496, 37.9185668496532], [-81.4281788435583, 37.9201890778299], [-81.4292027495447, 37.9201853480939], [-81.4292074634769, 37.9209964619052], [-81.4302313805188, 37.9209927231529], [-81.4302361058854, 37.9218038367431], [-81.4312600339828, 37.921800088974], [-81.4312695077765, 37.9234223155991], [-81.4261497529387, 37.9234409664435], [-81.4261450721771, 37.9226298526461], [-81.4240971914159, 37.9226372504073], [-81.424111166785, 37.9250705921057], [-81.425135140999, 37.9250668973578], [-81.4251398110767, 37.925878010925], [-81.4261637963507, 37.9258743071603], [-81.4261684778639, 37.9266854205073], [-81.4271924741979, 37.9266817077253], [-81.4271971671472, 37.9274928208521], [-81.4282211745412, 37.9274890990521], [-81.4282352882673, 37.929922437433], [-81.4261872057956, 37.9299298727699], [-81.4261825235308, 37.9291187598731], [-81.4251584932624, 37.9291224640677], [-81.4251538224348, 37.9283113509509], [-81.4241298032283, 37.9283150461276], [-81.4241204846326, 37.9266928193418], [-81.4230964877362, 37.9266965053942], [-81.4230918399668, 37.9258853917255], [-81.4220678541319, 37.9258890687613], [-81.4220724906533, 37.9267001825367], [-81.4210484933843, 37.9267038507692], [-81.4210623703189, 37.9291371917393], [-81.4220864013344, 37.9291335231874], [-81.4220956760524, 37.930755749725], [-81.4231197293818, 37.9307520720491], [-81.4231290273461, 37.932374297923], [-81.4241531029905, 37.9323706111219], [-81.4241577635041, 37.933181723783], [-81.4210855022568, 37.9331927577713], [-81.4210808754978, 37.93238164479], [-81.4200567992949, 37.9323853048559], [-81.4200521839728, 37.9315741916559], [-81.4190281188357, 37.9315778427042], [-81.419018911248, 37.9299556157546], [-81.4169708254217, 37.9299628906946], [-81.4169662444045, 37.9291517768399], [-81.4159422124651, 37.9291554008382], [-81.4159285042634, 37.9267220582833], [-81.4169525024562, 37.9267184346003], [-81.4169387621625, 37.9242850913478], [-81.4148908330787, 37.9242923291737], [-81.4148953904987, 37.9251034439138], [-81.4118234617609, 37.925114234147], [-81.4118189380823, 37.9243031190938], [-81.4128429032633, 37.9242995313629], [-81.4128292995781, 37.9218661858405], [-81.4148771619165, 37.9218589842781], [-81.4148726052282, 37.9210478690878], [-81.4210161203677, 37.9210260512325], [-81.4210114963935, 37.9202149365627], [-81.4220354036917, 37.9202112691816], [-81.4220261338119, 37.9185890397171]], [[-81.424139122572, 37.9299372724631], [-81.424148442664, 37.9315594983482], [-81.4251725068703, 37.9315558027426], [-81.4251771784479, 37.9323669154091], [-81.4262012537177, 37.9323632107846], [-81.4261918882483, 37.930740985554], [-81.4251678354802, 37.9307446899636], [-81.4251631642775, 37.9299335770719], [-81.424139122572, 37.9299372724631]], [[-81.4383890081072, 37.9152847003012], [-81.4384034506113, 37.9177180404671], [-81.4414750610587, 37.9177065583019], [-81.441470212969, 37.9168954453591], [-81.4424940714867, 37.9168916002683], [-81.4424892123492, 37.9160804873245], [-81.4394176699398, 37.9160919955426], [-81.439412844723, 37.9152808821522], [-81.4383890081072, 37.9152847003012]], [[-81.3891378285581, 37.8951794982164], [-81.3891463688621, 37.8968017407588], [-81.3901699557946, 37.8967983523758], [-81.3901742374355, 37.89760947338], [-81.3911978354281, 37.8976060759979], [-81.3912107150806, 37.9000394380396], [-81.3922343465993, 37.9000360314602], [-81.3922386513951, 37.900847151817], [-81.3932622939749, 37.9008437362369], [-81.3932752431028, 37.9032770963349], [-81.3942989192131, 37.9032736715549], [-81.3943075753028, 37.9048959108591], [-81.3953312737109, 37.9048924769772], [-81.3953356132527, 37.9057035963609], [-81.3943119036082, 37.9057070303424], [-81.3943162320873, 37.9065181497132], [-81.3994348347476, 37.9065008902719], [-81.3994392195869, 37.9073120090293], [-81.4014866818968, 37.9073050427257], [-81.4014910893875, 37.9081161611685], [-81.4035385734652, 37.9081091590465], [-81.4035297137108, 37.9064869224548], [-81.4025059942355, 37.9064904277644], [-81.4025015758618, 37.905679309198], [-81.3994304500843, 37.9056897714019], [-81.3994260655969, 37.9048786524194], [-81.3984023678882, 37.9048821219134], [-81.3983979948128, 37.9040710027178], [-81.3973743081645, 37.9040744632083], [-81.3973699465, 37.9032633437998], [-81.3963462709122, 37.9032667952874], [-81.3963419206578, 37.9024556756661], [-81.3953182561304, 37.9024591181513], [-81.3953052401172, 37.9000257583129], [-81.3942816091181, 37.9000291915969], [-81.3942772820285, 37.8992180713261], [-81.393253662089, 37.8992214956092], [-81.3932493464059, 37.8984103751266], [-81.392225737526, 37.8984137904093], [-81.3922171291437, 37.8967915489084], [-81.3911935425553, 37.8967949550923], [-81.3911892498547, 37.8959838340743], [-81.3901656743255, 37.8959872312592], [-81.3901613930282, 37.8951761100301], [-81.3891378285581, 37.8951794982164]], [[-81.3952445194393, 37.8886700656815], [-81.3952531917332, 37.8902923088357], [-81.3962766877891, 37.8902888678489], [-81.3962853832361, 37.8919111103535], [-81.3973089015745, 37.891907660268], [-81.3973176201783, 37.8935299021224], [-81.3983411608006, 37.8935264429372], [-81.398345531595, 37.8943375635952], [-81.3993690832719, 37.89433409541], [-81.3993734654722, 37.8951452158549], [-81.4024441531373, 37.8951347575974], [-81.4024485692064, 37.8959458776263], [-81.4044957158929, 37.8959388607514], [-81.4045045934892, 37.8975611000644], [-81.4055281890286, 37.8975575780722], [-81.4055326393263, 37.8983686974578], [-81.4075798523334, 37.8983616265662], [-81.4075664345855, 37.8959282686877], [-81.4065428618669, 37.8959318082758], [-81.4065384008741, 37.8951206886552], [-81.4055148392073, 37.8951242192406], [-81.4055103896241, 37.8943130994051], [-81.4044868390092, 37.8943166209884], [-81.4044824008345, 37.8935055009381], [-81.4034588612715, 37.8935090135198], [-81.4034632882162, 37.894320133672], [-81.4024397372455, 37.894323637456], [-81.4024353215309, 37.8935125172021], [-81.3993647012474, 37.8935229748525], [-81.399355937726, 37.8919007334002], [-81.398332419738, 37.8919042012836], [-81.3983280494698, 37.891093080288], [-81.397304542535, 37.891096539172], [-81.3972958249809, 37.8894742966427], [-81.3962723403273, 37.8894777464279], [-81.39626799304, 37.8886666248944], [-81.3952445194393, 37.8886700656815]], [[-81.4044557755267, 37.888638778274], [-81.4044690873792, 37.8910721401123], [-81.4054925930768, 37.8910686189378], [-81.4054881443863, 37.8902574985398], [-81.4065116386771, 37.8902539685691], [-81.4065027193767, 37.8886317276404], [-81.4044557755267, 37.888638778274]]]}, "properties": {"name": "5", "folder": "5", "style_id": "5", "stroke": "#6e6e6e", "stroke-opacity": 1.0, "stroke-width": 0, "fill": "#70ffd2", "fill-opacity": 1.0}}, {"type": "Feature", "geometry": {"type": "Polygon", "coordinates": [[[-81.5118350659547, 37.8760538635641], [-81.5108117832618, 37.8760583078446], [-81.510817384591, 37.8768694182499], [-81.5067242066975, 37.8768871069511], [-81.5067297633709, 37.8776982177571], [-81.5057064571188, 37.8777026178259], [-81.5057009116655, 37.8768915068921], [-81.5036543209343, 37.8769002800931], [-81.5036874623371, 37.8817669455328], [-81.5016407360636, 37.8817756846808], [-81.5016352343872, 37.8809645738024], [-81.5006118821415, 37.880968929907], [-81.5006009018945, 37.8793467075591], [-81.4985542416298, 37.8793553925791], [-81.4985597092, 37.8801665040615], [-81.4965130256143, 37.8801751537545], [-81.4965239165239, 37.8817973768834], [-81.4975472808707, 37.8817930562335], [-81.4975527378763, 37.8826041675034], [-81.4985761132271, 37.8825998378325], [-81.4985979883356, 37.8858442812825], [-81.4975745680886, 37.8858486114561], [-81.497569110207, 37.885037500637], [-81.4955222915058, 37.8850461340438], [-81.4955168562918, 37.8842350228615], [-81.4944934578381, 37.8842393260955], [-81.4945151551029, 37.8874837706484], [-81.4955385984565, 37.8874794669147], [-81.4955440345431, 37.8882905776463], [-81.4945205799633, 37.8882948815048], [-81.4945260050415, 37.8891059922486], [-81.492479072776, 37.8891145735226], [-81.492473670151, 37.8883034625298], [-81.4894033038077, 37.8883162673367], [-81.4894086727529, 37.8891273787012], [-81.4883852056469, 37.8891316292987], [-81.4883905635805, 37.8899427406739], [-81.4873670850325, 37.8899469824968], [-81.4873403536456, 37.8858914238787], [-81.4883637760627, 37.8858871826713], [-81.4883530625605, 37.8842649586814], [-81.4893764623135, 37.884260708824], [-81.4893603600021, 37.881827372364], [-81.4903837258693, 37.8818231139813], [-81.4903729696273, 37.8802008893584], [-81.4893496262048, 37.8802051474939], [-81.4893442596292, 37.8793940348898], [-81.488320927213, 37.8793982840071], [-81.4883262825669, 37.8802093967345], [-81.4852562503655, 37.8802220910874], [-81.485261572268, 37.8810332040706], [-81.484238216551, 37.8810374178542], [-81.4842594614035, 37.8842818691495], [-81.4822126595441, 37.8842902710067], [-81.4822179488413, 37.8851013837927], [-81.4811945363686, 37.8851055714986], [-81.4811998146532, 37.8859166842935], [-81.4822232383508, 37.885912496466], [-81.4822338180066, 37.8875347214747], [-81.4812103718579, 37.8875389095452], [-81.4812209299099, 37.8891611343462], [-81.4822443985116, 37.8891569460326], [-81.4822496890825, 37.8899680581425], [-81.483273168699, 37.8899638608093], [-81.4832837729335, 37.8915860844474], [-81.4843072747927, 37.8915818779721], [-81.4843179023359, 37.8932041009153], [-81.4812473287479, 37.8932166943769], [-81.4812631705936, 37.8956500290431], [-81.4802396119504, 37.8956542094296], [-81.4802501517786, 37.8972764322197], [-81.4792265704618, 37.8972806039485], [-81.4792318294615, 37.8980917152956], [-81.4782082367021, 37.8980958782449], [-81.4781977413766, 37.8964736551965], [-81.4771741708694, 37.8964778090041], [-81.4771375224696, 37.8908000239414], [-81.4740670455073, 37.8908124294434], [-81.4740722466784, 37.8916235422933], [-81.4710017341531, 37.8916358680686], [-81.4710172378577, 37.8940692070155], [-81.4720407759278, 37.8940651069653], [-81.4720563151903, 37.8964984445413], [-81.4730798867437, 37.896494335234], [-81.4731006535987, 37.8997387832811], [-81.4720770371175, 37.8997428930654], [-81.472082218119, 37.9005540049148], [-81.4710585901968, 37.900558105917], [-81.4710534204283, 37.8997469939486], [-81.4700298035317, 37.8997510859307], [-81.4700091714602, 37.8965066364556], [-81.4689855992845, 37.8965107190626], [-81.4689701610955, 37.8940773804179], [-81.4679466224044, 37.8940814537701], [-81.467941487984, 37.893270340545], [-81.4648709043648, 37.8932825068525], [-81.4648760050966, 37.8940936204307], [-81.4628289258671, 37.894101687041], [-81.4628441619084, 37.8965350278021], [-81.4638677353166, 37.8965309985958], [-81.4638779161598, 37.8981532249728], [-81.4649015118269, 37.898149186632], [-81.4649066137871, 37.8989602995343], [-81.4628593997842, 37.8989683675494], [-81.4628492409964, 37.8973461411638], [-81.461825656153, 37.8973501615866], [-81.4618205882963, 37.8965390481082], [-81.4587498662415, 37.8965510556257], [-81.4587549004041, 37.8973621694526], [-81.4577313147498, 37.8973661542737], [-81.4577363378826, 37.8981772681037], [-81.4567127407948, 37.8981812441398], [-81.4567227652001, 37.8998034716926], [-81.4536519053364, 37.899815347086], [-81.4536568841412, 37.9006264610381], [-81.4516096207657, 37.9006343336895], [-81.4516046644275, 37.8998232195089], [-81.4403448253026, 37.8998658813954], [-81.4403496580745, 37.9006769968141], [-81.4393260239298, 37.9006808218708], [-81.4393212023912, 37.8998697063411], [-81.4352267088151, 37.8998849171108], [-81.4352314854202, 37.9006960330819], [-81.4331842150134, 37.9007035852781], [-81.4331747069276, 37.8990813527849], [-81.4321510939041, 37.8990851153122], [-81.4321463513799, 37.8982739987875], [-81.4290755448668, 37.8982852326369], [-81.4290802536934, 37.8990963494876], [-81.4280566399113, 37.8991000764106], [-81.4280472449116, 37.8974778423804], [-81.4270236534056, 37.8974815601864], [-81.4270189674202, 37.8966704428946], [-81.4259953869577, 37.8966741516925], [-81.425986038013, 37.8950519165558], [-81.4270095960135, 37.8950482079732], [-81.4270142816228, 37.8958593254902], [-81.428037850666, 37.8958556078999], [-81.4280425476945, 37.8966667251964], [-81.4300897076773, 37.8966592630991], [-81.4300944273577, 37.8974703800665], [-81.432141609046, 37.8974628821503], [-81.4321368669025, 37.8966517654005], [-81.4331604462298, 37.8966480032008], [-81.4331556930454, 37.8958368864476], [-81.4341792609508, 37.895833115457], [-81.4341887899731, 37.8974553486319], [-81.43521238015, 37.8974515685219], [-81.43521715618, 37.8982626848308], [-81.4403351603406, 37.8982436502202], [-81.4403399927246, 37.8990547658641], [-81.4413636042091, 37.8990509321284], [-81.4413587605926, 37.8982398165958], [-81.4423823606503, 37.8982359740706], [-81.4423775059963, 37.8974248585369], [-81.4454482713026, 37.8974132778928], [-81.4454336074298, 37.8949799316245], [-81.4474807159343, 37.8949721673686], [-81.4474856261569, 37.8957832826787], [-81.4485091913444, 37.8957793870881], [-81.4485141129951, 37.8965905021725], [-81.449537689216, 37.8965865975687], [-81.4495426222958, 37.8973977124271], [-81.4505662095502, 37.8973937988096], [-81.450561265239, 37.8965826840647], [-81.4546555673421, 37.8965669410466], [-81.4546505783054, 37.8957558266461], [-81.4556741421008, 37.895751868756], [-81.4556591425017, 37.8933185252231], [-81.4536120820912, 37.893326431415], [-81.4536071050845, 37.8925153164493], [-81.4515600663334, 37.8925231868162], [-81.4515650208817, 37.8933343020103], [-81.4525885515861, 37.8933303711622], [-81.4525984837391, 37.8949526009844], [-81.4485042698912, 37.8949682718912], [-81.4484993486355, 37.8941571565816], [-81.4474758059087, 37.894161051946], [-81.4474708960802, 37.8933499364108], [-81.4464473643861, 37.8933538227629], [-81.4464375677782, 37.8917315911291], [-81.4433670388923, 37.8917431961168], [-81.4433719034116, 37.8925543123268], [-81.4413248607197, 37.8925620047151], [-81.4413200186582, 37.8917508882818], [-81.4392729976467, 37.891758544852], [-81.4392970976007, 37.8958141270038], [-81.4362263961875, 37.8958255467758], [-81.4362120367067, 37.8933921968282], [-81.4351885028749, 37.8933959852889], [-81.4351789533063, 37.8917737512078], [-81.4341554417411, 37.8917775305499], [-81.4341506784727, 37.8909664132308], [-81.431080176317, 37.8909776975372], [-81.4311038261306, 37.8950332846448], [-81.428033153826, 37.8950444904908], [-81.4280237607114, 37.893422255335], [-81.4270002253591, 37.8934259726016], [-81.4269908554568, 37.8918037367798], [-81.4249438291052, 37.8918111441852], [-81.4249484915044, 37.8926222623674], [-81.4239249668188, 37.892625952829], [-81.4239528777608, 37.8974926602012], [-81.4249764698297, 37.8974889690969], [-81.424981133539, 37.8983000864912], [-81.4260047366528, 37.8982963863789], [-81.4260140870985, 37.8999186206151], [-81.4311322121719, 37.8998999854594], [-81.4311464077561, 37.9023333343471], [-81.4301227494177, 37.902337079507], [-81.4301274704242, 37.9031481956864], [-81.4291038006616, 37.9031519320526], [-81.4291085106223, 37.9039630482279], [-81.4280848294355, 37.9039667757999], [-81.4280989267434, 37.9064001239749], [-81.4311700708616, 37.9063889135751], [-81.4311653378606, 37.9055777979546], [-81.4321890409508, 37.9055740434568], [-81.4321842969036, 37.9047629278328], [-81.4332079885672, 37.904759164541], [-81.4332032334748, 37.9039480489136], [-81.434226913712, 37.9039442768284], [-81.4342221475752, 37.9031331611979], [-81.4352458163858, 37.9031293803199], [-81.4352410392056, 37.9023182646865], [-81.4362646965898, 37.9023144750161], [-81.436259908367, 37.9015033593801], [-81.4372835543247, 37.9014995609178], [-81.4372883537818, 37.9023106764436], [-81.4383120107812, 37.902306868969], [-81.4383408789843, 37.9071735590964], [-81.4403883272334, 37.9071659161103], [-81.4403834929095, 37.9063548015924], [-81.4414072055063, 37.9063509668552], [-81.441397514968, 37.9047287377041], [-81.4424212048978, 37.9047248942867], [-81.4424066368434, 37.9022915500501], [-81.4434302928729, 37.9022876980652], [-81.4434254260104, 37.9014765832063], [-81.4444490706103, 37.9014727224314], [-81.4444539487071, 37.9022838371783], [-81.4454776043455, 37.9022799673893], [-81.4454824938727, 37.9030910819113], [-81.4485534933125, 37.9030794187936], [-81.4485485700814, 37.9022683046101], [-81.4495722249321, 37.902264399213], [-81.4495919639836, 37.905508854818], [-81.4485682641917, 37.9055127606685], [-81.4485731882133, 37.9063238744016], [-81.4475494769873, 37.9063277714621], [-81.4475593031492, 37.9079499988165], [-81.4516542367624, 37.9079343562468], [-81.4516492786336, 37.9071232430798], [-81.4536967217734, 37.9071153686005], [-81.4536917413699, 37.9063042555494], [-81.4547154514033, 37.9063003050691], [-81.4547104599633, 37.90548919202], [-81.45573415856, 37.9054852327513], [-81.4557241538094, 37.903863006545], [-81.456747829734, 37.9038590386035], [-81.4567528432444, 37.9046701516478], [-81.4577765302032, 37.9046661746885], [-81.4577815551507, 37.9054772875048], [-81.4588052531438, 37.905473301527], [-81.4588102895293, 37.906284414115], [-81.4608577073813, 37.9062764152183], [-81.4608526485231, 37.9054653028625], [-81.4618763459084, 37.9054612901758], [-81.4618509984877, 37.9014057272892], [-81.4608273572773, 37.9014097393938], [-81.4608172421999, 37.8997875132178], [-81.4597936232533, 37.8997915161883], [-81.4597885772518, 37.8989804028151], [-81.4618357924766, 37.8989723882056], [-81.4618408609436, 37.8997835013461], [-81.4628644794838, 37.8997794805733], [-81.4628695593873, 37.9005905934844], [-81.4638931889568, 37.9005865636935], [-81.4639033718432, 37.902208788944], [-81.465950675304, 37.9022007021884], [-81.4659148815198, 37.8965229134829], [-81.4648913085205, 37.8965269604894], [-81.4648862071745, 37.8957158472491], [-81.466933330506, 37.8957077445711], [-81.4669384543138, 37.8965188575762], [-81.4679620269022, 37.8965147927695], [-81.4679774332547, 37.8989481307549], [-81.4690010393323, 37.8989440566934], [-81.4690164812393, 37.9013773933103], [-81.4700401208096, 37.9013733099923], [-81.4700452797591, 37.9021844218541], [-81.4731162309279, 37.9021721181333], [-81.4731058458333, 37.9005498950111], [-81.4741294733392, 37.9005457762061], [-81.4740982556651, 37.8956791048528], [-81.4761453752668, 37.8956708419776], [-81.4761610505517, 37.8981041774419], [-81.477184643732, 37.8981000322937], [-81.4771898804785, 37.8989111437694], [-81.4792370886723, 37.89890282653], [-81.4792423480942, 37.8997139376517], [-81.4802659631072, 37.8997097655596], [-81.4802606924528, 37.898898654559], [-81.4812842960218, 37.8988944736872], [-81.4812737328838, 37.8972722515905], [-81.4822973137771, 37.8972680620611], [-81.482286729025, 37.8956458397569], [-81.4833102872439, 37.8956416415708], [-81.4833049839562, 37.8948305303715], [-81.484328530732, 37.8948263234078], [-81.4843232164273, 37.8940152122179], [-81.48534675176, 37.8940109964771], [-81.4853414264392, 37.8931998852968], [-81.4863649503289, 37.8931956607793], [-81.4863542778711, 37.891573438326], [-81.4894247808813, 37.8915607121184], [-81.4894194112897, 37.890749601092], [-81.4935133673724, 37.8907325087331], [-81.4935079530862, 37.8899213980901], [-81.4965783841859, 37.8899084857649], [-81.4965674889047, 37.8882862648903], [-81.4975909430477, 37.888281943237], [-81.4975854845089, 37.8874708327561], [-81.4986089272068, 37.8874665023311], [-81.4986034576614, 37.8866553918632], [-81.4996268889141, 37.886651052667], [-81.4996214083631, 37.8858399422123], [-81.5006448281707, 37.8858355942455], [-81.5006338452795, 37.8842133732502], [-81.5026806393351, 37.8842046511333], [-81.5026751257725, 37.8833935407197], [-81.5036985112448, 37.8833891664442], [-81.5036929866801, 37.8825780560448], [-81.5047163607074, 37.8825736730007], [-81.5047108251415, 37.8817625626159], [-81.5057341877238, 37.8817581708037], [-81.5057230948141, 37.8801359499508], [-81.5067464347294, 37.8801315494988], [-81.5067519922949, 37.8809426598539], [-81.5077753432092, 37.8809382503792], [-81.5077920509126, 37.8833715803841], [-81.5067686663298, 37.8833759902428], [-81.5067742247875, 37.8841871001469], [-81.5057508287579, 37.8841915012376], [-81.5057563762145, 37.8850026111567], [-81.5047329687381, 37.8850070034788], [-81.5047495787683, 37.8874403329423], [-81.5057730199201, 37.8874359402377], [-81.5057785682673, 37.8882470497059], [-81.5078254723545, 37.8882382373498], [-81.5078310433773, 37.8890493464495], [-81.5088545063122, 37.8890449267972], [-81.5088656714828, 37.8906671444017], [-81.5068187004809, 37.8906759753213], [-81.5068131402383, 37.8898648663191], [-81.5037427157451, 37.8898780455803], [-81.5037482423055, 37.890689154965], [-81.4986308075833, 37.8907109430757], [-81.4986362782263, 37.8915220529801], [-81.4955657810711, 37.8915350194453], [-81.4955712182486, 37.8923461296132], [-81.4935241965966, 37.8923547296809], [-81.4935296115346, 37.8931658399857], [-81.4925060891536, 37.893170126796], [-81.4925223015825, 37.8956034574075], [-81.4863809606219, 37.8956289936141], [-81.4863862978147, 37.8964401043336], [-81.4853627290049, 37.8964443293416], [-81.4853733815702, 37.8980665506878], [-81.4863969728427, 37.8980623254346], [-81.4864023106781, 37.8988734358161], [-81.4874259129684, 37.8988692015394], [-81.4874312622505, 37.8996803116853], [-81.4894784886517, 37.8996718161832], [-81.4894892327926, 37.9012940356437], [-81.4905128681364, 37.9012897742937], [-81.4905182517641, 37.9021008837312], [-81.4925655442705, 37.9020923340786], [-81.4925601381752, 37.9012812248893], [-81.491536503264, 37.9012855040423], [-81.4915257141906, 37.899663285077], [-81.4925493266355, 37.8996590061723], [-81.492543921191, 37.8988478966448], [-81.4966383238669, 37.8988306925155], [-81.4966437742411, 37.8996418015437], [-81.4976673855967, 37.8996374781341], [-81.4976728474225, 37.9004485869241], [-81.4986964697918, 37.9004442544878], [-81.498707416568, 37.9020664714782], [-81.4997310611847, 37.9020621298886], [-81.4997365461365, 37.9028732380888], [-81.5007602017672, 37.9028688874712], [-81.5007656981738, 37.9036799954323], [-81.5017893648185, 37.9036756357862], [-81.5018003807641, 37.9052978511172], [-81.5028240696584, 37.9052934823153], [-81.5028295891987, 37.9061045896848], [-81.5018058890685, 37.9061089586135], [-81.5018279244969, 37.9093533874714], [-81.5028516695755, 37.9093490180356], [-81.5028571902236, 37.9101601248414], [-81.5038809463188, 37.9101557463745], [-81.5038864784271, 37.9109668529404], [-81.504910245539, 37.9109624654419], [-81.5049268769149, 37.9133957840813], [-81.5090220780075, 37.913378143506], [-81.5090276672062, 37.9141892489817], [-81.512099099393, 37.9141759246578], [-81.5120709870501, 37.9101203980845], [-81.510023478212, 37.9101292885826], [-81.5100122798061, 37.9085070766479], [-81.5089885475256, 37.9085115082833], [-81.5089773724925, 37.9068892956403], [-81.5100010822989, 37.906884864262], [-81.5099786899809, 37.9036404381371], [-81.512026019034, 37.9036315497026], [-81.5119923024957, 37.8987649086797], [-81.5099451082435, 37.8987737955666], [-81.5099339161278, 37.8971515804743], [-81.5089103411279, 37.8971560103096], [-81.508899172372, 37.8955337945092], [-81.5078756196093, 37.8955382151878], [-81.5078700467976, 37.8947271069901], [-81.501728792921, 37.8947534434048], [-81.5017342983522, 37.8955645523668], [-81.5007107440334, 37.8955689107479], [-81.5007052498323, 37.8947578016594], [-81.497634619245, 37.8947708230265], [-81.4976291589534, 37.8939597134474], [-81.4955820932582, 37.893968349611], [-81.4955766556443, 37.8931572396685], [-81.4996707412412, 37.8931399322468], [-81.4996652589303, 37.8923288226939], [-81.5037592960919, 37.8923113733962], [-81.5037537690878, 37.891500264237], [-81.5078477577872, 37.891482673072], [-81.5078533297044, 37.8922937817206], [-81.5088768375496, 37.8922893615552], [-81.508882420919, 37.8931004699628], [-81.5099059397688, 37.8930960407703], [-81.5099115345915, 37.8939071489366], [-81.5119585940753, 37.8938982635971], [-81.511924893771, 37.889031614455], [-81.5109014315095, 37.8890360607999], [-81.5108958268074, 37.8882249520859], [-81.5098723755474, 37.8882293894045], [-81.5098667822963, 37.8874182804489], [-81.5078199015553, 37.8874271281374], [-81.5078143309797, 37.8866160188122], [-81.5057674717956, 37.8866248306568], [-81.5057619238937, 37.8858137209631], [-81.5067853423722, 37.885809319617], [-81.5067797834683, 37.8849982099383], [-81.5078031904991, 37.8849937998236], [-81.507797620594, 37.8841826901603], [-81.5088210161771, 37.8841782712776], [-81.5088154352718, 37.8833671616297], [-81.511885587004, 37.8833538519919], [-81.5118631309516, 37.8801094138182], [-81.5108397921559, 37.8801138587437], [-81.5108453946091, 37.8809249685853], [-81.5098220443667, 37.8809294047449], [-81.5098052713458, 37.8784960744956], [-81.5108285879238, 37.8784916387223], [-81.5108341899274, 37.8793027487894], [-81.5118575175017, 37.8792983039928], [-81.5118350659547, 37.8760538635641]], [[-81.4587851096228, 37.9022288500489], [-81.4587901451999, 37.9030399630874], [-81.4598138092845, 37.9030359685544], [-81.4598087624729, 37.9022248556318], [-81.4587851096228, 37.9022288500489]], [[-81.4955929691407, 37.8955905691578], [-81.4956038458963, 37.8972127882538], [-81.4976510014346, 37.8972041510876], [-81.4976564626028, 37.8980152602158], [-81.4986800512749, 37.8980109281567], [-81.4986909967332, 37.8996331458235], [-81.49971460765, 37.8996288046119], [-81.4997200919414, 37.9004399131502], [-81.500743713871, 37.9004355629114], [-81.5007492096158, 37.9012466712108], [-81.5017728425581, 37.9012423119442], [-81.5017783497572, 37.9020534200043], [-81.5028019937121, 37.9020490517095], [-81.5028130312423, 37.9036712672379], [-81.5038366974445, 37.9036668897873], [-81.5038698827683, 37.9085335329042], [-81.5048936161655, 37.9085291457876], [-81.5049047021921, 37.9101513590032], [-81.5059284578428, 37.9101469627277], [-81.505939567237, 37.9117691752371], [-81.5069633451425, 37.9117647698016], [-81.5069689114136, 37.9125758757593], [-81.5110640657553, 37.9125581644554], [-81.5110584545262, 37.9117470590116], [-81.510034677517, 37.9117515000663], [-81.5100290777522, 37.9109403943808], [-81.5090053117572, 37.9109448264021], [-81.5089941353785, 37.9093226144357], [-81.5079703916361, 37.9093270372958], [-81.507942510798, 37.9052715047645], [-81.5069188230158, 37.9052759180802], [-81.5069021309034, 37.9028425968241], [-81.5079257849805, 37.9028381838926], [-81.5079146355543, 37.9012159694142], [-81.5068910039449, 37.9012203820895], [-81.5068854408006, 37.9004092745531], [-81.5058618202012, 37.9004136781991], [-81.5058562685129, 37.8996025704222], [-81.5089270959426, 37.8995893331646], [-81.508915925842, 37.8979671180407], [-81.5078923393865, 37.8979715391042], [-81.5078867659037, 37.8971604312448], [-81.5068631904559, 37.8971648432799], [-81.5068576284279, 37.8963537351797], [-81.5058340639878, 37.8963581381868], [-81.5058285134135, 37.8955470298461], [-81.5048049599812, 37.8955514238257], [-81.504810499325, 37.896362532294], [-81.4986691066951, 37.8963887100389], [-81.4986636347347, 37.8955776008109], [-81.4955929691407, 37.8955905691578]]]}, "properties": {"name": "5", "folder": "5", "style_id": "5", "stroke": "#6e6e6e", "stroke-opacity": 1.0, "stroke-width": 0, "fill": "#70ffd2", "fill-opacity": 1.0}}, {"type": "Feature", "geometry": {"type": "Polygon", "coordinates": [[[-81.3747051410381, 37.8749478948579], [-81.3747174676529, 37.877381270984], [-81.3767641072022, 37.8773747390841], [-81.376768238846, 37.878185864045], [-81.3757449079328, 37.8781891345371], [-81.3757531492742, 37.8798113843115], [-81.3747297957518, 37.8798146460983], [-81.3747791229928, 37.8895481364369], [-81.3778495871647, 37.8895383209728], [-81.3778537325244, 37.890349444152], [-81.3788772314775, 37.8903461544387], [-81.378881388232, 37.89115727741], [-81.3819519177738, 37.8911473545912], [-81.3819561083816, 37.891958477162], [-81.3829796291219, 37.8919551516618], [-81.3829754272853, 37.8911440291875], [-81.3839989366281, 37.8911406948851], [-81.3839947237317, 37.8903295723951], [-81.3850182216771, 37.890326229291], [-81.3850139977219, 37.8895151067856], [-81.3839905110044, 37.8895184497927], [-81.3839862984461, 37.8887073270778], [-81.3850097739362, 37.8887039841677], [-81.38498865755, 37.8846483693917], [-81.38601207674, 37.8846450180701], [-81.3860036089229, 37.883022771567], [-81.3870270054939, 37.8830194115438], [-81.3870227606164, 37.8822082882212], [-81.3859993752692, 37.8822116481468], [-81.3859951417853, 37.8814005246142], [-81.3849717674916, 37.8814038755467], [-81.3849633234791, 37.8797816279495], [-81.3818932669195, 37.8797916267928], [-81.3818974551734, 37.8806027509379], [-81.3808740914276, 37.8806060661917], [-81.3808782686267, 37.8814171903205], [-81.3767847670795, 37.8814303627643], [-81.3767806347724, 37.8806192382531], [-81.3778039991861, 37.8806159585809], [-81.3777957126247, 37.8789937094116], [-81.3788190544274, 37.8789904210348], [-81.3788149001745, 37.878179296377], [-81.3798382305889, 37.878175999201], [-81.3798299001412, 37.8765537497395], [-81.3777832840296, 37.8765603348144], [-81.3777791414971, 37.8757492097238], [-81.3757325471611, 37.8757557590322], [-81.3757284272345, 37.8749446336391], [-81.3747051410381, 37.8749478948579]], [[-81.3798840600049, 37.8870983632004], [-81.3798882273187, 37.8879094865257], [-81.3809116922552, 37.8879061793034], [-81.3809075137148, 37.8870950560741], [-81.3798840600049, 37.8870983632004]], [[-81.3798632259441, 37.8830427448873], [-81.3798673924218, 37.8838538687748], [-81.3819142098703, 37.8838472463937], [-81.381910020944, 37.8830361226984], [-81.3798632259441, 37.8830427448873]]]}, "properties": {"name": "5", "folder": "5", "style_id": "5", "stroke": "#6e6e6e", "stroke-opacity": 1.0, "stroke-width": 0, "fill": "#70ffd2", "fill-opacity": 1.0}}, {"type": "Feature", "geometry": {"type": "Polygon", "coordinates": [[[-81.4872495070413, 37.8721025035044], [-81.4872548492438, 37.8729136173691], [-81.4882780921177, 37.8729093781309], [-81.4882727386977, 37.8720982643893], [-81.4872495070413, 37.8721025035044]]]}, "properties": {"name": "5", "folder": "5", "style_id": "5", "stroke": "#6e6e6e", "stroke-opacity": 1.0, "stroke-width": 0, "fill": "#70ffd2", "fill-opacity": 1.0}}, {"type": "Feature", "geometry": {"type": "Polygon", "coordinates": [[[-81.4862209443998, 37.8712956196272], [-81.4862262751707, 37.8721067337273], [-81.4872495070413, 37.8721025035044], [-81.4872441650533, 37.8712913895271], [-81.4862209443998, 37.8712956196272]]]}, "properties": {"name": "5", "folder": "5", "style_id": "5", "stroke": "#6e6e6e", "stroke-opacity": 1.0, "stroke-width": 0, "fill": "#70ffd2", "fill-opacity": 1.0}}, {"type": "Feature", "geometry": {"type": "Polygon", "coordinates": [[[-81.4862209443998, 37.8712956196272], [-81.4862156138429, 37.8704845054144], [-81.4851924041922, 37.8704887264999], [-81.4851977235324, 37.8712998408352], [-81.4862209443998, 37.8712956196272]]]}, "properties": {"name": "5", "folder": "5", "style_id": "5", "stroke": "#6e6e6e", "stroke-opacity": 1.0, "stroke-width": 0, "fill": "#70ffd2", "fill-opacity": 1.0}}, {"type": "Feature", "geometry": {"type": "Polygon", "coordinates": [[[-81.4576258755161, 37.8803327378292], [-81.456602525425, 37.8803367113273], [-81.4566075331038, 37.8811478276376], [-81.4555841715894, 37.8811517923558], [-81.4555891682462, 37.8819629086685], [-81.4545657953084, 37.8819668646063], [-81.4545608098744, 37.8811557481787], [-81.4525140858448, 37.8811636331386], [-81.452499198075, 37.8787302824937], [-81.4535225265237, 37.8787263448042], [-81.4535125798979, 37.8771041107065], [-81.4545358857053, 37.8771001643517], [-81.4545209336042, 37.8746668127043], [-81.4555442055524, 37.8746628577999], [-81.4555192332943, 37.870607270043], [-81.4524495851187, 37.8706191063585], [-81.4524545455184, 37.8714302244786], [-81.4514313178442, 37.8714341522473], [-81.4514362672255, 37.8722452703689], [-81.4504130281351, 37.8722491893591], [-81.4504229050573, 37.8738714254921], [-81.4493996433323, 37.8738753358169], [-81.4494144265441, 37.8763086895125], [-81.4483911309636, 37.8763125912841], [-81.448400964986, 37.8779348267447], [-81.4463543283516, 37.8779426040581], [-81.4463690135359, 37.880375957082], [-81.445345661259, 37.8803798327347], [-81.4453505454909, 37.8811909502967], [-81.4443271817955, 37.8811948171665], [-81.4443320550005, 37.8820059347282], [-81.4433086798866, 37.8820097928147], [-81.4433135420637, 37.8828209103757], [-81.4443369284009, 37.8828170521772], [-81.444351549776, 37.8852504038489], [-81.440257868566, 37.8852657846071], [-81.440262697848, 37.8860769020523], [-81.4371924012283, 37.8860883445384], [-81.4371828102082, 37.8844661088712], [-81.4382062201578, 37.884462303827], [-81.4382014137121, 37.8836511859351], [-81.4392248122444, 37.8836473721051], [-81.4392199947677, 37.8828362542113], [-81.4402433818828, 37.8828324315962], [-81.4402337250629, 37.8812101956928], [-81.4381869955322, 37.8812178315838], [-81.4381773843766, 37.8795955947867], [-81.439200726794, 37.8795917815103], [-81.4391814619131, 37.8763473070082], [-81.4402047592533, 37.8763434852807], [-81.4401999322964, 37.8755323664847], [-81.4412232182231, 37.8755285359746], [-81.4412135424521, 37.8739062982673], [-81.4422368057464, 37.8739024590865], [-81.4422319569336, 37.8730913401755], [-81.4432552088148, 37.8730874922134], [-81.4432454893375, 37.871465254277], [-81.4442687185881, 37.871461397646], [-81.4442638479249, 37.8706502786209], [-81.445287065763, 37.87064641321], [-81.4452773025901, 37.8690241750465], [-81.4422077157885, 37.8690357439317], [-81.4422125636284, 37.8698468634056], [-81.4391429414274, 37.8698583526012], [-81.4391477558118, 37.870669472296], [-81.4381245368077, 37.8706732843551], [-81.4381341437215, 37.8722955236284], [-81.4340411760432, 37.8723106838246], [-81.4340602126842, 37.8755551627809], [-81.4289437744172, 37.8755739151212], [-81.4289578855983, 37.8780072747898], [-81.4299812072921, 37.8780035417839], [-81.4299859226179, 37.87881466134], [-81.4310092553438, 37.878810919331], [-81.431018709007, 37.8804331578884], [-81.4289719984783, 37.8804406334456], [-81.4289672939962, 37.8796295140062], [-81.4279439496706, 37.879633238334], [-81.427939256599, 37.8788221186739], [-81.4269159233068, 37.878825833999], [-81.4269112416448, 37.8780147141186], [-81.4248645969398, 37.8780221178698], [-81.4248692561592, 37.8788332379651], [-81.4238459223047, 37.8788369266062], [-81.4238598674183, 37.8812702865382], [-81.4248832349394, 37.8812665975759], [-81.4248878949068, 37.882077717221], [-81.425911273464, 37.882074019256], [-81.425915944842, 37.8828851386813], [-81.4269393344353, 37.8828814317129], [-81.4269299694202, 37.881259192965], [-81.4259066022735, 37.8812628997181], [-81.4259019312705, 37.8804517800677], [-81.4279486429306, 37.8804443578814], [-81.4279533363789, 37.8812554773164], [-81.4320468023258, 37.881240525768], [-81.4320278501116, 37.8779960490889], [-81.4310045287967, 37.8779997998836], [-81.4309998024392, 37.8771886803235], [-81.4350930416731, 37.8771736242158], [-81.4350834997664, 37.8755513856321], [-81.4361067866571, 37.8755475995898], [-81.4360972230778, 37.8739253607758], [-81.4391670152817, 37.8739139499498], [-81.439176646176, 37.8755361881013], [-81.4381533598624, 37.8755400008244], [-81.4381629690896, 37.877162238747], [-81.437139660143, 37.8771660427973], [-81.4371540417664, 37.8795993991684], [-81.4361306989638, 37.8796031946551], [-81.4361450486511, 37.8820365503436], [-81.4371684251214, 37.8820327545263], [-81.4371732199579, 37.8828438727539], [-81.4361498322641, 37.8828476686813], [-81.4361594000662, 37.8844699050191], [-81.4351359897321, 37.8844736922705], [-81.435145535852, 37.8860959283778], [-81.4361689686362, 37.8860921409065], [-81.4361785379742, 37.8877143763438], [-81.4392489025283, 37.8877029598857], [-81.4392440840848, 37.8868918425548], [-81.4443612983374, 37.8868726377337], [-81.4443564239589, 37.8860615208476], [-81.4453798549987, 37.8860576533042], [-81.4453749695906, 37.8852465364178], [-81.4463983892091, 37.88524266009], [-81.4463788046411, 37.8819981918683], [-81.4474021791669, 37.881994307095], [-81.4473923656163, 37.8803720725342], [-81.4484157174998, 37.8803681790914], [-81.4484058822933, 37.8787459443062], [-81.4494292115359, 37.8787420421949], [-81.4494193546769, 37.8771198071859], [-81.45044266128, 37.877115896407], [-81.4504327827722, 37.8754936611748], [-81.451456066737, 37.8754897417295], [-81.4514511165612, 37.8746786240582], [-81.4524743891081, 37.8746746958335], [-81.4524942358834, 37.8779191653868], [-81.4514709184566, 37.8779230940677], [-81.4515055794233, 37.8836009122494], [-81.4525289754071, 37.8835969827702], [-81.4525339389929, 37.8844080990889], [-81.45560415942, 37.8843962569312], [-81.4555941651036, 37.8827740248687], [-81.4566175490642, 37.8827700599204], [-81.4566125409835, 37.8819589438353], [-81.4576359135198, 37.8819549701065], [-81.4576258755161, 37.8803327378292]]]}, "properties": {"name": "5", "folder": "5", "style_id": "5", "stroke": "#6e6e6e", "stroke-opacity": 1.0, "stroke-width": 0, "fill": "#70ffd2", "fill-opacity": 1.0}}, {"type": "Feature", "geometry": {"type": "Polygon", "coordinates": [[[-81.4923224846444, 37.8655923089754], [-81.4923386749671, 37.8680256510822], [-81.4933618494636, 37.8680213681276], [-81.4933672578863, 37.8688324818134], [-81.4943904433811, 37.8688281898433], [-81.4943958632366, 37.8696393032919], [-81.4974654520615, 37.869626373659], [-81.4974709057832, 37.8704374866196], [-81.4984941128372, 37.8704331588335], [-81.4984886478994, 37.8696220459985], [-81.4995118435179, 37.8696177094466], [-81.4995063675837, 37.8688065966248], [-81.5046222862927, 37.8687847811274], [-81.5046278183054, 37.8695958933159], [-81.5056510125987, 37.8695915034155], [-81.5056565560495, 37.8704026153639], [-81.5077029664005, 37.8703938086334], [-81.5077085325068, 37.8712049202133], [-81.508731748564, 37.8712005033824], [-81.5087373261108, 37.8720116147214], [-81.5097605531611, 37.8720071888702], [-81.5097661421491, 37.872818299968], [-81.5118126180113, 37.8728094213314], [-81.5117621233117, 37.8655094197124], [-81.5046001604618, 37.8655403312464], [-81.5046056915865, 37.8663514438857], [-81.5056288410199, 37.8663470544951], [-81.5056343835809, 37.8671581668943], [-81.5066575440061, 37.8671537684857], [-81.5066630980044, 37.8679648806444], [-81.5097326115852, 37.8679516316903], [-81.5097381994519, 37.8687627433518], [-81.5107613814128, 37.8687583091233], [-81.5107669807193, 37.8695694205433], [-81.5076974005174, 37.8695826969407], [-81.5076918348578, 37.8687715851354], [-81.5066686522255, 37.8687759926905], [-81.5066630980044, 37.8679648806444], [-81.504616754502, 37.8679736688262], [-81.5046112229333, 37.8671625564123], [-81.5005185781275, 37.8671800255783], [-81.5005240648371, 37.8679911384993], [-81.4984777186817, 37.8679998199905], [-81.4984613264997, 37.8655664801333], [-81.4923224846444, 37.8655923089754]], [[-81.5086982879835, 37.8663338329812], [-81.5087038641875, 37.8671449449966], [-81.5107501834737, 37.8671360859451], [-81.5107445848412, 37.8663249741869], [-81.5086982879835, 37.8663338329812]]]}, "properties": {"name": "5", "folder": "5", "style_id": "5", "stroke": "#6e6e6e", "stroke-opacity": 1.0, "stroke-width": 0, "fill": "#70ffd2", "fill-opacity": 1.0}}, {"type": "Feature", "geometry": {"type": "Polygon", "coordinates": [[[-81.4779984901655, 37.8656513316482], [-81.4780037297265, 37.8664624475099], [-81.4769805744581, 37.8664665968589], [-81.4769858030148, 37.8672777127285], [-81.475962636322, 37.8672818533071], [-81.4759678538735, 37.8680929691843], [-81.4739214974301, 37.8681012239089], [-81.47392669276, 37.868912339913], [-81.4708571228859, 37.8689246556747], [-81.4708622847764, 37.8697357719237], [-81.4657462747694, 37.8697561209574], [-81.4657411689588, 37.8689450041177], [-81.4647179775569, 37.8689490471322], [-81.4647281669504, 37.8705712809338], [-81.4637049529116, 37.8705753152912], [-81.4637100366981, 37.8713864321402], [-81.4626868112383, 37.8713904577226], [-81.4627020301685, 37.8738238079444], [-81.4616787708516, 37.8738278249845], [-81.4616939579566, 37.8762611745425], [-81.4606706647789, 37.8762651830388], [-81.4606757163335, 37.8770762994492], [-81.4596524117329, 37.8770802991679], [-81.4596574522697, 37.8778914155818], [-81.4586341362463, 37.8778954065224], [-81.4586391657643, 37.8787065229396], [-81.457615838318, 37.8787105051015], [-81.4576258755161, 37.8803327378292], [-81.4586492254057, 37.8803287554361], [-81.4586441954841, 37.8795176392442], [-81.4596675339499, 37.8795136480719], [-81.4596624930086, 37.8787025318832], [-81.4606858200507, 37.8786985319323], [-81.4606807680907, 37.8778874157471], [-81.4617040837091, 37.8778834070181], [-81.4616990207312, 37.8770722908366], [-81.4627223249258, 37.87706827333], [-81.4627121771399, 37.8754460408624], [-81.4637354586912, 37.8754420146957], [-81.4637252892818, 37.8738197820113], [-81.4647485481911, 37.8738157471854], [-81.4647383571618, 37.8721935142848], [-81.4657615934305, 37.8721894708008], [-81.4657564870052, 37.8713783542989], [-81.4688261609278, 37.8713661708461], [-81.4688364412888, 37.8729884030298], [-81.4678131944185, 37.8729924733092], [-81.4678234531676, 37.8746147052787], [-81.4668001836545, 37.8746187669012], [-81.4668053021187, 37.8754298828349], [-81.465782021181, 37.8754339356819], [-81.465802452211, 37.878678398761], [-81.4647791261871, 37.8786824431842], [-81.4647842232356, 37.8794935587898], [-81.4627375481319, 37.8795016211868], [-81.4627426229412, 37.8803127369138], [-81.4617192738617, 37.8803167548869], [-81.4617344658432, 37.882750101742], [-81.4627578485911, 37.8827460834191], [-81.4627629242151, 37.8835571986956], [-81.463786317983, 37.88355317136], [-81.4637914050349, 37.884364286407], [-81.4576509720361, 37.8843883176779], [-81.4576610120542, 37.886010548829], [-81.4566375833969, 37.8860145231345], [-81.4566425924826, 37.8868256386565], [-81.4556191523988, 37.8868296041803], [-81.4556241504596, 37.8876407197048], [-81.4546006989491, 37.8876446764464], [-81.454610673219, 37.8892669073872], [-81.453587199055, 37.8892708554606], [-81.4535822230469, 37.8884597399319], [-81.4515352965742, 37.8884676091567], [-81.4515303432188, 37.887656493287], [-81.4505068909105, 37.8876604144392], [-81.4505019489799, 37.8868492983431], [-81.4494785076993, 37.8868532104843], [-81.4494834384039, 37.887664326694], [-81.4484599856994, 37.8876682300514], [-81.4484649053753, 37.8884793462618], [-81.4474414412468, 37.8884832408348], [-81.4474512587366, 37.8901054731439], [-81.4484747453194, 37.8901015783447], [-81.4484796655877, 37.8909126942173], [-81.449503163201, 37.8909087904067], [-81.449508094895, 37.8917199060533], [-81.4505316035387, 37.8917159932307], [-81.4505217178923, 37.8900937620519], [-81.4494982317048, 37.8900976746474], [-81.4494883693063, 37.888475442791], [-81.4505118330394, 37.8884715304227], [-81.4505167753667, 37.8892826462936], [-81.4525637246914, 37.8892747946362], [-81.4525736548514, 37.8908970255844], [-81.4535971516703, 37.8908930861802], [-81.4536021282776, 37.8917042013711], [-81.454625636125, 37.8917002529539], [-81.4546306241607, 37.8925113679176], [-81.456677661712, 37.8925034441574], [-81.4566826724062, 37.8933145587784], [-81.4587297316115, 37.8933065991917], [-81.4587096002134, 37.8900621409557], [-81.4576861156254, 37.8900661247361], [-81.4576710528782, 37.8876327795297], [-81.4586945037855, 37.8876287960962], [-81.4586894720468, 37.8868176809177], [-81.4617597898774, 37.8868056775815], [-81.461764855294, 37.8876167924116], [-81.4627883053909, 37.8876127733888], [-81.4627781523094, 37.8859905438494], [-81.4689187138878, 37.88596624428], [-81.4689135703026, 37.8851551300467], [-81.4709604000654, 37.8851469592533], [-81.4709552342375, 37.8843358451445], [-81.4730020407221, 37.8843276390034], [-81.4729916647928, 37.8827054109242], [-81.4648046134754, 37.8827380200859], [-81.4647995156086, 37.8819269049309], [-81.4637761444918, 37.8819309409282], [-81.4637710580523, 37.8811198255433], [-81.4668411371203, 37.8811076912172], [-81.4668155396634, 37.8770521143644], [-81.4698854485612, 37.877039901754], [-81.4698906013031, 37.8778510169953], [-81.4719372286428, 37.8778428305478], [-81.4719424040334, 37.8786539454389], [-81.4739890529841, 37.8786457231762], [-81.4739942510251, 37.8794568377159], [-81.4750175864091, 37.8794527131232], [-81.4750227958805, 37.8802638274306], [-81.4770694884645, 37.880255551321], [-81.4770642565495, 37.8794444372539], [-81.478087591305, 37.8794402859773], [-81.4780771056627, 37.877818057746], [-81.4791004177656, 37.8778138978163], [-81.4790951640396, 37.8770027836524], [-81.4801184647113, 37.8769986149496], [-81.4801131999762, 37.8761875007941], [-81.4821597782454, 37.8761791369496], [-81.4821439179936, 37.8737457945354], [-81.4790741512441, 37.8737583258704], [-81.4790794041267, 37.8745694404849], [-81.4770328694684, 37.8745777504853], [-81.4770381001238, 37.8753888652284], [-81.4749915421877, 37.8753971398967], [-81.4749863339705, 37.8745860249134], [-81.4729397976365, 37.8745942637691], [-81.4729346120656, 37.873783148434], [-81.469864839661, 37.8737954396624], [-81.4698596879528, 37.8729843238579], [-81.4708829344102, 37.8729802357933], [-81.470877771691, 37.8721691199948], [-81.4719010067233, 37.8721650231566], [-81.471895832994, 37.8713539073644], [-81.4739422800008, 37.8713456872495], [-81.4739370840453, 37.8705345715833], [-81.4780299306858, 37.8705180251289], [-81.4780246900733, 37.8697069098304], [-81.4790478899924, 37.8697027511081], [-81.4790426383744, 37.8688916358176], [-81.4810890151481, 37.8688832919405], [-81.4810784676834, 37.8672610615061], [-81.4821016333226, 37.8672568764737], [-81.4820910642758, 37.8656346458316], [-81.4779984901655, 37.8656513316482]]]}, "properties": {"name": "5", "folder": "5", "style_id": "5", "stroke": "#6e6e6e", "stroke-opacity": 1.0, "stroke-width": 0, "fill": "#70ffd2", "fill-opacity": 1.0}}, {"type": "Feature", "geometry": {"type": "Polygon", "coordinates": [[[-81.3828452539531, 37.8659991767114], [-81.3828536473465, 37.867621428519], [-81.3818304632751, 37.8676247511246], [-81.3818388349102, 37.8692470026753], [-81.3808156282387, 37.8692503165821], [-81.3808198030916, 37.870061442285], [-81.3787733668132, 37.8700680436149], [-81.3787775193993, 37.870879169397], [-81.3777542897927, 37.8708824568194], [-81.3777625730293, 37.8725047082372], [-81.379809076947, 37.872498124118], [-81.3798132412516, 37.8733092494671], [-81.3849295542058, 37.8732926330629], [-81.3849253338089, 37.8724815081961], [-81.3859485846749, 37.8724781583334], [-81.3859443532294, 37.8716670334514], [-81.3869675927076, 37.8716636747934], [-81.3869718353712, 37.8724747995779], [-81.3879950858972, 37.8724714319297], [-81.3880121031305, 37.8757159295522], [-81.3890353983622, 37.8757125526191], [-81.3890439304441, 37.8773348005596], [-81.3910905652752, 37.8773280196184], [-81.3910862767073, 37.8765168959012], [-81.3921095826443, 37.876513492188], [-81.3920708923111, 37.8692133745619], [-81.3930940971099, 37.8692099628461], [-81.3930984065624, 37.8700210873776], [-81.3941216224049, 37.8700176666707], [-81.3941302642631, 37.8716399151977], [-81.3951535023667, 37.8716364853998], [-81.395162167355, 37.8732587332777], [-81.396185427721, 37.8732552943877], [-81.3961897716948, 37.8740664180582], [-81.3972130431053, 37.8740629701751], [-81.397204332895, 37.8724407229219], [-81.3982275816935, 37.8724372663463], [-81.3982144840364, 37.870003894924], [-81.3992376990074, 37.8700004297574], [-81.3992420759349, 37.8708115535767], [-81.4002653019473, 37.8708080794174], [-81.4002696902679, 37.8716192030234], [-81.4064091099327, 37.8715981707211], [-81.4064135657366, 37.872409293604], [-81.4053903183523, 37.8724128213212], [-81.4053947631168, 37.8732239441941], [-81.4043715043359, 37.8732274631208], [-81.4043759380599, 37.8740385859833], [-81.4023293975272, 37.8740455973613], [-81.4023338089908, 37.8748567203149], [-81.4013105272394, 37.8748602127655], [-81.4013149276603, 37.875671335708], [-81.4002916345127, 37.8756748193662], [-81.4002960238901, 37.8764859422974], [-81.3992727193462, 37.8764894171627], [-81.3992770976791, 37.8773005400823], [-81.3972304656234, 37.877307463332], [-81.3972391779313, 37.8789297092356], [-81.3962158391984, 37.8789331577192], [-81.3962201843926, 37.8797442806024], [-81.3951968342634, 37.8797477202911], [-81.3952011684096, 37.8805588431617], [-81.394177806884, 37.8805622740549], [-81.394186453252, 37.8821845196578], [-81.4023735201304, 37.8821568218357], [-81.4023646941932, 37.8805345778407], [-81.4044114142585, 37.8805275648343], [-81.4044069791108, 37.8797164428716], [-81.4054303276544, 37.8797129231277], [-81.4054258814627, 37.8789018011547], [-81.4074725555703, 37.8788947351869], [-81.4074859620146, 37.8813281001531], [-81.4085093324666, 37.8813245535183], [-81.4085138128633, 37.8821356748458], [-81.4115839568084, 37.8821249812579], [-81.4115749288569, 37.8805027391113], [-81.4125982873642, 37.8804991569984], [-81.4125711405297, 37.8756324284823], [-81.4156410129794, 37.8756216306532], [-81.4156364554837, 37.8748105091535], [-81.4166597347156, 37.8748068921949], [-81.4166460296698, 37.8723735273357], [-81.4176692750622, 37.8723699017994], [-81.4176601168466, 37.8707476582079], [-81.4186833396203, 37.87074402399], [-81.4186787495712, 37.869932902131], [-81.4217483831346, 37.8699219464425], [-81.4217345131492, 37.8674885811446], [-81.4227576903188, 37.8674849117843], [-81.4227530561463, 37.8666737898998], [-81.4237762219149, 37.8666701117553], [-81.4237808673024, 37.867481233533], [-81.4248040440995, 37.8674775463907], [-81.4248180150282, 37.8699109107276], [-81.4237948045833, 37.8699145981911], [-81.4238040970361, 37.8715368407338], [-81.4227808639707, 37.871540519519], [-81.4227901347335, 37.8731627618253], [-81.4217668790462, 37.8731664319312], [-81.421771503488, 37.8739775530221], [-81.4207482363965, 37.8739812143415], [-81.4207528498049, 37.8747923354261], [-81.4197295713091, 37.8747959879584], [-81.419743378985, 37.8772293508553], [-81.4187200666446, 37.8772329948115], [-81.4187246583518, 37.8780441156579], [-81.4177013346062, 37.8780477508254], [-81.4177196583896, 37.8812922335078], [-81.4187430270233, 37.8812885979182], [-81.4187568054621, 37.8837219584319], [-81.4167100006692, 37.8837292213482], [-81.4167237134172, 37.8861625814817], [-81.419794021355, 37.8861516728131], [-81.4198078367909, 37.8885850309841], [-81.4239017128339, 37.8885703602573], [-81.4238970625969, 37.8877592414053], [-81.4249205199155, 37.8877555515863], [-81.4249111975492, 37.8861333137589], [-81.4238877626827, 37.8861370033637], [-81.4238831130055, 37.8853258841741], [-81.4290002293363, 37.8853073477183], [-81.428990818295, 37.8836851100776], [-81.427967417854, 37.8836888349459], [-81.4279627238406, 37.8828777158486], [-81.4269393344353, 37.8828814317129], [-81.4269440172247, 37.8836925509181], [-81.421827011268, 37.8837109973358], [-81.4218362651638, 37.8853332364794], [-81.4208128409642, 37.885336899287], [-81.4208082251483, 37.8845257796651], [-81.4197848119884, 37.8845294334699], [-81.4197802075823, 37.8837183136295], [-81.421827011268, 37.8837109973358], [-81.4218131318168, 37.8812776377765], [-81.4207897637374, 37.8812813000525], [-81.4207851488477, 37.880470179868], [-81.4197617918057, 37.8804738331425], [-81.4197525850259, 37.878851592224], [-81.4207759196238, 37.8788479391615], [-81.4207713052897, 37.8780368186395], [-81.4217946284811, 37.8780331567887], [-81.4217761281155, 37.8747886740004], [-81.4227994062405, 37.8747850036814], [-81.422794770394, 37.8739738828096], [-81.4238180371139, 37.873970203704], [-81.4238087435422, 37.8723479618364], [-81.4248319876389, 37.8723442740518], [-81.424827329915, 37.8715331530562], [-81.4258505626071, 37.8715294564864], [-81.4258458938529, 37.8707183354856], [-81.4268691151403, 37.870714630131], [-81.426859755761, 37.869092388007], [-81.4258365569067, 37.8690960931465], [-81.4258272207098, 37.8674738503573], [-81.4268503971328, 37.8674701454329], [-81.4268457181003, 37.8666590239771], [-81.4278688831205, 37.8666553102695], [-81.4278735733679, 37.8674664316175], [-81.4299199252732, 37.8674589773136], [-81.4299246381397, 37.8682700983327], [-81.4309478250242, 37.8682663577356], [-81.4309431009424, 37.8674552368251], [-81.4319662764219, 37.8674514874456], [-81.4319615413147, 37.8666403665314], [-81.4329847053893, 37.86663660837], [-81.4329799592576, 37.8658254874524], [-81.4207021124944, 37.8658699973067], [-81.4207205598342, 37.8691144854708], [-81.4196973598626, 37.8691181372609], [-81.419692758966, 37.8683070152826], [-81.4176463809013, 37.868314291977], [-81.4176326466095, 37.8658809247334], [-81.4114937098916, 37.8659025395417], [-81.4114982205174, 37.8667136626962], [-81.4125213883068, 37.8667100823506], [-81.4125259103287, 37.8675212052887], [-81.4135490891518, 37.8675176159481], [-81.4135626899542, 37.8699509837748], [-81.4125394774832, 37.869954573428], [-81.4125485231603, 37.8715768182917], [-81.4135717580656, 37.8715732284301], [-81.4135808269048, 37.8731954726354], [-81.4146040840641, 37.8731918736725], [-81.4146086299753, 37.8740029955019], [-81.4125620930373, 37.8740101847436], [-81.4125575695635, 37.8731990627055], [-81.4115343120406, 37.8732026438826], [-81.4115388242958, 37.8740137660247], [-81.4105155553732, 37.8740173384126], [-81.4105335613255, 37.8772618262707], [-81.4115568751274, 37.877258253468], [-81.4115659016299, 37.8788804965146], [-81.4105425653855, 37.8788840695248], [-81.4105515701684, 37.8805063123289], [-81.4095282112992, 37.8805098766512], [-81.4095237200397, 37.879698755202], [-81.4085003722126, 37.8797023105259], [-81.40848693318, 37.8772689451936], [-81.4074636188374, 37.8772724913137], [-81.4074591507399, 37.8764613692083], [-81.4054125439583, 37.8764684345608], [-81.4054169896147, 37.8772795568712], [-81.4033703596784, 37.8772865868519], [-81.4033792066414, 37.8789088315435], [-81.40133253111, 37.8789158263532], [-81.401336932414, 37.8797269487333], [-81.4003135831612, 37.8797304328972], [-81.4003179734194, 37.880541555266], [-81.399294612768, 37.8805450306357], [-81.3992814761878, 37.8781116628894], [-81.4013281299827, 37.8781047038607], [-81.4013237290319, 37.8772935812556], [-81.4023470444437, 37.8772900885009], [-81.402342632449, 37.8764789658847], [-81.4033659364631, 37.8764754643374], [-81.4033615134253, 37.8756643417104], [-81.4043848060418, 37.875660831371], [-81.4043803719619, 37.8748497087334], [-81.4064269342212, 37.874842661578], [-81.4064180217193, 37.8732204163745], [-81.407441280143, 37.873216879662], [-81.407436812942, 37.8724057569941], [-81.4084600599682, 37.8724022114916], [-81.4084466257886, 37.869968843122], [-81.4094698389829, 37.8699652890363], [-81.4094563727725, 37.8675319199639], [-81.4084331932262, 37.86753547374], [-81.4084287160648, 37.8667243503877], [-81.4094518843959, 37.8667207967147], [-81.4094473961995, 37.8659096733531], [-81.4063779243116, 37.8659203073908], [-81.406382378864, 37.8667314310612], [-81.407405547554, 37.8667278951699], [-81.4074100135003, 37.8675390186251], [-81.4063868335952, 37.867542554619], [-81.4063912885051, 37.8683536780644], [-81.4053680972056, 37.8683572052696], [-81.4053636535112, 37.8675460817218], [-81.404340473249, 37.8675495999335], [-81.4043316088252, 37.8659273522962], [-81.4022852926273, 37.8659343616392], [-81.4022941121914, 37.8675566096834], [-81.4002477504258, 37.8675635838688], [-81.4002433629857, 37.8667524597004], [-81.4012665327415, 37.8667489771544], [-81.4012621342627, 37.8659378529747], [-81.3869378988297, 37.8659857981535], [-81.3869421403016, 37.8667969237251], [-81.3848957957722, 37.8668036309802], [-81.38489157673, 37.8659925052139], [-81.3828452539531, 37.8659991767114]]]}, "properties": {"name": "5", "folder": "5", "style_id": "5", "stroke": "#6e6e6e", "stroke-opacity": 1.0, "stroke-width": 0, "fill": "#70ffd2", "fill-opacity": 1.0}}, {"type": "Feature", "geometry": {"type": "Polygon", "coordinates": [[[-81.4487357918471, 37.9330905644112], [-81.4487407225929, 37.9339016743149], [-81.4497648159284, 37.9338977644958], [-81.4497598739309, 37.9330866547055], [-81.4487357918471, 37.9330905644112]]]}, "properties": {"name": "6", "folder": "6", "style_id": "6", "stroke": "#6e6e6e", "stroke-opacity": 1.0, "stroke-width": 0, "fill": "#e7ff4a", "fill-opacity": 1.0}}, {"type": "Feature", "geometry": {"type": "Polygon", "coordinates": [[[-81.4477018711699, 37.9314722448334], [-81.4477117095655, 37.9330944652051], [-81.4487357918471, 37.9330905644112], [-81.4487259309494, 37.9314683442658], [-81.4477018711699, 37.9314722448334]]]}, "properties": {"name": "6", "folder": "6", "style_id": "6", "stroke": "#6e6e6e", "stroke-opacity": 1.0, "stroke-width": 0, "fill": "#e7ff4a", "fill-opacity": 1.0}}, {"type": "Feature", "geometry": {"type": "Polygon", "coordinates": [[[-81.4517931451951, 37.9306454791947], [-81.4517981090984, 37.9314565890953], [-81.4528221680836, 37.9314526528825], [-81.4528171929299, 37.9306415430961], [-81.4517931451951, 37.9306454791947]]]}, "properties": {"name": "6", "folder": "6", "style_id": "6", "stroke": "#6e6e6e", "stroke-opacity": 1.0, "stroke-width": 0, "fill": "#e7ff4a", "fill-opacity": 1.0}}, {"type": "Feature", "geometry": {"type": "Polygon", "coordinates": [[[-81.4466729035419, 37.9306650260218], [-81.4466778111931, 37.9314761364896], [-81.4477018711699, 37.9314722448334], [-81.4476969522683, 37.9306611344785], [-81.4466729035419, 37.9306650260218]]]}, "properties": {"name": "6", "folder": "6", "style_id": "6", "stroke": "#6e6e6e", "stroke-opacity": 1.0, "stroke-width": 0, "fill": "#e7ff4a", "fill-opacity": 1.0}}, {"type": "Feature", "geometry": {"type": "Polygon", "coordinates": [[[-81.4856239631712, 37.9361886225383], [-81.4856186267245, 37.9353775172192], [-81.4866427351384, 37.9353732863225], [-81.4866373876536, 37.9345621810134], [-81.4876614846005, 37.9345579413273], [-81.4876561260784, 37.9337468360284], [-81.4866320403833, 37.9337510755916], [-81.4866266933277, 37.932939970057], [-81.4876507677713, 37.9329357306169], [-81.4876400518024, 37.9313135194556], [-81.4886641035295, 37.9313092713503], [-81.488653365921, 37.9296870599846], [-81.4876293366937, 37.9296913078433], [-81.4876346941406, 37.9305024137058], [-81.485586612542, 37.9305108829373], [-81.4855919477037, 37.9313219889328], [-81.4845678953328, 37.9313262103047], [-81.4845785437971, 37.9329484222024], [-81.4835544687109, 37.9329526349076], [-81.4835597820122, 37.9337637408096], [-81.4825356954613, 37.9337679447251], [-81.4825409977238, 37.9345790506363], [-81.4815168997082, 37.9345832457616], [-81.4815116086976, 37.9337721397286], [-81.4804875217215, 37.9337763258203], [-81.4804822421748, 37.9329652195532], [-81.4784340900904, 37.9329735647586], [-81.4784498618546, 37.9354068839481], [-81.4774257517397, 37.9354110435453], [-81.4774309981636, 37.936222149837], [-81.4753827547968, 37.9362304425346], [-81.4753879789245, 37.9370415489542], [-81.474363845673, 37.9370456820538], [-81.4743690587567, 37.9378567884806], [-81.4712966239869, 37.9378691346595], [-81.4712914446648, 37.9370580278745], [-81.470267310579, 37.937062125322], [-81.4702621427181, 37.9362510183054], [-81.4661656493188, 37.9362673184924], [-81.4661502820109, 37.9338339953478], [-81.4671743719127, 37.9338299340238], [-81.4671692386363, 37.9330188262014], [-81.4692173953181, 37.9330106770537], [-81.4692122397455, 37.932199569355], [-81.4712603730972, 37.9321913847978], [-81.47125519523, 37.9313802772239], [-81.4722792503437, 37.9313761716972], [-81.4722740614342, 37.9305650641297], [-81.4712500175708, 37.9305691695373], [-81.4712448401193, 37.929758061738], [-81.4651006400892, 37.9297825063442], [-81.4651057500418, 37.9305936148527], [-81.4640817047332, 37.9305976578835], [-81.4640868036406, 37.9314087663966], [-81.4620386899092, 37.9314168259591], [-81.4620437665198, 37.9322279345934], [-81.4610196980974, 37.9322319511243], [-81.461029829427, 37.9338541682879], [-81.4600057382985, 37.9338581761399], [-81.4600107930162, 37.9346692846689], [-81.4589866904325, 37.9346732837248], [-81.4589917341005, 37.9354843922573], [-81.4579676200619, 37.9354883825166], [-81.4579726526793, 37.9362994910522], [-81.4569485271855, 37.9363034725145], [-81.4569435058212, 37.9354923638634], [-81.455919391379, 37.9354963362976], [-81.4559143814688, 37.9346852274187], [-81.4569384846584, 37.9346812550997], [-81.4569334636972, 37.9338701462233], [-81.4559093717598, 37.9338741184271], [-81.4559043622518, 37.9330630093228], [-81.454880281365, 37.9330669724995], [-81.4548752833093, 37.9322558631675], [-81.4538512134732, 37.9322598173177], [-81.453846226869, 37.9314487077584], [-81.4528221680836, 37.9314526528825], [-81.45283211899, 37.9330748721174], [-81.4538562002776, 37.9330709267643], [-81.4538611872821, 37.9338820360983], [-81.4548852796213, 37.9338780817187], [-81.4549052746527, 37.9371225174692], [-81.4590018220439, 37.9371066089841], [-81.458996777971, 37.936295500677], [-81.4610450279466, 37.9362874931883], [-81.4610348953969, 37.9346652767007], [-81.4620589975743, 37.9346612598202], [-81.4620488433341, 37.933039043115], [-81.4640970020695, 37.9330309830849], [-81.4640919027527, 37.9322198747971], [-81.466140038167, 37.9322117793547], [-81.4661349165534, 37.9314006711891], [-81.4671589727017, 37.9313966102185], [-81.467164105566, 37.9322077182663], [-81.466140038167, 37.9322117793547], [-81.4661451599862, 37.9330228874076], [-81.4651210811304, 37.9330269397021], [-81.4651313028818, 37.934649155705], [-81.4641072013172, 37.9346531993224], [-81.464112301248, 37.9354643072721], [-81.4630881882261, 37.9354683420942], [-81.4630932771087, 37.9362794500484], [-81.4620691526295, 37.9362834760747], [-81.462089465186, 37.9395279072317], [-81.4651619730599, 37.9395158010093], [-81.4651517488465, 37.9378935863586], [-81.4692483331002, 37.937877320879], [-81.4692534901217, 37.9386884277888], [-81.4672051758983, 37.9386965785917], [-81.4672103106172, 37.9395076856252], [-81.4651619730599, 37.9395158010093], [-81.4651721980941, 37.9411380152092], [-81.4620996226872, 37.941150122134], [-81.462089465186, 37.9395279072317], [-81.4610652954864, 37.9395319248114], [-81.4610602282963, 37.9387208170747], [-81.4538911135134, 37.9387486897364], [-81.4538961019193, 37.9395597982818], [-81.4528719306052, 37.9395637445506], [-81.4528818855067, 37.9411859615324], [-81.4508334972571, 37.9411938277848], [-81.4508235873781, 37.9395716103466], [-81.4518477590913, 37.9395676819056], [-81.4518278967026, 37.9363232461333], [-81.4508037700064, 37.9363271741185], [-81.4507889090655, 37.9338938457646], [-81.4497648159284, 37.9338977644958], [-81.4497845859023, 37.9371422025305], [-81.450808724051, 37.9371382833445], [-81.4508186327368, 37.9387605014586], [-81.4497944720796, 37.938764420872], [-81.4497994154659, 37.9395755298738], [-81.4457027258376, 37.9395911188432], [-81.4456978274712, 37.9387800093892], [-81.4436495039854, 37.9387877501658], [-81.443654379842, 37.9395988598444], [-81.4446785529379, 37.9395949938008], [-81.4446834402456, 37.9404061032546], [-81.4457076244008, 37.9404022281846], [-81.4457125231605, 37.9412133374133], [-81.4498093028338, 37.9411977475394], [-81.4498142468154, 37.9420088562032], [-81.450838452495, 37.9420049363349], [-81.4508483635675, 37.9436271530971], [-81.4539210469528, 37.9436153393188], [-81.4539010905255, 37.9403709067145], [-81.4549252728948, 37.9403669514171], [-81.4549202730332, 37.9395558430991], [-81.4600411255834, 37.9395359334774], [-81.4600461817215, 37.9403470412177], [-81.4610703628798, 37.9403430324355], [-81.4610804982769, 37.9419652473456], [-81.4631289050066, 37.9419572025721], [-81.4631339955235, 37.9427683096248], [-81.4641582098388, 37.942764273749], [-81.4641633118171, 37.9435753805719], [-81.4662117623469, 37.9435672818409], [-81.4662168870451, 37.9443783883161], [-81.4672411232591, 37.9443743254601], [-81.4672308515539, 37.9427521126326], [-81.4682550650473, 37.9427480410974], [-81.4682499182474, 37.9419369346327], [-81.4672257160106, 37.9419410060498], [-81.4672205806733, 37.9411298993543], [-81.468244771654, 37.9411258280553], [-81.4682396252672, 37.9403147213652], [-81.4692638047856, 37.9403106412703], [-81.469268962428, 37.941121747842], [-81.4702931529951, 37.9411176587144], [-81.4702983221007, 37.9419287650548], [-81.4713225237164, 37.941924666894], [-81.4713328850637, 37.9435468789988], [-81.472357108985, 37.9435427716851], [-81.472362301228, 37.9443538774493], [-81.4754350055119, 37.9443415016588], [-81.4754297794965, 37.9435303962536], [-81.4774782254561, 37.9435221013906], [-81.4774834739863, 37.9443332065551], [-81.4877258036456, 37.944291196119], [-81.4877204425418, 37.9434800921731], [-81.484647779655, 37.9434927885461], [-81.4846424525371, 37.9426816841191], [-81.4815698214965, 37.942694299891], [-81.4815645283617, 37.9418831949853], [-81.4795161291179, 37.9418915606833], [-81.4795108587076, 37.9410804554223], [-81.4948736633207, 37.9410168453695], [-81.4948627854762, 37.9393946381998], [-81.4928144593536, 37.9394032349261], [-81.4928090432679, 37.9385921309228], [-81.4897365862183, 37.9386049587875], [-81.4897419685403, 37.9394160631631], [-81.4856453111001, 37.9394330426872], [-81.4856399737965, 37.9386219378191], [-81.4846158201544, 37.9386261602934], [-81.4845998432902, 37.936192844645], [-81.4856239631712, 37.9361886225383]], [[-81.4815221909312, 37.9353943516818], [-81.4815274823665, 37.9362054574893], [-81.4794792406881, 37.9362138214886], [-81.4794845098292, 37.937024927426], [-81.4784603774192, 37.9370290961775], [-81.478465635518, 37.9378402021232], [-81.4764173475577, 37.9378485131284], [-81.4764225833591, 37.9386596192024], [-81.4753984278092, 37.9386637614553], [-81.4754088775327, 37.9402859735056], [-81.4743846992632, 37.9402901070848], [-81.4743899131839, 37.9411012130608], [-81.4764382920244, 37.9410929367482], [-81.4764330555925, 37.9402818310123], [-81.477457233442, 37.9402776796051], [-81.4774519859651, 37.9394665738769], [-81.4805244844829, 37.9394540665338], [-81.4805192034525, 37.9386429610558], [-81.4815433579471, 37.9386387742354], [-81.4815380658745, 37.9378276687661], [-81.4825622089024, 37.9378234731539], [-81.4825569057885, 37.9370123676936], [-81.4835810373498, 37.9370081632902], [-81.4835704092544, 37.9353859522753], [-81.4815221909312, 37.9353943516818]]]}, "properties": {"name": "6", "folder": "6", "style_id": "6", "stroke": "#6e6e6e", "stroke-opacity": 1.0, "stroke-width": 0, "fill": "#e7ff4a", "fill-opacity": 1.0}}, {"type": "Feature", "geometry": {"type": "Polygon", "coordinates": [[[-81.4507641448071, 37.9298382962551], [-81.4507690972612, 37.9306494063823], [-81.4517931451951, 37.9306454791947], [-81.4517881814911, 37.9298343691815], [-81.4507641448071, 37.9298382962551]]]}, "properties": {"name": "6", "folder": "6", "style_id": "6", "stroke": "#6e6e6e", "stroke-opacity": 1.0, "stroke-width": 0, "fill": "#e7ff4a", "fill-opacity": 1.0}}, {"type": "Feature", "geometry": {"type": "Polygon", "coordinates": [[[-81.4497351669184, 37.9290311040644], [-81.4497401079243, 37.9298422144179], [-81.4507641448071, 37.9298382962551], [-81.4507591925517, 37.9290271860153], [-81.4497351669184, 37.9290311040644]]]}, "properties": {"name": "6", "folder": "6", "style_id": "6", "stroke": "#6e6e6e", "stroke-opacity": 1.0, "stroke-width": 0, "fill": "#e7ff4a", "fill-opacity": 1.0}}, {"type": "Feature", "geometry": {"type": "Polygon", "coordinates": [[[-81.4466483682405, 37.9266094719938], [-81.4466532749069, 37.9274205830246], [-81.447677278636, 37.9274166919329], [-81.447682196748, 37.9282278027383], [-81.4487062115284, 37.9282239026234], [-81.4487111410868, 37.929035013203], [-81.4497351669184, 37.9290311040644], [-81.4497252855018, 37.9274088830195], [-81.4487012821678, 37.9274127919312], [-81.4486963530051, 37.9266016811264], [-81.4466483682405, 37.9266094719938]]]}, "properties": {"name": "6", "folder": "6", "style_id": "6", "stroke": "#6e6e6e", "stroke-opacity": 1.0, "stroke-width": 0, "fill": "#e7ff4a", "fill-opacity": 1.0}}, {"type": "Feature", "geometry": {"type": "Polygon", "coordinates": [[[-81.4527873462009, 37.9257748820122], [-81.4527972943119, 37.9273971028241], [-81.45382129685, 37.9273931582722], [-81.4538262824535, 37.9282042683947], [-81.4558743094259, 37.9281963523314], [-81.4558793177276, 37.9290074621116], [-81.4589513904245, 37.9289955208432], [-81.4589362648855, 37.9265621922039], [-81.4579122746006, 37.92656618119], [-81.4579072444066, 37.9257550713025], [-81.4568832651675, 37.9257590512634], [-81.4568933032616, 37.9273812711567], [-81.4548452991879, 37.9273892048104], [-81.4548403025363, 37.9265780946899], [-81.4538163114465, 37.926582048037], [-81.4538113262432, 37.9257709376892], [-81.4527873462009, 37.9257748820122]]]}, "properties": {"name": "6", "folder": "6", "style_id": "6", "stroke": "#6e6e6e", "stroke-opacity": 1.0, "stroke-width": 0, "fill": "#e7ff4a", "fill-opacity": 1.0}}, {"type": "Feature", "geometry": {"type": "Polygon", "coordinates": [[[-81.4456194803409, 37.9258022428066], [-81.4456243755625, 37.9266133540627], [-81.4466483682405, 37.9266094719938], [-81.446643461771, 37.9257983608502], [-81.4456194803409, 37.9258022428066]]]}, "properties": {"name": "6", "folder": "6", "style_id": "6", "stroke": "#6e6e6e", "stroke-opacity": 1.0, "stroke-width": 0, "fill": "#e7ff4a", "fill-opacity": 1.0}}, {"type": "Feature", "geometry": {"type": "Polygon", "coordinates": [[[-81.4752783162633, 37.920008290474], [-81.4752835361991, 37.9208193991477], [-81.4763074442597, 37.9208152595379], [-81.4763022130796, 37.9200041509844], [-81.4752783162633, 37.920008290474]]]}, "properties": {"name": "6", "folder": "6", "style_id": "6", "stroke": "#6e6e6e", "stroke-opacity": 1.0, "stroke-width": 0, "fill": "#e7ff4a", "fill-opacity": 1.0}}, {"type": "Feature", "geometry": {"type": "Polygon", "coordinates": [[[-81.4742492107553, 37.9192013121499], [-81.4742544192376, 37.9200124210561], [-81.4752783162633, 37.920008290474], [-81.4752730965371, 37.9191971816877], [-81.4742492107553, 37.9192013121499]]]}, "properties": {"name": "6", "folder": "6", "style_id": "6", "stroke": "#6e6e6e", "stroke-opacity": 1.0, "stroke-width": 0, "fill": "#e7ff4a", "fill-opacity": 1.0}}, {"type": "Feature", "geometry": {"type": "Polygon", "coordinates": [[[-81.4527873462009, 37.9257748820122], [-81.4527773988885, 37.9241526607497], [-81.4517534411407, 37.9241565959348], [-81.4517385554068, 37.9217232628537], [-81.4507146311974, 37.9217271887881], [-81.4506997809894, 37.9192938543515], [-81.4486519994424, 37.9193016788145], [-81.4486569268249, 37.920112790633], [-81.4476330245104, 37.9201166896164], [-81.4476379408461, 37.9209278014354], [-81.4466140270897, 37.920931691624], [-81.4466238378625, 37.9225539151499], [-81.4445759647785, 37.9225616692531], [-81.4445954987142, 37.9258061158534], [-81.4456194803409, 37.9258022428066], [-81.4456096904869, 37.9241800199564], [-81.4466336494229, 37.9241761382253], [-81.4466287435443, 37.9233650267439], [-81.4476526910371, 37.9233611362167], [-81.4476477741094, 37.9225500247356], [-81.4486717101589, 37.9225461254127], [-81.4486667821831, 37.9217350139321], [-81.4496907067894, 37.9217311058142], [-81.4496956460107, 37.9225422171814], [-81.4507195816641, 37.9225383000416], [-81.4507344342565, 37.9249716331265], [-81.4517584034503, 37.9249677067365], [-81.4517633659591, 37.9257788174256], [-81.4527873462009, 37.9257748820122]]]}, "properties": {"name": "6", "folder": "6", "style_id": "6", "stroke": "#6e6e6e", "stroke-opacity": 1.0, "stroke-width": 0, "fill": "#e7ff4a", "fill-opacity": 1.0}}, {"type": "Feature", "geometry": {"type": "Polygon", "coordinates": [[[-81.4721962527784, 37.9183984370946], [-81.4722014385649, 37.9192095463524], [-81.4742492107553, 37.9192013121499], [-81.4742440024819, 37.918390203131], [-81.4721962527784, 37.9183984370946]]]}, "properties": {"name": "6", "folder": "6", "style_id": "6", "stroke": "#6e6e6e", "stroke-opacity": 1.0, "stroke-width": 0, "fill": "#e7ff4a", "fill-opacity": 1.0}}, {"type": "Feature", "geometry": {"type": "Polygon", "coordinates": [[[-81.4527425895826, 37.9184748827828], [-81.4527525341006, 37.9200971056223], [-81.4537764354217, 37.9200931621004], [-81.4537814192246, 37.9209042732367], [-81.4548053315902, 37.9209003206924], [-81.4548253137849, 37.9241447636525], [-81.4558492709325, 37.9241408017405], [-81.4558592857269, 37.9257630223148], [-81.4568832651675, 37.9257590512634], [-81.4568682095371, 37.9233257205787], [-81.4558442638368, 37.9233296912844], [-81.4558242374634, 37.9200852483335], [-81.4548003365428, 37.9200892096708], [-81.4547953416959, 37.9192780985365], [-81.4537714518188, 37.9192820508514], [-81.453766468416, 37.9184709394898], [-81.4527425895826, 37.9184748827828]]]}, "properties": {"name": "6", "folder": "6", "style_id": "6", "stroke": "#6e6e6e", "stroke-opacity": 1.0, "stroke-width": 0, "fill": "#e7ff4a", "fill-opacity": 1.0}}, {"type": "Feature", "geometry": {"type": "Polygon", "coordinates": [[[-81.4445515517688, 37.9185061084688], [-81.4425037903468, 37.9185138258182], [-81.4425086500694, 37.9193249384243], [-81.4404608653798, 37.9193326203678], [-81.4404657028092, 37.9201437330841], [-81.4394417989287, 37.9201475608057], [-81.4394466253076, 37.9209586735204], [-81.4384227099888, 37.9209624924451], [-81.4384275253164, 37.9217736051581], [-81.4394514518802, 37.9217697861226], [-81.4394562786466, 37.9225808986122], [-81.4404802162622, 37.9225770705574], [-81.4404898928686, 37.9241992949766], [-81.4394659327605, 37.9242031232535], [-81.4394852433134, 37.9274475711848], [-81.4384612380212, 37.927451390996], [-81.4384660548952, 37.9282625028081], [-81.4374420381611, 37.9282663138198], [-81.4374516499903, 37.9298885373274], [-81.4364276105645, 37.9298923396493], [-81.4364419960036, 37.932325674397], [-81.4354179226337, 37.9323294681383], [-81.4354227069136, 37.9331405796057], [-81.4364467915349, 37.9331367857544], [-81.4364515872587, 37.9339478969991], [-81.4374756829394, 37.9339440941256], [-81.4374660691809, 37.9323218717441], [-81.4384901421654, 37.9323180601796], [-81.4384853243246, 37.9315069489305], [-81.4395093858648, 37.9315031285652], [-81.4395045569668, 37.9306920173143], [-81.4415526569642, 37.930684350072], [-81.4415623599566, 37.9323065720161], [-81.4446345759953, 37.9322950036481], [-81.4446248054986, 37.9306727823752], [-81.4466729035419, 37.9306650260218], [-81.4466679960877, 37.9298539154415], [-81.4456439584143, 37.929857797961], [-81.4456390624066, 37.9290466871554], [-81.4446150357862, 37.9290505606518], [-81.4446199205444, 37.9298616715698], [-81.4405237671085, 37.9298770768964], [-81.440494731463, 37.9250104070173], [-81.4415187026238, 37.92500656972], [-81.4414944553636, 37.9209510089472], [-81.4425183700998, 37.9209471632985], [-81.4425135099871, 37.9201360509177], [-81.4435374132837, 37.9201321964729], [-81.4435325421219, 37.9193210840913], [-81.4445564339788, 37.9193172208509], [-81.4445515517688, 37.9185061084688]]]}, "properties": {"name": "6", "folder": "6", "style_id": "6", "stroke": "#6e6e6e", "stroke-opacity": 1.0, "stroke-width": 0, "fill": "#e7ff4a", "fill-opacity": 1.0}}, {"type": "Feature", "geometry": {"type": "Polygon", "coordinates": [[[-81.4271455550625, 37.9185705702655], [-81.4271596288258, 37.9210039126855], [-81.4281835462457, 37.9210001917494], [-81.4281882491219, 37.9218113055563], [-81.4240925333335, 37.9218261362826], [-81.4240971914159, 37.9226372504073], [-81.4261450721771, 37.9226298526461], [-81.4261497529387, 37.9234409664435], [-81.4312695077765, 37.9234223155991], [-81.4312600339828, 37.921800088974], [-81.4302361058854, 37.9218038367431], [-81.4302313805188, 37.9209927231529], [-81.4292074634769, 37.9209964619052], [-81.4292027495447, 37.9201853480939], [-81.4281788435583, 37.9201890778299], [-81.4281694387496, 37.9185668496532], [-81.4271455550625, 37.9185705702655]]]}, "properties": {"name": "6", "folder": "6", "style_id": "6", "stroke": "#6e6e6e", "stroke-opacity": 1.0, "stroke-width": 0, "fill": "#e7ff4a", "fill-opacity": 1.0}}, {"type": "Feature", "geometry": {"type": "Polygon", "coordinates": [[[-81.4220261338119, 37.9185890397171], [-81.4220354036917, 37.9202112691816], [-81.4210114963935, 37.9202149365627], [-81.4210161203677, 37.9210260512325], [-81.4148726052282, 37.9210478690878], [-81.4148771619165, 37.9218589842781], [-81.4128292995781, 37.9218661858405], [-81.4128429032633, 37.9242995313629], [-81.4118189380823, 37.9243031190938], [-81.4118234617609, 37.925114234147], [-81.4148953904987, 37.9251034439138], [-81.4148908330787, 37.9242923291737], [-81.4169387621625, 37.9242850913478], [-81.4169525024562, 37.9267184346003], [-81.4159285042634, 37.9267220582833], [-81.4159422124651, 37.9291554008382], [-81.4169662444045, 37.9291517768399], [-81.4169708254217, 37.9299628906946], [-81.419018911248, 37.9299556157546], [-81.4190281188357, 37.9315778427042], [-81.4200521839728, 37.9315741916559], [-81.4200567992949, 37.9323853048559], [-81.4210808754978, 37.93238164479], [-81.4210855022568, 37.9331927577713], [-81.4241577635041, 37.933181723783], [-81.4241531029905, 37.9323706111219], [-81.4231290273461, 37.932374297923], [-81.4231197293818, 37.9307520720491], [-81.4220956760524, 37.930755749725], [-81.4220864013344, 37.9291335231874], [-81.4210623703189, 37.9291371917393], [-81.4210484933843, 37.9267038507692], [-81.4220724906533, 37.9267001825367], [-81.4220678541319, 37.9258890687613], [-81.4230918399668, 37.9258853917255], [-81.4230964877362, 37.9266965053942], [-81.4241204846326, 37.9266928193418], [-81.4241298032283, 37.9283150461276], [-81.4251538224348, 37.9283113509509], [-81.4251584932624, 37.9291224640677], [-81.4261825235308, 37.9291187598731], [-81.4261872057956, 37.9299298727699], [-81.4282352882673, 37.929922437433], [-81.4282211745412, 37.9274890990521], [-81.4271971671472, 37.9274928208521], [-81.4271924741979, 37.9266817077253], [-81.4261684778639, 37.9266854205073], [-81.4261637963507, 37.9258743071603], [-81.4251398110767, 37.925878010925], [-81.425135140999, 37.9250668973578], [-81.424111166785, 37.9250705921057], [-81.4240971914159, 37.9226372504073], [-81.4230732507546, 37.9226409359249], [-81.423087192384, 37.9250742779442], [-81.4210392430229, 37.925081622893], [-81.4210438681108, 37.9258927368874], [-81.420019881904, 37.9258963961039], [-81.4200383391177, 37.9291408513805], [-81.4190143077313, 37.929144502111], [-81.4190097043993, 37.9283333883548], [-81.4179856840775, 37.9283370300689], [-81.4179535446594, 37.922659229884], [-81.4200014276534, 37.9226519390263], [-81.4199968145537, 37.9218408244754], [-81.4220446743157, 37.9218334981958], [-81.4220400389107, 37.9210223837449], [-81.4230639572676, 37.9210187073492], [-81.4230500184358, 37.9185853636414], [-81.4220261338119, 37.9185890397171]]]}, "properties": {"name": "6", "folder": "6", "style_id": "6", "stroke": "#6e6e6e", "stroke-opacity": 1.0, "stroke-width": 0, "fill": "#e7ff4a", "fill-opacity": 1.0}}, {"type": "Feature", "geometry": {"type": "Polygon", "coordinates": [[[-81.476286520799, 37.9175708246475], [-81.4762917513493, 37.9183819335392], [-81.4793633730746, 37.9183694623486], [-81.479368637565, 37.9191805707657], [-81.4814164068129, 37.9191722118609], [-81.4814269814039, 37.9207944278719], [-81.4804030743977, 37.9207986120207], [-81.4804136273476, 37.9224208278236], [-81.4793896976397, 37.9224250033069], [-81.4793949631867, 37.9232361111605], [-81.4783710220218, 37.9232402778564], [-81.47836051363, 37.9216180617948], [-81.4773365947451, 37.9216222193408], [-81.4773313521102, 37.9208111110203], [-81.4763074442597, 37.9208152595379], [-81.4763179072498, 37.922437476307], [-81.4773418375903, 37.9224333275486], [-81.4773575673887, 37.9248666514958], [-81.4783815312572, 37.9248624934672], [-81.4783867861912, 37.9256736011035], [-81.4814587102703, 37.9256610731997], [-81.4814322690177, 37.9216055357083], [-81.4834801048824, 37.9215971404437], [-81.4834854151987, 37.9224082479238], [-81.4845093440568, 37.9224040368073], [-81.4844827383849, 37.9183484988905], [-81.4803872465611, 37.918365287471], [-81.480381971039, 37.9175541790624], [-81.476286520799, 37.9175708246475]]]}, "properties": {"name": "6", "folder": "6", "style_id": "6", "stroke": "#6e6e6e", "stroke-opacity": 1.0, "stroke-width": 0, "fill": "#e7ff4a", "fill-opacity": 1.0}}, {"type": "Feature", "geometry": {"type": "Polygon", "coordinates": [[[-81.451713749833, 37.9176677054659], [-81.4517187105496, 37.9184788171687], [-81.4527425895826, 37.9184748827828], [-81.4527376176229, 37.9176637711942], [-81.451713749833, 37.9176677054659]]]}, "properties": {"name": "6", "folder": "6", "style_id": "6", "stroke": "#6e6e6e", "stroke-opacity": 1.0, "stroke-width": 0, "fill": "#e7ff4a", "fill-opacity": 1.0}}, {"type": "Feature", "geometry": {"type": "Polygon", "coordinates": [[[-81.3903413555433, 37.929243104803], [-81.3903327790188, 37.9276208714564], [-81.3893087649559, 37.9276242635778], [-81.3893002116167, 37.9260020295844], [-81.3913481945769, 37.9259952368255], [-81.3913438956693, 37.9251841198571], [-81.3923678756431, 37.9251807102119], [-81.3923635656608, 37.92436959323], [-81.3944115025944, 37.9243627474095], [-81.3944158350712, 37.9251738641929], [-81.3964637938037, 37.9251669825357], [-81.3964681489497, 37.9259780990069], [-81.4026120884235, 37.9259572396021], [-81.4026076657916, 37.9251461237362], [-81.4015836875681, 37.9251496224765], [-81.4015792763609, 37.9243385063966], [-81.3995313418775, 37.9243454769465], [-81.3995269533408, 37.9235343605518], [-81.3985029970815, 37.9235378323622], [-81.3984942430287, 37.9219155990337], [-81.3995181767959, 37.9219121274248], [-81.3995137887876, 37.9211010106925], [-81.4005377111333, 37.9210975302761], [-81.4005333120562, 37.9202864135323], [-81.4015572229805, 37.920282924309], [-81.4015528128354, 37.9194718075539], [-81.4025767123382, 37.9194683095241], [-81.4025678700916, 37.9178460758794], [-81.4005201158843, 37.9178530626258], [-81.4005245144317, 37.9186641797072], [-81.3984767370311, 37.9186711310266], [-81.398481113267, 37.9194822481971], [-81.3964333126757, 37.9194891640875], [-81.3964376665982, 37.9203002813462], [-81.3913181058471, 37.9203174156844], [-81.3913138081472, 37.9195062979285], [-81.3882421033566, 37.9195164713404], [-81.3882378395615, 37.9187053531768], [-81.3872139488659, 37.9187087264008], [-81.3872224541385, 37.9203309628112], [-81.389270280336, 37.9203242070638], [-81.3892745557184, 37.9211353249042], [-81.3923463274615, 37.9211251241771], [-81.3923506367519, 37.9219362416091], [-81.3964463749676, 37.9219225155261], [-81.3964550840361, 37.9235447492559], [-81.3903113407195, 37.9235652861212], [-81.3903156280352, 37.9243764034133], [-81.3892916589641, 37.924379795141], [-81.3892959352045, 37.925190912419], [-81.3882719547145, 37.9251942953356], [-81.3882890163993, 37.928438763715], [-81.389313041883, 37.9284353804058], [-81.3893173189818, 37.9292464971212], [-81.3903413555433, 37.929243104803]]]}, "properties": {"name": "6", "folder": "6", "style_id": "6", "stroke": "#6e6e6e", "stroke-opacity": 1.0, "stroke-width": 0, "fill": "#e7ff4a", "fill-opacity": 1.0}}, {"type": "Feature", "geometry": {"type": "Polygon", "coordinates": [[[-81.4752574386153, 37.9167638546524], [-81.4752626577131, 37.9175749637769], [-81.476286520799, 37.9175708246475], [-81.4762812904587, 37.9167597156432], [-81.4752574386153, 37.9167638546524]]]}, "properties": {"name": "6", "folder": "6", "style_id": "6", "stroke": "#6e6e6e", "stroke-opacity": 1.0, "stroke-width": 0, "fill": "#e7ff4a", "fill-opacity": 1.0}}, {"type": "Feature", "geometry": {"type": "Polygon", "coordinates": [[[-81.3861815758966, 37.9170898536616], [-81.3861900579995, 37.9187120907172], [-81.3872139488659, 37.9187087264008], [-81.387205444276, 37.9170864895404], [-81.3861815758966, 37.9170898536616]]]}, "properties": {"name": "6", "folder": "6", "style_id": "6", "stroke": "#6e6e6e", "stroke-opacity": 1.0, "stroke-width": 0, "fill": "#e7ff4a", "fill-opacity": 1.0}}, {"type": "Feature", "geometry": {"type": "Polygon", "coordinates": [[[-81.4496512001553, 37.9152422108217], [-81.4496610756246, 37.9168644352456], [-81.4506849325694, 37.9168605189013], [-81.4506898818441, 37.9176716308307], [-81.451713749833, 37.9176677054659], [-81.4517038289973, 37.9160454817223], [-81.4506799834934, 37.9160494068594], [-81.450675034616, 37.9152382947047], [-81.4496512001553, 37.9152422108217]]]}, "properties": {"name": "6", "folder": "6", "style_id": "6", "stroke": "#6e6e6e", "stroke-opacity": 1.0, "stroke-width": 0, "fill": "#e7ff4a", "fill-opacity": 1.0}}, {"type": "Feature", "geometry": {"type": "Polygon", "coordinates": [[[-81.4271221025558, 37.9145149973139], [-81.4260982748929, 37.9145187084804], [-81.4261216711871, 37.9185742819704], [-81.4271455550625, 37.9185705702655], [-81.4271221025558, 37.9145149973139]]]}, "properties": {"name": "6", "folder": "6", "style_id": "6", "stroke": "#6e6e6e", "stroke-opacity": 1.0, "stroke-width": 0, "fill": "#e7ff4a", "fill-opacity": 1.0}}, {"type": "Feature", "geometry": {"type": "Polygon", "coordinates": [[[-81.4332555499896, 37.9128703146236], [-81.4332650645649, 37.9144925432892], [-81.4342888909008, 37.9144887697807], [-81.4342984287234, 37.9161109977769], [-81.4332745799041, 37.9161147715044], [-81.433269822139, 37.915303657453], [-81.4312221464119, 37.9153111779702], [-81.4312174113209, 37.9145000635881], [-81.4301935844136, 37.9145038103785], [-81.4301888607536, 37.9136926957751], [-81.4271174126193, 37.9137038823859], [-81.4271221025558, 37.9145149973139], [-81.4291697573166, 37.914507548263], [-81.4291744699246, 37.9153186628623], [-81.430198308263, 37.9153149248694], [-81.4302030323022, 37.9161260392476], [-81.431226881693, 37.9161222922397], [-81.4312316171642, 37.9169334063966], [-81.4332793378601, 37.9169258854431], [-81.4332840960071, 37.9177369992692], [-81.4353318384249, 37.9177294424693], [-81.4353270577922, 37.9169183288625], [-81.4363509174706, 37.9169145372121], [-81.4363365429978, 37.914481196046], [-81.4353127170452, 37.9144849873664], [-81.4353079371799, 37.9136738733092], [-81.4342841222766, 37.9136776556138], [-81.4342793538437, 37.9128665413342], [-81.4332555499896, 37.9128703146236]]]}, "properties": {"name": "6", "folder": "6", "style_id": "6", "stroke": "#6e6e6e", "stroke-opacity": 1.0, "stroke-width": 0, "fill": "#e7ff4a", "fill-opacity": 1.0}}, {"type": "Feature", "geometry": {"type": "Polygon", "coordinates": [[[-81.4711723776143, 37.9184025407158], [-81.471167203279, 37.9175914312262], [-81.4629762844713, 37.9176239385976], [-81.4629712002844, 37.916812828052], [-81.461947345753, 37.9168168512759], [-81.4619422730124, 37.916005740501], [-81.4609184295196, 37.9160097547018], [-81.4609133682244, 37.9151986436977], [-81.4598895357702, 37.9152026488759], [-81.4598844859193, 37.914391537643], [-81.4557891990456, 37.9144074688325], [-81.4557841943609, 37.9135963570247], [-81.4547603833801, 37.9136003174425], [-81.4547553901367, 37.9127892054071], [-81.4506601891755, 37.9128049575651], [-81.4506552410926, 37.91199384496], [-81.4486076618987, 37.9120016673797], [-81.4486125875015, 37.9128127802119], [-81.4475887863678, 37.9128166781772], [-81.4475937009279, 37.9136277910098], [-81.4486175133021, 37.9136238929314], [-81.4486273654964, 37.9152461180325], [-81.4496512001553, 37.9152422108217], [-81.4496462627179, 37.9144310984408], [-81.4506700859372, 37.9144271824375], [-81.4506651374571, 37.9136160700576], [-81.4537365721988, 37.9136042689547], [-81.4537415544017, 37.9144153809921], [-81.4547653768239, 37.9144114293653], [-81.4547753643128, 37.9160336528729], [-81.4557992090176, 37.9160296921103], [-81.455804214305, 37.9168408035802], [-81.4568280700512, 37.9168368337961], [-81.4568330867821, 37.9176479450382], [-81.4578569535697, 37.9176439662319], [-81.4578619817451, 37.9184550772459], [-81.4588858595739, 37.9184510894171], [-81.4588959390178, 37.9200733108757], [-81.459919839132, 37.9200693139078], [-81.4599299418744, 37.9216915346838], [-81.4609538642752, 37.9216875285757], [-81.4609589271959, 37.9224986386785], [-81.4619828606388, 37.9224946235458], [-81.4619727125104, 37.9208724034606], [-81.4609488015577, 37.9208764183603], [-81.4609437390434, 37.9200653080322], [-81.4629915382563, 37.9200572695581], [-81.4629966232595, 37.920868379653], [-81.4650444441448, 37.9208603053141], [-81.4650495518418, 37.921671415062], [-81.4691452361283, 37.921655159018], [-81.4691503890115, 37.9224662681816], [-81.4619828606388, 37.9224946235458], [-81.4619930095819, 37.9241168431804], [-81.4630169653132, 37.9241128189058], [-81.463022051337, 37.9249239284373], [-81.4640460181109, 37.9249198951367], [-81.4640409208404, 37.9241087857222], [-81.4722325576548, 37.924076199533], [-81.4722273706194, 37.9232650909513], [-81.4712034279877, 37.923269195287], [-81.4711930770324, 37.9216469775473], [-81.470169156684, 37.9216510727367], [-81.4701639927627, 37.9208399635791], [-81.4670922642101, 37.9208521953437], [-81.4670871342293, 37.9200410857184], [-81.4660632355437, 37.9200451450398], [-81.4660581170127, 37.919234035184], [-81.4670820044543, 37.9192299759805], [-81.4670768748853, 37.9184188661299], [-81.4711723776143, 37.9184025407158]]]}, "properties": {"name": "6", "folder": "6", "style_id": "6", "stroke": "#6e6e6e", "stroke-opacity": 1.0, "stroke-width": 0, "fill": "#e7ff4a", "fill-opacity": 1.0}}, {"type": "Feature", "geometry": {"type": "Polygon", "coordinates": [[[-81.437341160525, 37.9112329397964], [-81.4373459622942, 37.9120440539711], [-81.43836975414, 37.9120402451704], [-81.438374567342, 37.912851359122], [-81.4393983702347, 37.9128475413054], [-81.4394031948705, 37.9136586550336], [-81.4404270088102, 37.9136548282005], [-81.4404318448806, 37.914465941705], [-81.4414556698672, 37.9144621058549], [-81.4414508225558, 37.9136509924617], [-81.4424746361068, 37.9136471478172], [-81.4424697777493, 37.9128360344229], [-81.4445173817848, 37.9128283186408], [-81.4445271436578, 37.914450544869], [-81.4455509678634, 37.9144466733952], [-81.4455656458679, 37.9168800115559], [-81.4445417879366, 37.9168838833667], [-81.4445515517688, 37.9185061084688], [-81.4455754321861, 37.9185022364332], [-81.4455705389288, 37.9176911240509], [-81.4465944079064, 37.9176872432207], [-81.4465698883564, 37.9136316801826], [-81.445546075588, 37.9136355604497], [-81.4455362916263, 37.912013334221], [-81.4445125011422, 37.9120172053578], [-81.4445076206954, 37.9112060919622], [-81.4424600616194, 37.9112138072965], [-81.4424649195868, 37.912024920916], [-81.4393935457926, 37.9120364274646], [-81.4393887215441, 37.9112253135112], [-81.437341160525, 37.9112329397964]]]}, "properties": {"name": "6", "folder": "6", "style_id": "6", "stroke": "#6e6e6e", "stroke-opacity": 1.0, "stroke-width": 0, "fill": "#e7ff4a", "fill-opacity": 1.0}}, {"type": "Feature", "geometry": {"type": "Polygon", "coordinates": [[[-81.437341160525, 37.9112329397964], [-81.4373363589486, 37.9104218255091], [-81.4322175092326, 37.9104407348372], [-81.4322317459445, 37.9128740790076], [-81.4332555499896, 37.9128703146236], [-81.4332460361779, 37.9112480855078], [-81.437341160525, 37.9112329397964]]]}, "properties": {"name": "6", "folder": "6", "style_id": "6", "stroke": "#6e6e6e", "stroke-opacity": 1.0, "stroke-width": 0, "fill": "#e7ff4a", "fill-opacity": 1.0}}, {"type": "Feature", "geometry": {"type": "Polygon", "coordinates": [[[-81.4239528777608, 37.8974926602012], [-81.4239714887898, 37.9007371295317], [-81.4249951257899, 37.9007334379989], [-81.4249997902479, 37.901544554943], [-81.4280707338249, 37.9015334266118], [-81.42808013071, 37.9031556595164], [-81.4270564605698, 37.9031593780779], [-81.4270658357384, 37.9047816107481], [-81.4260421429391, 37.9047853206224], [-81.4260514963874, 37.9064075530577], [-81.4250277809277, 37.906411254244], [-81.4250324466963, 37.9072223704002], [-81.4260561733932, 37.9072186691065], [-81.4260608505866, 37.9080297850428], [-81.4301558004423, 37.9080148903991], [-81.4301510782988, 37.907203774895], [-81.4321985296163, 37.9071962743673], [-81.4321937851883, 37.9063851589683], [-81.4342412132701, 37.9063776230446], [-81.4342364465594, 37.9055665077518], [-81.435260149077, 37.9055627265446], [-81.4352553713215, 37.9047516112489], [-81.4362790624113, 37.9047478212486], [-81.4362982195309, 37.9079922813158], [-81.4373219553755, 37.9079884819716], [-81.4373267563738, 37.9087995965967], [-81.4403979964632, 37.9087881448085], [-81.4403931617513, 37.9079770305157], [-81.4424406316991, 37.9079693516924], [-81.4424309179086, 37.9063471232147], [-81.443454630116, 37.9063432706709], [-81.4434448946327, 37.9047210419664], [-81.4465159626634, 37.9047094315887], [-81.4465404713907, 37.9087650008206], [-81.4496117062043, 37.9087533086212], [-81.4496166422547, 37.9095644217904], [-81.4516641536172, 37.9095565822429], [-81.4516591950903, 37.9087454693011], [-81.4537066831802, 37.9087375943648], [-81.4537017023769, 37.907926481539], [-81.4557491671917, 37.9079185712159], [-81.4557441641137, 37.907107458507], [-81.4608627664426, 37.9070875274615], [-81.4608577073813, 37.9062764152183], [-81.4588102895293, 37.906284414115], [-81.4588052531438, 37.905473301527], [-81.4577815551507, 37.9054772875048], [-81.4577765302032, 37.9046661746885], [-81.4567528432444, 37.9046701516478], [-81.456747829734, 37.9038590386035], [-81.4557241538094, 37.903863006545], [-81.45573415856, 37.9054852327513], [-81.4547104599633, 37.90548919202], [-81.4547154514033, 37.9063003050691], [-81.4536917413699, 37.9063042555494], [-81.4536967217734, 37.9071153686005], [-81.4516492786336, 37.9071232430798], [-81.4516542367624, 37.9079343562468], [-81.4475593031492, 37.9079499988165], [-81.4475494769873, 37.9063277714621], [-81.4485731882133, 37.9063238744016], [-81.4485682641917, 37.9055127606685], [-81.4495919639836, 37.905508854818], [-81.4495722249321, 37.902264399213], [-81.4485485700814, 37.9022683046101], [-81.4485534933125, 37.9030794187936], [-81.4454824938727, 37.9030910819113], [-81.4454776043455, 37.9022799673893], [-81.4444539487071, 37.9022838371783], [-81.4444490706103, 37.9014727224314], [-81.4434254260104, 37.9014765832063], [-81.4434302928729, 37.9022876980652], [-81.4424066368434, 37.9022915500501], [-81.4424212048978, 37.9047248942867], [-81.441397514968, 37.9047287377041], [-81.4414072055063, 37.9063509668552], [-81.4403834929095, 37.9063548015924], [-81.4403883272334, 37.9071659161103], [-81.4383408789843, 37.9071735590964], [-81.4383120107812, 37.902306868969], [-81.4372883537818, 37.9023106764436], [-81.4372835543247, 37.9014995609178], [-81.436259908367, 37.9015033593801], [-81.4362646965898, 37.9023144750161], [-81.4352410392056, 37.9023182646865], [-81.4352458163858, 37.9031293803199], [-81.4342221475752, 37.9031331611979], [-81.434226913712, 37.9039442768284], [-81.4332032334748, 37.9039480489136], [-81.4332079885672, 37.904759164541], [-81.4321842969036, 37.9047629278328], [-81.4321890409508, 37.9055740434568], [-81.4311653378606, 37.9055777979546], [-81.4311700708616, 37.9063889135751], [-81.4280989267434, 37.9064001239749], [-81.4280848294355, 37.9039667757999], [-81.4291085106223, 37.9039630482279], [-81.4291038006616, 37.9031519320526], [-81.4301274704242, 37.9031481956864], [-81.4301227494177, 37.902337079507], [-81.4311464077561, 37.9023333343471], [-81.4311322121719, 37.8998999854594], [-81.4260140870985, 37.8999186206151], [-81.4260047366528, 37.8982963863789], [-81.424981133539, 37.8983000864912], [-81.4249764698297, 37.8974889690969], [-81.4239528777608, 37.8974926602012]]]}, "properties": {"name": "6", "folder": "6", "style_id": "6", "stroke": "#6e6e6e", "stroke-opacity": 1.0, "stroke-width": 0, "fill": "#e7ff4a", "fill-opacity": 1.0}}, {"type": "Feature", "geometry": {"type": "Polygon", "coordinates": [[[-81.4955929691407, 37.8955905691578], [-81.4956038458963, 37.8972127882538], [-81.4976510014346, 37.8972041510876], [-81.4976564626028, 37.8980152602158], [-81.4986800512749, 37.8980109281567], [-81.4986909967332, 37.8996331458235], [-81.49971460765, 37.8996288046119], [-81.4997200919414, 37.9004399131502], [-81.500743713871, 37.9004355629114], [-81.5007492096158, 37.9012466712108], [-81.5017728425581, 37.9012423119442], [-81.5017783497572, 37.9020534200043], [-81.5028019937121, 37.9020490517095], [-81.5028130312423, 37.9036712672379], [-81.5038366974445, 37.9036668897873], [-81.5038698827683, 37.9085335329042], [-81.5048936161655, 37.9085291457876], [-81.5049047021921, 37.9101513590032], [-81.5059284578428, 37.9101469627277], [-81.505939567237, 37.9117691752371], [-81.5069633451425, 37.9117647698016], [-81.5069689114136, 37.9125758757593], [-81.5110640657553, 37.9125581644554], [-81.5110584545262, 37.9117470590116], [-81.510034677517, 37.9117515000663], [-81.5100290777522, 37.9109403943808], [-81.5090053117572, 37.9109448264021], [-81.5089941353785, 37.9093226144357], [-81.5079703916361, 37.9093270372958], [-81.507942510798, 37.9052715047645], [-81.5069188230158, 37.9052759180802], [-81.5069021309034, 37.9028425968241], [-81.5079257849805, 37.9028381838926], [-81.5079146355543, 37.9012159694142], [-81.5068910039449, 37.9012203820895], [-81.5068854408006, 37.9004092745531], [-81.5058618202012, 37.9004136781991], [-81.5058562685129, 37.8996025704222], [-81.5089270959426, 37.8995893331646], [-81.508915925842, 37.8979671180407], [-81.5078923393865, 37.8979715391042], [-81.5078867659037, 37.8971604312448], [-81.5068631904559, 37.8971648432799], [-81.5068576284279, 37.8963537351797], [-81.5058340639878, 37.8963581381868], [-81.5058285134135, 37.8955470298461], [-81.5048049599812, 37.8955514238257], [-81.504810499325, 37.896362532294], [-81.4986691066951, 37.8963887100389], [-81.4986636347347, 37.8955776008109], [-81.4955929691407, 37.8955905691578]]]}, "properties": {"name": "6", "folder": "6", "style_id": "6", "stroke": "#6e6e6e", "stroke-opacity": 1.0, "stroke-width": 0, "fill": "#e7ff4a", "fill-opacity": 1.0}}, {"type": "Feature", "geometry": {"type": "Polygon", "coordinates": [[[-81.3881014884366, 37.8927495125514], [-81.3870779573147, 37.8927528826443], [-81.3870822044075, 37.893564004505], [-81.3881057467591, 37.8935606343143], [-81.3881014884366, 37.8927495125514]]]}, "properties": {"name": "6", "folder": "6", "style_id": "6", "stroke": "#6e6e6e", "stroke-opacity": 1.0, "stroke-width": 0, "fill": "#e7ff4a", "fill-opacity": 1.0}}, {"type": "Feature", "geometry": {"type": "Polygon", "coordinates": [[[-81.4249438291052, 37.8918111441852], [-81.4228968020052, 37.8918185159955], [-81.4229292855052, 37.8974963424049], [-81.4239528777608, 37.8974926602012], [-81.4239249668188, 37.892625952829], [-81.4249484915044, 37.8926222623674], [-81.4249438291052, 37.8918111441852]]]}, "properties": {"name": "6", "folder": "6", "style_id": "6", "stroke": "#6e6e6e", "stroke-opacity": 1.0, "stroke-width": 0, "fill": "#e7ff4a", "fill-opacity": 1.0}}, {"type": "Feature", "geometry": {"type": "Polygon", "coordinates": [[[-81.4341506784727, 37.8909664132308], [-81.4341554417411, 37.8917775305499], [-81.4351789533063, 37.8917737512078], [-81.4351741788095, 37.8909626339983], [-81.4341506784727, 37.8909664132308]]]}, "properties": {"name": "6", "folder": "6", "style_id": "6", "stroke": "#6e6e6e", "stroke-opacity": 1.0, "stroke-width": 0, "fill": "#e7ff4a", "fill-opacity": 1.0}}, {"type": "Feature", "geometry": {"type": "Polygon", "coordinates": [[[-81.3942383460363, 37.8919179838277], [-81.3942513231378, 37.8943513473395], [-81.3952748755136, 37.894347914753], [-81.3952792127919, 37.895159035599], [-81.3963027762242, 37.8951555940129], [-81.3963071249075, 37.8959667146465], [-81.3973306993963, 37.8959632640603], [-81.3973350594856, 37.8967743844813], [-81.3983586450308, 37.8967709248945], [-81.3983630165269, 37.8975820451026], [-81.3993866131285, 37.8975785765147], [-81.3993953791122, 37.8992008163921], [-81.3973481408033, 37.8992077450694], [-81.3973437801891, 37.8983966249859], [-81.3963201720047, 37.8984000758726], [-81.3963158227977, 37.8975889555764], [-81.3952922256711, 37.8975923974621], [-81.3952835502442, 37.8959701563325], [-81.3942599754068, 37.8959735891183], [-81.3942556491855, 37.8951624682852], [-81.3932320854055, 37.8951658920714], [-81.3932234559443, 37.8935436498689], [-81.3921999144518, 37.8935470645569], [-81.3921913081421, 37.8919248217063], [-81.3911677889357, 37.8919282272971], [-81.3911634972687, 37.8911171056043], [-81.3880929723043, 37.8911272686882], [-81.3881014884366, 37.8927495125514], [-81.3891250193876, 37.8927461335593], [-81.3891207500067, 37.891935011782], [-81.3901442695571, 37.8919316239891], [-81.3901485501672, 37.892742745668], [-81.391172080775, 37.8927393488775], [-81.3911806649703, 37.8943615917009], [-81.3922042178657, 37.8943581858135], [-81.3922128252116, 37.8959804279892], [-81.3932364003958, 37.8959770130039], [-81.3932407155593, 37.8967881338239], [-81.3942643018018, 37.896784709839], [-81.3942729551126, 37.8984069509429], [-81.3952965636457, 37.8984035178582], [-81.3953009017944, 37.8992146381418], [-81.3963245213861, 37.8992111960562], [-81.3963288709422, 37.9000223161275], [-81.3973525015926, 37.9000188650405], [-81.3973612236963, 37.9016411046451], [-81.3983848766395, 37.9016376444558], [-81.3983892491884, 37.902448763989], [-81.3994129131907, 37.902445294797], [-81.3994172971501, 37.903256414117], [-81.4004409722115, 37.9032529359218], [-81.4004453675824, 37.9040640550283], [-81.4024927396463, 37.9040570717278], [-81.4024883218045, 37.9032459528239], [-81.4014646470964, 37.9032494488241], [-81.4014514283385, 37.9008160911331], [-81.4034987101702, 37.9008090908397], [-81.4034809977715, 37.8975646131559], [-81.4024574018762, 37.8975681173466], [-81.4024529854527, 37.8967569975427], [-81.3993822304005, 37.8967674564073], [-81.3993778478484, 37.8959563361873], [-81.3983542737101, 37.8959598045739], [-81.3983499025648, 37.8951486841408], [-81.397326339482, 37.8951521435268], [-81.3973219797427, 37.8943410228809], [-81.3962984277154, 37.8943444732668], [-81.3962940793812, 37.8935333524081], [-81.3952705384094, 37.8935367937945], [-81.3952618647233, 37.8919145515401], [-81.3942383460363, 37.8919179838277]]]}, "properties": {"name": "6", "folder": "6", "style_id": "6", "stroke": "#6e6e6e", "stroke-opacity": 1.0, "stroke-width": 0, "fill": "#e7ff4a", "fill-opacity": 1.0}}, {"type": "Feature", "geometry": {"type": "Polygon", "coordinates": [[[-81.3932061990998, 37.8902991641142], [-81.3932148271758, 37.8919214072165], [-81.3942383460363, 37.8919179838277], [-81.3942296955033, 37.8902957409242], [-81.3932061990998, 37.8902991641142]]]}, "properties": {"name": "6", "folder": "6", "style_id": "6", "stroke": "#6e6e6e", "stroke-opacity": 1.0, "stroke-width": 0, "fill": "#e7ff4a", "fill-opacity": 1.0}}, {"type": "Feature", "geometry": {"type": "Polygon", "coordinates": [[[-81.4341506784727, 37.8909664132308], [-81.4341459153954, 37.8901552957991], [-81.4331224260954, 37.8901590660236], [-81.4331176744369, 37.8893479483699], [-81.4310707177203, 37.8893554619062], [-81.4310754469238, 37.890166579778], [-81.430051957053, 37.8901703233078], [-81.4300613935728, 37.891792558931], [-81.4280143683507, 37.891800019729], [-81.4280096724531, 37.8909889017572], [-81.4249391668931, 37.8910000258905], [-81.4249438291052, 37.8918111441852], [-81.4269908554568, 37.8918037367798], [-81.4270002253591, 37.8934259726016], [-81.4280237607114, 37.893422255335], [-81.428033153826, 37.8950444904908], [-81.4311038261306, 37.8950332846448], [-81.431080176317, 37.8909776975372], [-81.4341506784727, 37.8909664132308]]]}, "properties": {"name": "6", "folder": "6", "style_id": "6", "stroke": "#6e6e6e", "stroke-opacity": 1.0, "stroke-width": 0, "fill": "#e7ff4a", "fill-opacity": 1.0}}, {"type": "Feature", "geometry": {"type": "Polygon", "coordinates": [[[-81.3747791229928, 37.8895481364369], [-81.3747914585153, 37.8919815064918], [-81.3758149804235, 37.8919782432846], [-81.3758232273895, 37.8936004892362], [-81.3747996830222, 37.8936037526329], [-81.3748202471777, 37.8976593660179], [-81.3758438477006, 37.8976561021476], [-81.3758397233074, 37.8968449797902], [-81.3778869013921, 37.8968384255375], [-81.3778827547012, 37.8960273032578], [-81.3799299096572, 37.8960207135941], [-81.3799340788112, 37.8968318356825], [-81.3809576672699, 37.8968285274042], [-81.3809618478232, 37.8976396492841], [-81.3819854473462, 37.897636332009], [-81.3819938314215, 37.8992585752388], [-81.3809702094332, 37.8992618927065], [-81.38097439049, 37.900073014249], [-81.3799507571005, 37.9000763229114], [-81.3799549270912, 37.9008874444375], [-81.3809785717145, 37.9008841356791], [-81.3809994803544, 37.9049397411426], [-81.3779283774556, 37.9049496421488], [-81.377940823521, 37.9073830049394], [-81.3769170885103, 37.9073862877543], [-81.3769212262939, 37.9081974085549], [-81.3758974798792, 37.9082006825609], [-81.3759016065905, 37.909011803344], [-81.3748778487718, 37.9090150685406], [-81.3749107785031, 37.9155040315149], [-81.3759346262448, 37.9155007655602], [-81.375922242632, 37.9130674055726], [-81.3769460564835, 37.9130641309964], [-81.3769377790892, 37.9114418906324], [-81.3779615702939, 37.9114386073411], [-81.3779574206063, 37.9106274870857], [-81.3789812004047, 37.9106241949847], [-81.3789853613321, 37.9114353151446], [-81.3800091522032, 37.9114320140429], [-81.3800133245376, 37.9122431339945], [-81.3810371264814, 37.9122398238915], [-81.3810454941343, 37.9138620632653], [-81.3820693183917, 37.9138587440643], [-81.3820819048563, 37.9162921019923], [-81.3831057626711, 37.9162887735956], [-81.3831267996987, 37.92034436741], [-81.3841507135631, 37.9203410296223], [-81.3841591520469, 37.921963266167], [-81.3851830882325, 37.9219599192771], [-81.3851873189744, 37.9227710372835], [-81.3862112662362, 37.9227676813877], [-81.3862197507226, 37.9243899168685], [-81.3851957809676, 37.9243932729591], [-81.3852042436401, 37.9260155081846], [-81.3841802512203, 37.9260188555601], [-81.3841844715631, 37.9268299731013], [-81.3852084752312, 37.9268266256286], [-81.3852169389228, 37.9284488601792], [-81.3862409649188, 37.9284455036018], [-81.3862494517894, 37.9300677375076], [-81.3872735001146, 37.9300643718242], [-81.3872777550559, 37.9308754885107], [-81.3883018144607, 37.9308721138184], [-81.3883103473579, 37.9324943466581], [-81.3872862654508, 37.9324977215463], [-81.3872905209044, 37.9333088378953], [-81.3862664275747, 37.9333122039693], [-81.3862706719469, 37.9341233203034], [-81.3893429851799, 37.9341131950513], [-81.3893472634806, 37.9349243109792], [-81.3903713788014, 37.9349209179719], [-81.390375668527, 37.9357320336889], [-81.3924239211579, 37.9357252207388], [-81.3924411718161, 37.9389696816908], [-81.3934653428892, 37.9389662614495], [-81.3934523708725, 37.9365329162019], [-81.3944765080085, 37.9365294873452], [-81.3944721730965, 37.9357183721371], [-81.3965204243391, 37.9357114878839], [-81.3965247817582, 37.9365226028922], [-81.3985730548083, 37.9365156827867], [-81.3985686748821, 37.9357045679791], [-81.3995927998901, 37.9357010946575], [-81.3995884088866, 37.9348899798381], [-81.4026607490922, 37.9348795066999], [-81.4026651738548, 37.9356906212154], [-81.4036892981551, 37.9356871122423], [-81.4036937343488, 37.9364982265435], [-81.4047178697246, 37.9364947085555], [-81.4047223173503, 37.9373058226421], [-81.4077947561662, 37.9372952148919], [-81.4077992377336, 37.9381063285581], [-81.4088233949008, 37.9381027747116], [-81.4088278879029, 37.9389138881622], [-81.4098520561445, 37.9389103252987], [-81.4098565605822, 37.9397214385334], [-81.4119049190331, 37.9397142858574], [-81.4119094461629, 37.940525398772], [-81.4149820162423, 37.9405146025892], [-81.4149865773223, 37.941325715078], [-81.4201075800675, 37.9413075426259], [-81.4201121976133, 37.942118654475], [-81.4221606199302, 37.9421113228795], [-81.4221652601753, 37.9429224344033], [-81.4231894823115, 37.9429187551265], [-81.4231987858757, 37.9445409776229], [-81.4334412220461, 37.9445036923638], [-81.4334364575925, 37.9436925822536], [-81.4313879943895, 37.9437001104115], [-81.4313832526418, 37.9428889999702], [-81.428310590183, 37.9429002250167], [-81.4283058823963, 37.9420891141372], [-81.4272816724551, 37.9420928378813], [-81.4272722799611, 37.9404706155684], [-81.4252239045385, 37.9404780358816], [-81.4252285781792, 37.9412891473096], [-81.4221559798714, 37.9413002112431], [-81.4221513399988, 37.9404890994941], [-81.418054584674, 37.9405037261772], [-81.4180499900102, 37.9396926138913], [-81.4160016337507, 37.9396998735363], [-81.4159970617817, 37.9388887609273], [-81.4149728946316, 37.9388923772738], [-81.4149683341009, 37.9380812644472], [-81.4129200217616, 37.9380884701897], [-81.4129154839225, 37.9372773570415], [-81.4118913387337, 37.9372809464382], [-81.4118868123307, 37.9364698330733], [-81.4108626782141, 37.9364734134529], [-81.4108581632461, 37.9356622998716], [-81.4098340402018, 37.9356658712344], [-81.409829536668, 37.934854757437], [-81.4067572002111, 37.9348654177394], [-81.4067527306158, 37.9340543035201], [-81.4057286293566, 37.9340578390265], [-81.4057241711928, 37.9332467245921], [-81.4047000810068, 37.9332502510839], [-81.4046956342736, 37.9324391364346], [-81.3934307543155, 37.9324773385389], [-81.3934264315247, 37.9316662226688], [-81.3924023617297, 37.9316696420171], [-81.3923937391699, 37.9300474097409], [-81.3913696917031, 37.9300508199797], [-81.3913653919327, 37.9292397035739], [-81.3903413555433, 37.929243104803], [-81.3903499327563, 37.9308653376995], [-81.3913739916461, 37.9308619362731], [-81.3913868925106, 37.933295284478], [-81.3924109849818, 37.9332918738433], [-81.3924152968674, 37.9341029895877], [-81.3913911931441, 37.9341064003213], [-81.3913868925106, 37.933295284478], [-81.389338707051, 37.9333020790109], [-81.3893215962522, 37.9300576137242], [-81.388297548269, 37.9300609972297], [-81.3882890163993, 37.928438763715], [-81.3872649907444, 37.9284421381137], [-81.3872564820573, 37.9268199039532], [-81.3862324787294, 37.9268232692459], [-81.3862282358902, 37.9260121518993], [-81.3872522279699, 37.9260087867041], [-81.3872309600939, 37.9219531987717], [-81.3862070242483, 37.9219565634786], [-81.3862027824308, 37.921145445457], [-81.3851788576604, 37.9211488011581], [-81.3851703970257, 37.9195265645827], [-81.3841464945752, 37.9195299111812], [-81.3841254021757, 37.9154743172887], [-81.3851492484099, 37.9154709711756], [-81.3851577073469, 37.9170932088759], [-81.3861815758966, 37.9170898536616], [-81.3861688540187, 37.9146564972346], [-81.3851450191961, 37.9146598521568], [-81.3851407901519, 37.9138487330254], [-81.3882122603845, 37.9138386418331], [-81.3882165231529, 37.9146497606716], [-81.3912880255699, 37.9146395890308], [-81.3912837290773, 37.9138284704874], [-81.393331374011, 37.9138216450607], [-81.393327055209, 37.9130105266029], [-81.3953746769675, 37.9130036657516], [-81.3953703358579, 37.9121925473804], [-81.3974179344386, 37.9121856511067], [-81.3974135710232, 37.9113745328231], [-81.3994611464233, 37.9113676011291], [-81.3994523751607, 37.9097453646267], [-81.398428610027, 37.9097488347249], [-81.3984198619453, 37.9081265975711], [-81.3963723761053, 37.9081335106524], [-81.396376727582, 37.9089446294862], [-81.3943292185671, 37.9089515071508], [-81.3943335477412, 37.9097626260716], [-81.3902384826752, 37.9097762749446], [-81.3902299144084, 37.9081540361982], [-81.3871586812327, 37.9081641787657], [-81.3871544310706, 37.9073530589294], [-81.3861306975747, 37.9073564218794], [-81.3861179818226, 37.9049230614031], [-81.3871416816077, 37.9049196987459], [-81.3871374321279, 37.9041085784597], [-81.389184808714, 37.904101826632], [-81.3891719938872, 37.9016684656865], [-81.3871246847117, 37.9016752169265], [-81.3871119388302, 37.899241854381], [-81.3881355598023, 37.8992384835055], [-81.3881227817582, 37.8968051202413], [-81.3870991944833, 37.8968084908232], [-81.3870949467087, 37.8959973694124], [-81.3860713704948, 37.8960007309963], [-81.3860628979186, 37.8943784876421], [-81.3870864516708, 37.8943751262533], [-81.3870822044075, 37.893564004505], [-81.3850351191935, 37.893570718188], [-81.3850520194226, 37.8968152052856], [-81.386075607038, 37.8968118525047], [-81.3860798437512, 37.8976229739006], [-81.3871034424285, 37.8976196121216], [-81.3871076905441, 37.8984307333075], [-81.3860840806344, 37.8984340951841], [-81.3861052676014, 37.9024896999145], [-81.3871289336799, 37.90248633755], [-81.3871331828186, 37.9032974580611], [-81.3861095055051, 37.9033008205232], [-81.3861137435788, 37.9041119410194], [-81.3850900548595, 37.9041152946762], [-81.3851111915952, 37.9081708959567], [-81.386134936499, 37.9081675418132], [-81.3861391755934, 37.9089786616346], [-81.3881866873667, 37.9089719264399], [-81.3881909491087, 37.9097830459533], [-81.3892147159777, 37.9097796649012], [-81.3892189891299, 37.9105907842041], [-81.3902427670665, 37.910587394149], [-81.3902470516298, 37.911398513241], [-81.3933184181249, 37.9113882893498], [-81.3933227365803, 37.9121994080326], [-81.3912751366094, 37.9122062330632], [-81.3912794327571, 37.9130173518316], [-81.3902556212723, 37.9130207510874], [-81.3902599063515, 37.9138318698419], [-81.3892360834538, 37.9138352602905], [-81.3892318096155, 37.9130241414376], [-81.3871841857878, 37.913030895421], [-81.3871799346021, 37.9122197762596], [-81.3851323325729, 37.9122264944253], [-81.3851281040379, 37.9114153749565], [-81.3820567334426, 37.9114253851239], [-81.3820525387963, 37.9106142652522], [-81.3800049800362, 37.9106208939788], [-81.3800008080366, 37.9098097738022], [-81.3769295023594, 37.9098196498186], [-81.3769253642436, 37.9090085292429], [-81.3779491217306, 37.9090052462375], [-81.3779449725426, 37.9081941256446], [-81.3789687186247, 37.9081908338303], [-81.3789645583653, 37.9073797132205], [-81.3810120275525, 37.9073731030711], [-81.3810078449852, 37.9065619825407], [-81.3820315680898, 37.9065586642065], [-81.3819980237116, 37.9000696966851], [-81.383021656765, 37.9000663702196], [-81.3830048436837, 37.896821884146], [-81.3819812555609, 37.8968252102253], [-81.3819770639438, 37.8960140883293], [-81.3809534868844, 37.8960174054118], [-81.3809493066666, 37.895206283307], [-81.3789021745071, 37.8952128905796], [-81.3788980169184, 37.8944017681705], [-81.3778744618187, 37.8944050583613], [-81.3778661696018, 37.8927828130149], [-81.3788897022415, 37.8927795230151], [-81.3788855451533, 37.8919684002688], [-81.3809325874731, 37.8919617937633], [-81.3809367670199, 37.8927729163179], [-81.3829838311273, 37.8927662740236], [-81.3829796291219, 37.8919551516618], [-81.3819561083816, 37.891958477162], [-81.3819519177738, 37.8911473545912], [-81.378881388232, 37.89115727741], [-81.3788772314775, 37.8903461544387], [-81.3778537325244, 37.890349444152], [-81.3778495871647, 37.8895383209728], [-81.3747791229928, 37.8895481364369]], [[-81.4067616699858, 37.9356765318461], [-81.4067661399399, 37.9364876458403], [-81.4077902747787, 37.9364841011131], [-81.4077857935711, 37.9356729872217], [-81.4067616699858, 37.9356765318461]]]}, "properties": {"name": "6", "folder": "6", "style_id": "6", "stroke": "#6e6e6e", "stroke-opacity": 1.0, "stroke-width": 0, "fill": "#e7ff4a", "fill-opacity": 1.0}}, {"type": "Feature", "geometry": {"type": "Polygon", "coordinates": [[[-81.4474414412468, 37.8884832408348], [-81.4464179769214, 37.8884871265103], [-81.4464277719567, 37.8901093590449], [-81.4423338228761, 37.8901248136673], [-81.442338675777, 37.8909359302143], [-81.4382446786685, 37.8909512429102], [-81.4382494868506, 37.891762359789], [-81.4372259758616, 37.8917661658273], [-81.4372307730078, 37.892577282704], [-81.4362072505973, 37.8925810799538], [-81.43620246468, 37.8917699629669], [-81.4351789533063, 37.8917737512078], [-81.4351885028749, 37.8933959852889], [-81.4362120367067, 37.8933921968282], [-81.4362263961875, 37.8958255467758], [-81.4392970976007, 37.8958141270038], [-81.4392729976467, 37.891758544852], [-81.4413200186582, 37.8917508882818], [-81.4413248607197, 37.8925620047151], [-81.4433719034116, 37.8925543123268], [-81.4433670388923, 37.8917431961168], [-81.4464375677782, 37.8917315911291], [-81.4464473643861, 37.8933538227629], [-81.4474708960802, 37.8933499364108], [-81.4474758059087, 37.894161051946], [-81.4484993486355, 37.8941571565816], [-81.4485042698912, 37.8949682718912], [-81.4525984837391, 37.8949526009844], [-81.4525885515861, 37.8933303711622], [-81.4515650208817, 37.8933343020103], [-81.4515600663334, 37.8925231868162], [-81.4505365466594, 37.8925271086513], [-81.4505316035387, 37.8917159932307], [-81.449508094895, 37.8917199060533], [-81.449503163201, 37.8909087904067], [-81.4484796655877, 37.8909126942173], [-81.4484747453194, 37.8901015783447], [-81.4474512587366, 37.8901054731439], [-81.4474414412468, 37.8884832408348]]]}, "properties": {"name": "6", "folder": "6", "style_id": "6", "stroke": "#6e6e6e", "stroke-opacity": 1.0, "stroke-width": 0, "fill": "#e7ff4a", "fill-opacity": 1.0}}, {"type": "Feature", "geometry": {"type": "Polygon", "coordinates": [[[-81.4064804242577, 37.8845761233498], [-81.4034101766048, 37.8845866844207], [-81.4034146015955, 37.8853978058104], [-81.4023911741303, 37.8854013084759], [-81.4023955880731, 37.8862124298547], [-81.4013721492053, 37.8862159237248], [-81.4013765520993, 37.8870270450926], [-81.4003531018288, 37.8870305301668], [-81.400357493673, 37.8878416515232], [-81.3993340319998, 37.8878451278009], [-81.399329651382, 37.8870340063436], [-81.3983062007595, 37.8870374736231], [-81.3983018315435, 37.8862263519526], [-81.3942080722084, 37.8862401316969], [-81.3942123965202, 37.8870512537673], [-81.3921654933575, 37.8870580904551], [-81.3921827025232, 37.8903025784058], [-81.3932061990998, 37.8902991641142], [-81.3931932582844, 37.8878657986172], [-81.3952401835534, 37.8878589439356], [-81.3952358478415, 37.8870478220773], [-81.3972827499616, 37.8870409320052], [-81.3972871081264, 37.8878520536635], [-81.3983105701508, 37.887848595181], [-81.3983193094595, 37.8894708379595], [-81.3993427937628, 37.8894673703781], [-81.3993515562291, 37.8910896125053], [-81.4003750628126, 37.891086135824], [-81.4003794555382, 37.891897256618], [-81.4024264906333, 37.8918902763568], [-81.4024000021931, 37.8870235511211], [-81.4034234521097, 37.8870200482522], [-81.4034190267638, 37.8862089270876], [-81.4044424652769, 37.8862054154233], [-81.404438028883, 37.885394294248], [-81.4054614559926, 37.8853907737889], [-81.4054659036119, 37.8862018948619], [-81.4064893417684, 37.8861983654035], [-81.4064938007922, 37.8870094862617], [-81.4085406990199, 37.887002400448], [-81.4085451806754, 37.8878135209879], [-81.409568640746, 37.8878099646319], [-81.4095776270509, 37.8894322051678], [-81.4085541445261, 37.8894357617303], [-81.4085675916513, 37.8918691220001], [-81.4106146238895, 37.8918619993569], [-81.4106101188773, 37.8910508795862], [-81.4147041362661, 37.8910365279302], [-81.4147086861927, 37.8918476472843], [-81.4157322013131, 37.8918440370191], [-81.4157504477646, 37.8950885128913], [-81.4147268877254, 37.8950921235757], [-81.4147314385651, 37.8959032423672], [-81.4137078671124, 37.8959068442563], [-81.4137124069034, 37.8967179630398], [-81.4126888240372, 37.896721556133], [-81.4126933527787, 37.8975326749083], [-81.4116697584989, 37.8975362592052], [-81.41167427619, 37.898347377972], [-81.4137214870322, 37.8983402002693], [-81.4137260273699, 37.8991513187153], [-81.4157732599486, 37.8991441051997], [-81.4157686971456, 37.8983329869631], [-81.4178159065264, 37.8983257380532], [-81.4178204917947, 37.8991368560795], [-81.4188441074419, 37.8991332181676], [-81.4188624952904, 37.9023776887249], [-81.4178388347081, 37.9023813270591], [-81.4178525938258, 37.9048146791121], [-81.4158052046977, 37.9048219297051], [-81.4158006406126, 37.9040108122562], [-81.4137532732233, 37.904018027028], [-81.4137487317921, 37.9032069092572], [-81.4117013861444, 37.9032140882098], [-81.4117059051049, 37.9040252061889], [-81.4106822207734, 37.9040287824153], [-81.4106867286794, 37.9048399003857], [-81.4086393370024, 37.9048470263371], [-81.4086483084112, 37.9064692623539], [-81.4096720268129, 37.9064657036231], [-81.4096810214167, 37.9080879389833], [-81.4066097982471, 37.9080985890831], [-81.4066187261429, 37.9097208246112], [-81.4076424898559, 37.9097172832765], [-81.4076469653115, 37.910528400769], [-81.4096945146761, 37.9105212911796], [-81.4097215060696, 37.9153879925339], [-81.4138168724023, 37.9153736640029], [-81.4138123284185, 37.9145625478076], [-81.4148361583052, 37.9145589435136], [-81.4148179392318, 37.9113144780254], [-81.4158417239735, 37.9113108652448], [-81.4158371584227, 37.9104997486962], [-81.4168609317418, 37.9104961271156], [-81.4168563551353, 37.9096850105595], [-81.4178801170318, 37.9096813801795], [-81.4178847048772, 37.9104924966302], [-81.4189084778284, 37.91048885724], [-81.4189176765509, 37.9121110895925], [-81.4219890617328, 37.9121001173568], [-81.4219844285598, 37.9112890015552], [-81.4230082120093, 37.9112853264394], [-81.4230221458069, 37.9137186731865], [-81.4219983286366, 37.9137223486222], [-81.4220029623675, 37.9145334640861], [-81.4209791337701, 37.9145371307225], [-81.4209837564454, 37.9153482461802], [-81.4199599164208, 37.9153519040166], [-81.4199737518323, 37.9177852500329], [-81.4209976255844, 37.917781591878], [-81.4210022490019, 37.9185927068855], [-81.4220261338119, 37.9185890397171], [-81.4220075962844, 37.9153445794374], [-81.4230314359374, 37.9153409037884], [-81.423026790779, 37.9145297885437], [-81.424050619004, 37.9145261040953], [-81.4240413067645, 37.9129038734821], [-81.4250651123208, 37.912900180342], [-81.4250557783487, 37.9112779494929], [-81.4240319952724, 37.9112816424187], [-81.4240273398067, 37.9104705267181], [-81.4199322505951, 37.9104852089451], [-81.4199230301336, 37.9088629763542], [-81.4158280278709, 37.9088775152614], [-81.4158325930552, 37.9096886320351], [-81.4148088307919, 37.9096922446061], [-81.4148133849204, 37.910503361372], [-81.4137896112353, 37.9105069651431], [-81.4138032409982, 37.9129403150794], [-81.4127794334111, 37.9129439102587], [-81.4127749012148, 37.9121327936215], [-81.4117511046862, 37.9121363797911], [-81.4117330226767, 37.9088919117006], [-81.4127567742485, 37.9088883259472], [-81.4127431809334, 37.9064549740099], [-81.4137668986105, 37.9064513796652], [-81.4137623566325, 37.905640262232], [-81.418880886091, 37.9056221574815], [-81.418876288114, 37.9048110404612], [-81.4198999822177, 37.9048073929073], [-81.4198631151712, 37.8983184535399], [-81.418839510941, 37.898322100247], [-81.4188303184926, 37.896699864068], [-81.4178067365419, 37.8967035016631], [-81.4178021518257, 37.8958923832993], [-81.4167785809222, 37.8958960118887], [-81.4167740076208, 37.895084893307], [-81.4177975672934, 37.8950812648229], [-81.4177883987809, 37.8934590275326], [-81.4167648615686, 37.8934626558061], [-81.4167511438667, 37.8910292987107], [-81.4157276401579, 37.8910329177697], [-81.4157230791858, 37.8902217984078], [-81.4136760936758, 37.8902290096209], [-81.413671555342, 37.8894178899371], [-81.4116245915589, 37.8894250653486], [-81.4116155603459, 37.8878028252272], [-81.4105921006364, 37.8878063993783], [-81.4105830926005, 37.8861841585993], [-81.407512779746, 37.8861948270481], [-81.4075083096756, 37.8853837061802], [-81.4064848829236, 37.8853872444329], [-81.4064804242577, 37.8845761233498]]]}, "properties": {"name": "6", "folder": "6", "style_id": "6", "stroke": "#6e6e6e", "stroke-opacity": 1.0, "stroke-width": 0, "fill": "#e7ff4a", "fill-opacity": 1.0}}, {"type": "Feature", "geometry": {"type": "Polygon", "coordinates": [[[-81.4167100006692, 37.8837292213482], [-81.4156865979973, 37.8837328394619], [-81.4156911575054, 37.884543959724], [-81.414667743426, 37.8845475690463], [-81.4146768405407, 37.8861698094424], [-81.4157002770704, 37.8861661999105], [-81.4157048371275, 37.886977319835], [-81.4177517320893, 37.88697007387], [-81.417756314782, 37.8877811934717], [-81.4187797732136, 37.8877775570378], [-81.4187843673169, 37.8885886764214], [-81.4198078367909, 37.8885850309841], [-81.419794021355, 37.8861516728131], [-81.4167237134172, 37.8861625814817], [-81.4167100006692, 37.8837292213482]]]}, "properties": {"name": "6", "folder": "6", "style_id": "6", "stroke": "#6e6e6e", "stroke-opacity": 1.0, "stroke-width": 0, "fill": "#e7ff4a", "fill-opacity": 1.0}}, {"type": "Feature", "geometry": {"type": "Polygon", "coordinates": [[[-81.4074859620146, 37.8813281001531], [-81.4074904311881, 37.8821392215835], [-81.4085138128633, 37.8821356748458], [-81.4085093324666, 37.8813245535183], [-81.4074859620146, 37.8813281001531]]]}, "properties": {"name": "6", "folder": "6", "style_id": "6", "stroke": "#6e6e6e", "stroke-opacity": 1.0, "stroke-width": 0, "fill": "#e7ff4a", "fill-opacity": 1.0}}, {"type": "Feature", "geometry": {"type": "Polygon", "coordinates": [[[-81.4925655442705, 37.9020923340786], [-81.4905182517641, 37.9021008837312], [-81.4905128681364, 37.9012897742937], [-81.4894892327926, 37.9012940356437], [-81.4894784886517, 37.8996718161832], [-81.4874312622505, 37.8996803116853], [-81.4874259129684, 37.8988692015394], [-81.4864023106781, 37.8988734358161], [-81.4863969728427, 37.8980623254346], [-81.4853733815702, 37.8980665506878], [-81.4853627290049, 37.8964443293416], [-81.4863862978147, 37.8964401043336], [-81.4863809606219, 37.8956289936141], [-81.4925223015825, 37.8956034574075], [-81.4925060891536, 37.893170126796], [-81.4935296115346, 37.8931658399857], [-81.4935241965966, 37.8923547296809], [-81.4955712182486, 37.8923461296132], [-81.4955657810711, 37.8915350194453], [-81.4986362782263, 37.8915220529801], [-81.4986308075833, 37.8907109430757], [-81.5037482423055, 37.890689154965], [-81.5037427157451, 37.8898780455803], [-81.5068131402383, 37.8898648663191], [-81.5068187004809, 37.8906759753213], [-81.5088656714828, 37.8906671444017], [-81.5088545063122, 37.8890449267972], [-81.5078310433773, 37.8890493464495], [-81.5078254723545, 37.8882382373498], [-81.5057785682673, 37.8882470497059], [-81.5057730199201, 37.8874359402377], [-81.5047495787683, 37.8874403329423], [-81.5047329687381, 37.8850070034788], [-81.5057563762145, 37.8850026111567], [-81.5057508287579, 37.8841915012376], [-81.5067742247875, 37.8841871001469], [-81.5067686663298, 37.8833759902428], [-81.5077920509126, 37.8833715803841], [-81.5077753432092, 37.8809382503792], [-81.5067519922949, 37.8809426598539], [-81.5067464347294, 37.8801315494988], [-81.5057230948141, 37.8801359499508], [-81.5057341877238, 37.8817581708037], [-81.5047108251415, 37.8817625626159], [-81.5047163607074, 37.8825736730007], [-81.5036929866801, 37.8825780560448], [-81.5036985112448, 37.8833891664442], [-81.5026751257725, 37.8833935407197], [-81.5026806393351, 37.8842046511333], [-81.5006338452795, 37.8842133732502], [-81.5006448281707, 37.8858355942455], [-81.4996214083631, 37.8858399422123], [-81.4996268889141, 37.886651052667], [-81.4986034576614, 37.8866553918632], [-81.4986089272068, 37.8874665023311], [-81.4975854845089, 37.8874708327561], [-81.4975909430477, 37.888281943237], [-81.4965674889047, 37.8882862648903], [-81.4965783841859, 37.8899084857649], [-81.4935079530862, 37.8899213980901], [-81.4935133673724, 37.8907325087331], [-81.4894194112897, 37.890749601092], [-81.4894247808813, 37.8915607121184], [-81.4863542778711, 37.891573438326], [-81.4863649503289, 37.8931956607793], [-81.4853414264392, 37.8931998852968], [-81.48534675176, 37.8940109964771], [-81.4843232164273, 37.8940152122179], [-81.484328530732, 37.8948263234078], [-81.4833049839562, 37.8948305303715], [-81.4833102872439, 37.8956416415708], [-81.482286729025, 37.8956458397569], [-81.4822973137771, 37.8972680620611], [-81.4812737328838, 37.8972722515905], [-81.4812842960218, 37.8988944736872], [-81.4802606924528, 37.898898654559], [-81.4802659631072, 37.8997097655596], [-81.4792423480942, 37.8997139376517], [-81.4792370886723, 37.89890282653], [-81.4771898804785, 37.8989111437694], [-81.477184643732, 37.8981000322937], [-81.4761610505517, 37.8981041774419], [-81.4761453752668, 37.8956708419776], [-81.4740982556651, 37.8956791048528], [-81.4741294733392, 37.9005457762061], [-81.4731058458333, 37.9005498950111], [-81.4731162309279, 37.9021721181333], [-81.4700452797591, 37.9021844218541], [-81.4700401208096, 37.9013733099923], [-81.4690164812393, 37.9013773933103], [-81.4690010393323, 37.8989440566934], [-81.4679774332547, 37.8989481307549], [-81.4679620269022, 37.8965147927695], [-81.4669384543138, 37.8965188575762], [-81.466933330506, 37.8957077445711], [-81.4648862071745, 37.8957158472491], [-81.4648913085205, 37.8965269604894], [-81.4659148815198, 37.8965229134829], [-81.465950675304, 37.9022007021884], [-81.4639033718432, 37.902208788944], [-81.4638931889568, 37.9005865636935], [-81.4628695593873, 37.9005905934844], [-81.4628644794838, 37.8997794805733], [-81.4618408609436, 37.8997835013461], [-81.4618357924766, 37.8989723882056], [-81.4597885772518, 37.8989804028151], [-81.4597936232533, 37.8997915161883], [-81.4608172421999, 37.8997875132178], [-81.4608273572773, 37.9014097393938], [-81.4618509984877, 37.9014057272892], [-81.4618763459084, 37.9054612901758], [-81.4608526485231, 37.9054653028625], [-81.4608577073813, 37.9062764152183], [-81.4629051244211, 37.9062683807087], [-81.4629000430902, 37.905457268586], [-81.4639237400681, 37.9054532380933], [-81.4639135555469, 37.9038310137439], [-81.4669845778388, 37.9038188695528], [-81.4669794521799, 37.9030077575616], [-81.4710741007473, 37.9029914411461], [-81.4710792713458, 37.9038025526638], [-81.4721029442049, 37.9037984511855], [-81.4720977623715, 37.9029873397868], [-81.4741450849955, 37.9029791103618], [-81.4741398809012, 37.9021679990892], [-81.4751635306658, 37.9021638711433], [-81.4751583155464, 37.9013527598779], [-81.4761819538676, 37.9013486231501], [-81.476187180221, 37.9021597342954], [-81.4751635306658, 37.9021638711433], [-81.4751843932365, 37.9054083150782], [-81.476208087732, 37.9054041777501], [-81.4762133151342, 37.9062152883321], [-81.4782607259678, 37.9062069867263], [-81.4782659760532, 37.9070180969547], [-81.4792896923907, 37.9070139326762], [-81.4792949539239, 37.907825042671], [-81.4803186812873, 37.907820869368], [-81.4803292274626, 37.9094430887774], [-81.4772579773125, 37.9094555827005], [-81.477252737833, 37.9086444726896], [-81.4762289985998, 37.9086486194019], [-81.4762237705681, 37.9078375091579], [-81.4741763139478, 37.9078457756308], [-81.4741711086001, 37.9070346650343], [-81.4731473912135, 37.9070387847957], [-81.4731421973114, 37.906227673967], [-81.4710947843866, 37.906235886541], [-81.4710896131654, 37.9054247753613], [-81.4690422218829, 37.9054329520852], [-81.4690473706315, 37.9062440635022], [-81.4680236634437, 37.906248138628], [-81.4680288011623, 37.9070592500506], [-81.4690525195867, 37.9070551748065], [-81.4690576687486, 37.9078662859982], [-81.4700813982036, 37.9078622017321], [-81.4700917196231, 37.9094844235404], [-81.4690679676925, 37.9094885080435], [-81.4690731174744, 37.9102996188972], [-81.4680493540986, 37.9103036946143], [-81.4680442155552, 37.9094925836424], [-81.4649729579076, 37.9095047570135], [-81.4649678532847, 37.9086936455756], [-81.4588253998988, 37.908717751203], [-81.4588405120878, 37.9111510872772], [-81.4608880647948, 37.9111430869877], [-81.4608981855573, 37.9127653100097], [-81.4619219840858, 37.9127612962748], [-81.4619270560121, 37.9135724075003], [-81.4629508655774, 37.9135683847434], [-81.4629559489481, 37.9143794957396], [-81.4650035899479, 37.9143714232748], [-81.4650086960052, 37.915182533924], [-81.4670563586677, 37.9151744256007], [-81.4670614874133, 37.915985535902], [-81.4721806966679, 37.915965108645], [-81.4721858818299, 37.9167762182409], [-81.4752574386153, 37.9167638546524], [-81.475252219727, 37.9159527454153], [-81.4732045378963, 37.9159609964747], [-81.4731993417007, 37.9151498868855], [-81.4691040205069, 37.9151662816532], [-81.4690988694847, 37.9143551714755], [-81.4660274101406, 37.9143673736837], [-81.4660222930475, 37.9135562630393], [-81.4639746749387, 37.9135643530809], [-81.4639695805317, 37.9127532420891], [-81.4629457824107, 37.9127572736346], [-81.4629356166895, 37.9111350510791], [-81.4670307180272, 37.9111188724042], [-81.4670358457437, 37.9119299832689], [-81.4711309887463, 37.9119136616441], [-81.471136161628, 37.9127247719225], [-81.4731837543652, 37.9127165574417], [-81.4731681689063, 37.9102832269838], [-81.47214440636, 37.9102873383188], [-81.4721340395731, 37.9086651172115], [-81.4741815195043, 37.9086568861146], [-81.4741867252698, 37.9094679964857], [-81.4752104761602, 37.9094638674615], [-81.4752156933731, 37.9102749776001], [-81.4772632170023, 37.9102666925987], [-81.4772684569024, 37.9110778023842], [-81.4793160021681, 37.9110694815234], [-81.4793212647572, 37.9118805909548], [-81.4813688316568, 37.9118722342327], [-81.4813741169366, 37.9126833433089], [-81.4834217054672, 37.9126749507235], [-81.4834270134396, 37.9134860594435], [-81.4854746235984, 37.9134776309927], [-81.4854799542651, 37.9142887393554], [-81.4885514016194, 37.9142760295197], [-81.4885567662233, 37.9150871374008], [-81.4895805928191, 37.915082882854], [-81.4895967216485, 37.9175162054507], [-81.4906205817544, 37.9175119416269], [-81.4906259697052, 37.9183230488099], [-81.4916498408377, 37.9183187759554], [-81.4916660397191, 37.9207520964561], [-81.4926899443661, 37.9207478143219], [-81.4927007671937, 37.9223700271769], [-81.4937246941131, 37.922365735886], [-81.4937301170983, 37.9231768420198], [-81.4947540550456, 37.9231725416959], [-81.4947594894944, 37.9239836475922], [-81.4957834384695, 37.9239793382347], [-81.4957888843828, 37.9247904438933], [-81.4978368041697, 37.9247817982012], [-81.4978750891587, 37.930459532898], [-81.4988991274604, 37.9304551958077], [-81.4989046088727, 37.9312663001875], [-81.4999286582044, 37.9312619540603], [-81.4999341510871, 37.9320730582013], [-81.5019822715895, 37.9320643389608], [-81.5019988190685, 37.9344976499481], [-81.5030229127418, 37.9344932765803], [-81.5030284402631, 37.9353043798902], [-81.505076649448, 37.9352956061639], [-81.5050821996965, 37.9361067091066], [-81.5061063152076, 37.9361023087473], [-81.506111876932, 37.9369134114495], [-81.5081601297903, 37.9369045837371], [-81.508165714245, 37.9377156860704], [-81.5091898515916, 37.9377112587166], [-81.5091730651408, 37.9352779517635], [-81.5081489615533, 37.9352823787321], [-81.508143377771, 37.9344712760604], [-81.5071192852116, 37.9344756939885], [-81.5071025689632, 37.9320423849121], [-81.5081266277689, 37.9320379673685], [-81.5081042975699, 37.9287935542003], [-81.507080283763, 37.9287979712312], [-81.507074713022, 37.927986867529], [-81.5029787005571, 37.9280044460403], [-81.5029731750321, 37.9271933417153], [-81.5019491826084, 37.9271977139413], [-81.5019436685529, 37.9263866093767], [-81.5029676497289, 37.9263822372776], [-81.5029621246475, 37.9255711327271], [-81.5039860943545, 37.9255667518456], [-81.503980558248, 37.9247556473094], [-81.5060284745014, 37.9247468590737], [-81.5060229161245, 37.9239357546797], [-81.5080708089928, 37.9239269310643], [-81.5080763898623, 37.9247380352023], [-81.5101243043272, 37.9247291756951], [-81.5101299079142, 37.9255402794632], [-81.5111538760562, 37.9255358362173], [-81.5111482612225, 37.9247247325781], [-81.5121722178925, 37.9247202805522], [-81.5121553410062, 37.9222869693454], [-81.509083571533, 37.9223002975361], [-81.5090779800906, 37.9214891931882], [-81.5080540677283, 37.9214936179737], [-81.5080373284795, 37.9190603038681], [-81.5049656912472, 37.9190735236265], [-81.504971237042, 37.9198846288248], [-81.5039473462752, 37.919889017724], [-81.5039528810486, 37.9207001229368], [-81.5029289788156, 37.9207045030557], [-81.5029345025666, 37.9215156082829], [-81.5019105888673, 37.9215199796209], [-81.5019050763608, 37.920708874267], [-81.4988333676709, 37.9207219344546], [-81.498827889118, 37.9199108286089], [-81.4957562121814, 37.9199238082506], [-81.4957507675794, 37.9191127019156], [-81.4947268860732, 37.9191170105229], [-81.4947160200108, 37.9174947972645], [-81.4936921607727, 37.9174990967152], [-81.4936867393109, 37.9166879897921], [-81.4926628910975, 37.9166922802115], [-81.4926574810953, 37.9158811730513], [-81.4936813180667, 37.9158768827563], [-81.4936758970402, 37.9150657756078], [-81.4946997225526, 37.9150614765314], [-81.4947051548207, 37.9158725835552], [-81.4977766637724, 37.9158596325149], [-81.4977657320071, 37.9142374191062], [-81.4987895454038, 37.914233084532], [-81.4987785920354, 37.9126108709238], [-81.4977548011193, 37.9126152052465], [-81.4977493360044, 37.9118040981475], [-81.491606653355, 37.9118299163264], [-81.4916012558946, 37.9110188083655], [-81.4895537157521, 37.9110273429385], [-81.4895483409859, 37.9102162346172], [-81.4834057828282, 37.9102416238875], [-81.4834004757079, 37.9094305147167], [-81.4823767265052, 37.9094347149745], [-81.4823714308358, 37.9086236055691], [-81.4833951688006, 37.9086194054333], [-81.4833898621063, 37.9078082960371], [-81.482366135379, 37.9078124960511], [-81.4823608401347, 37.9070013864203], [-81.481337124432, 37.907005577409], [-81.4813318406368, 37.9061944675439], [-81.4792844310688, 37.9062028225687], [-81.479279169958, 37.9053917123484], [-81.4772317820177, 37.9054000315191], [-81.4772265435896, 37.9045889209448], [-81.4762028605396, 37.9045930670555], [-81.4761924067841, 37.9029708453281], [-81.4772160673639, 37.9029666994581], [-81.4772108295664, 37.9021555885457], [-81.4782344787017, 37.9021514338941], [-81.4782292298805, 37.9013403229897], [-81.4792528675711, 37.901336159557], [-81.4792581276263, 37.9021472703407], [-81.4802817763397, 37.9021430978854], [-81.4802870478403, 37.9029542084353], [-81.4843816855115, 37.9029374291086], [-81.4843870021628, 37.9037485390588], [-81.4895053506211, 37.903727363989], [-81.4895107236619, 37.9045384732121], [-81.4915580840092, 37.9045299406202], [-81.4915634797369, 37.9053410494829], [-81.4956582427717, 37.9053238769702], [-81.49564736165, 37.9037016601288], [-81.4946236936884, 37.9037059663612], [-81.4946182646898, 37.9028948576464], [-81.4925709505828, 37.9029034431553], [-81.4925655442705, 37.9020923340786]], [[-81.499912180879, 37.9288286409609], [-81.4999231655421, 37.9304508498066], [-81.5009472034034, 37.9304464948947], [-81.5009527073156, 37.9312575990221], [-81.5030008048748, 37.9312488622125], [-81.5030063315088, 37.9320599659736], [-81.5040303912063, 37.9320555840752], [-81.5040359293129, 37.9328666875964], [-81.505060000039, 37.9328622966592], [-81.5050378039454, 37.9296178824073], [-81.5019657261029, 37.9296310269585], [-81.5019602113834, 37.9288199227322], [-81.499912180879, 37.9288286409609]], [[-81.4937084264636, 37.9199324168079], [-81.4937192713457, 37.9215546296394], [-81.4947431868024, 37.9215503295649], [-81.4947486208149, 37.9223614356868], [-81.4957725472986, 37.9223571265793], [-81.4957779927748, 37.9231682324634], [-81.4968019302854, 37.9231639143225], [-81.4968073872261, 37.9239750199685], [-81.4988552840816, 37.9239663567098], [-81.4988607637341, 37.9247774619917], [-81.5009086822027, 37.9247687628457], [-81.5008976781331, 37.9231465526739], [-81.4998737415012, 37.9231509064487], [-81.4998682510431, 37.9223398010674], [-81.4988443254364, 37.9223441458077], [-81.4988388464437, 37.9215330401875], [-81.495767102041, 37.9215460205825], [-81.4957616570019, 37.920734914473], [-81.4947377530079, 37.9207392233303], [-81.4947323194315, 37.919928116983], [-81.4937084264636, 37.9199324168079]], [[-81.4834110901615, 37.9110527329455], [-81.4834163977079, 37.9118638418909], [-81.4844401804141, 37.9118596323626], [-81.4844454994132, 37.9126707410731], [-81.4875168799683, 37.9126580586905], [-81.4875222329014, 37.9134691669202], [-81.4895698413451, 37.913460667226], [-81.4895752169742, 37.9142717750964], [-81.4957181045561, 37.9142460615376], [-81.4957126614835, 37.9134349544134], [-81.4946888586706, 37.9134392621456], [-81.4946834270566, 37.9126281547836], [-81.4905882585899, 37.9126452961613], [-81.4905828721526, 37.9118341881892], [-81.4885353090997, 37.9118427052], [-81.488529945357, 37.911031596868], [-81.4834110901615, 37.9110527329455]], [[-81.4833261983842, 37.8980749744926], [-81.4833315025234, 37.8988860852411], [-81.4823078993788, 37.8988902839146], [-81.4823131924983, 37.8997013946723], [-81.4812895779088, 37.8997055845665], [-81.4813001423187, 37.901327805987], [-81.4823237793747, 37.9013236158496], [-81.4823290731315, 37.9021347262692], [-81.483352721209, 37.9021305271084], [-81.4833474162182, 37.9013194168106], [-81.4843710528489, 37.90131520887], [-81.4843657368376, 37.9005040985817], [-81.4853893620215, 37.9004998818619], [-81.4853840349906, 37.8996887715833], [-81.4843604210397, 37.8996929881807], [-81.4843497900839, 37.8980707670405], [-81.4833261983842, 37.8980749744926]], [[-81.4894301506884, 37.892371823032], [-81.4894355207111, 37.893182933833], [-81.4873884740044, 37.8931914273629], [-81.487399169778, 37.8948136491197], [-81.4894462614029, 37.8948051550968], [-81.4894408909492, 37.8939940445212], [-81.4904644252089, 37.8939897842842], [-81.4904590437414, 37.8931786737196], [-81.4914825665557, 37.8931744047073], [-81.4914771740753, 37.8923632941538], [-81.4894301506884, 37.892371823032]], [[-81.5006558119435, 37.8874578147899], [-81.5006613041605, 37.8882689248929], [-81.5016847574245, 37.8882645676502], [-81.5016792539814, 37.8874534576736], [-81.5006558119435, 37.8874578147899]]]}, "properties": {"name": "6", "folder": "6", "style_id": "6", "stroke": "#6e6e6e", "stroke-opacity": 1.0, "stroke-width": 0, "fill": "#e7ff4a", "fill-opacity": 1.0}}, {"type": "Feature", "geometry": {"type": "Polygon", "coordinates": [[[-81.4320468023258, 37.881240525768], [-81.4279533363789, 37.8812554773164], [-81.4279486429306, 37.8804443578814], [-81.4259019312705, 37.8804517800677], [-81.4259066022735, 37.8812628997181], [-81.4269299694202, 37.881259192965], [-81.4269393344353, 37.8828814317129], [-81.4279627238406, 37.8828777158486], [-81.427967417854, 37.8836888349459], [-81.428990818295, 37.8836851100776], [-81.4290002293363, 37.8853073477183], [-81.4238831130055, 37.8853258841741], [-81.4238877626827, 37.8861370033637], [-81.4249111975492, 37.8861333137589], [-81.4249205199155, 37.8877555515863], [-81.4238970625969, 37.8877592414053], [-81.4239017128339, 37.8885703602573], [-81.4198078367909, 37.8885850309841], [-81.4198170480056, 37.890207269202], [-81.4228875226812, 37.8901962788656], [-81.4228828832985, 37.8893851601319], [-81.4249298430301, 37.8893777889635], [-81.4249251813793, 37.8885666703312], [-81.4259486497375, 37.8885629715073], [-81.4259393045441, 37.8869407341197], [-81.4279861957917, 37.8869333102097], [-81.4279815010246, 37.8861221915626], [-81.430028369067, 37.8861147322803], [-81.4300095020858, 37.8828702574323], [-81.4320562795738, 37.8828627634322], [-81.4320468023258, 37.881240525768]]]}, "properties": {"name": "6", "folder": "6", "style_id": "6", "stroke": "#6e6e6e", "stroke-opacity": 1.0, "stroke-width": 0, "fill": "#e7ff4a", "fill-opacity": 1.0}}, {"type": "Feature", "geometry": {"type": "Polygon", "coordinates": [[[-81.4177013346062, 37.8780477508254], [-81.4166780106768, 37.8780513770985], [-81.4167100006692, 37.8837292213482], [-81.4187568054621, 37.8837219584319], [-81.4187430270233, 37.8812885979182], [-81.4177196583896, 37.8812922335078], [-81.4177013346062, 37.8780477508254]]]}, "properties": {"name": "6", "folder": "6", "style_id": "6", "stroke": "#6e6e6e", "stroke-opacity": 1.0, "stroke-width": 0, "fill": "#e7ff4a", "fill-opacity": 1.0}}, {"type": "Feature", "geometry": {"type": "Polygon", "coordinates": [[[-81.3890439304441, 37.8773348005596], [-81.389048196742, 37.8781459243612], [-81.3910948540153, 37.8781391432232], [-81.3910905652752, 37.8773280196184], [-81.3890439304441, 37.8773348005596]]]}, "properties": {"name": "6", "folder": "6", "style_id": "6", "stroke": "#6e6e6e", "stroke-opacity": 1.0, "stroke-width": 0, "fill": "#e7ff4a", "fill-opacity": 1.0}}, {"type": "Feature", "geometry": {"type": "Polygon", "coordinates": [[[-81.3921095826443, 37.876513492188], [-81.3910862767073, 37.8765168959012], [-81.3910905652752, 37.8773280196184], [-81.3921138824328, 37.8773246158064], [-81.3921095826443, 37.876513492188]]]}, "properties": {"name": "6", "folder": "6", "style_id": "6", "stroke": "#6e6e6e", "stroke-opacity": 1.0, "stroke-width": 0, "fill": "#e7ff4a", "fill-opacity": 1.0}}, {"type": "Feature", "geometry": {"type": "Polygon", "coordinates": [[[-81.3798299001412, 37.8765537497395], [-81.3798382305889, 37.878175999201], [-81.3788149001745, 37.878179296377], [-81.3788190544274, 37.8789904210348], [-81.3777957126247, 37.8789937094116], [-81.3778039991861, 37.8806159585809], [-81.3767806347724, 37.8806192382531], [-81.3767847670795, 37.8814303627643], [-81.3808782686267, 37.8814171903205], [-81.3808740914276, 37.8806060661917], [-81.3818974551734, 37.8806027509379], [-81.3818932669195, 37.8797916267928], [-81.3849633234791, 37.8797816279495], [-81.3849717674916, 37.8814038755467], [-81.3859951417853, 37.8814005246142], [-81.3859993752692, 37.8822116481468], [-81.3870227606164, 37.8822082882212], [-81.3870270054939, 37.8830194115438], [-81.3860036089229, 37.883022771567], [-81.38601207674, 37.8846450180701], [-81.38498865755, 37.8846483693917], [-81.3850097739362, 37.8887039841677], [-81.3839862984461, 37.8887073270778], [-81.3839905110044, 37.8895184497927], [-81.3850139977219, 37.8895151067856], [-81.3850182216771, 37.890326229291], [-81.3839947237317, 37.8903295723951], [-81.3839989366281, 37.8911406948851], [-81.3829754272853, 37.8911440291875], [-81.3829796291219, 37.8919551516618], [-81.3850266700962, 37.8919484739644], [-81.3850224458019, 37.8911373516839], [-81.3860459548062, 37.8911339995841], [-81.3860332492567, 37.8887006323597], [-81.3870567244073, 37.8886972716538], [-81.3870482324373, 37.8870750264704], [-81.3880716849639, 37.8870716570622], [-81.3880376341029, 37.8805826726125], [-81.3859909084714, 37.8805894009691], [-81.3859824423533, 37.8789671533415], [-81.384959101727, 37.8789705039822], [-81.3849548801443, 37.8781593799025], [-81.3808615608361, 37.8781726931305], [-81.3808532079465, 37.8765504438609], [-81.3798299001412, 37.8765537497395]]]}, "properties": {"name": "6", "folder": "6", "style_id": "6", "stroke": "#6e6e6e", "stroke-opacity": 1.0, "stroke-width": 0, "fill": "#e7ff4a", "fill-opacity": 1.0}}, {"type": "Feature", "geometry": {"type": "Polygon", "coordinates": [[[-81.4463983892091, 37.88524266009], [-81.4453749695906, 37.8852465364178], [-81.4453798549987, 37.8860576533042], [-81.4443564239589, 37.8860615208476], [-81.4443612983374, 37.8868726377337], [-81.4392440840848, 37.8868918425548], [-81.4392489025283, 37.8877029598857], [-81.4361785379742, 37.8877143763438], [-81.4361689686362, 37.8860921409065], [-81.435145535852, 37.8860959283778], [-81.4351359897321, 37.8844736922705], [-81.4361594000662, 37.8844699050191], [-81.4361498322641, 37.8828476686813], [-81.4371732199579, 37.8828438727539], [-81.4371684251214, 37.8820327545263], [-81.4361450486511, 37.8820365503436], [-81.4361306989638, 37.8796031946551], [-81.4371540417664, 37.8795993991684], [-81.437139660143, 37.8771660427973], [-81.4381629690896, 37.877162238747], [-81.4381533598624, 37.8755400008244], [-81.439176646176, 37.8755361881013], [-81.4391670152817, 37.8739139499498], [-81.4360972230778, 37.8739253607758], [-81.4361067866571, 37.8755475995898], [-81.4350834997664, 37.8755513856321], [-81.4350930416731, 37.8771736242158], [-81.4309998024392, 37.8771886803235], [-81.4310045287967, 37.8779997998836], [-81.4320278501116, 37.8779960490889], [-81.4320468023258, 37.881240525768], [-81.4330701683382, 37.8812367656424], [-81.4330559202259, 37.8788034086293], [-81.4351025843457, 37.8787958623492], [-81.4351312169595, 37.883662574048], [-81.4341078176583, 37.8836663522933], [-81.4341316273106, 37.8877219428286], [-81.4351550827382, 37.8877181640349], [-81.4351598564686, 37.8885292816946], [-81.440277186857, 37.8885102537123], [-81.4402723569935, 37.8876991366049], [-81.445389626403, 37.8876798867394], [-81.4453847406028, 37.8868687700781], [-81.4464081826722, 37.8868648935253], [-81.4463983892091, 37.88524266009]]]}, "properties": {"name": "6", "folder": "6", "style_id": "6", "stroke": "#6e6e6e", "stroke-opacity": 1.0, "stroke-width": 0, "fill": "#e7ff4a", "fill-opacity": 1.0}}, {"type": "Feature", "geometry": {"type": "Polygon", "coordinates": [[[-81.4474414412468, 37.8884832408348], [-81.4484649053753, 37.8884793462618], [-81.4484599856994, 37.8876682300514], [-81.4494834384039, 37.887664326694], [-81.4494785076993, 37.8868532104843], [-81.4505019489799, 37.8868492983431], [-81.4505068909105, 37.8876604144392], [-81.4515303432188, 37.887656493287], [-81.4515352965742, 37.8884676091567], [-81.4535822230469, 37.8884597399319], [-81.453587199055, 37.8892708554606], [-81.454610673219, 37.8892669073872], [-81.4546006989491, 37.8876446764464], [-81.4556241504596, 37.8876407197048], [-81.4556191523988, 37.8868296041803], [-81.4566425924826, 37.8868256386565], [-81.4566375833969, 37.8860145231345], [-81.4576610120542, 37.886010548829], [-81.4576509720361, 37.8843883176779], [-81.4637914050349, 37.884364286407], [-81.463786317983, 37.88355317136], [-81.4627629242151, 37.8835571986956], [-81.4627578485911, 37.8827460834191], [-81.4617344658432, 37.882750101742], [-81.4617192738617, 37.8803167548869], [-81.4627426229412, 37.8803127369138], [-81.4627375481319, 37.8795016211868], [-81.4647842232356, 37.8794935587898], [-81.4647791261871, 37.8786824431842], [-81.465802452211, 37.878678398761], [-81.465782021181, 37.8754339356819], [-81.4668053021187, 37.8754298828349], [-81.4668001836545, 37.8746187669012], [-81.4678234531676, 37.8746147052787], [-81.4678131944185, 37.8729924733092], [-81.4688364412888, 37.8729884030298], [-81.4688261609278, 37.8713661708461], [-81.4657564870052, 37.8713783542989], [-81.4657615934305, 37.8721894708008], [-81.4647383571618, 37.8721935142848], [-81.4647485481911, 37.8738157471854], [-81.4637252892818, 37.8738197820113], [-81.4637354586912, 37.8754420146957], [-81.4627121771399, 37.8754460408624], [-81.4627223249258, 37.87706827333], [-81.4616990207312, 37.8770722908366], [-81.4617040837091, 37.8778834070181], [-81.4606807680907, 37.8778874157471], [-81.4606858200507, 37.8786985319323], [-81.4596624930086, 37.8787025318832], [-81.4596675339499, 37.8795136480719], [-81.4586441954841, 37.8795176392442], [-81.4586492254057, 37.8803287554361], [-81.4576258755161, 37.8803327378292], [-81.4576359135198, 37.8819549701065], [-81.4566125409835, 37.8819589438353], [-81.4566175490642, 37.8827700599204], [-81.4555941651036, 37.8827740248687], [-81.45560415942, 37.8843962569312], [-81.4525339389929, 37.8844080990889], [-81.4525289754071, 37.8835969827702], [-81.4515055794233, 37.8836009122494], [-81.4514709184566, 37.8779230940677], [-81.4524942358834, 37.8779191653868], [-81.4524743891081, 37.8746746958335], [-81.4514511165612, 37.8746786240582], [-81.451456066737, 37.8754897417295], [-81.4504327827722, 37.8754936611748], [-81.45044266128, 37.877115896407], [-81.4494193546769, 37.8771198071859], [-81.4494292115359, 37.8787420421949], [-81.4484058822933, 37.8787459443062], [-81.4484157174998, 37.8803681790914], [-81.4473923656163, 37.8803720725342], [-81.4474021791669, 37.881994307095], [-81.4463788046411, 37.8819981918683], [-81.4463983892091, 37.88524266009], [-81.4474218086312, 37.8852387748657], [-81.4474119935051, 37.8836165412055], [-81.4484353902812, 37.8836126473106], [-81.4484304717898, 37.8828015304247], [-81.4504772423017, 37.8827937161735], [-81.4504871243781, 37.8844159493791], [-81.4515105317849, 37.8844120286821], [-81.4515154843452, 37.8852231450023], [-81.4525389027779, 37.8852192152949], [-81.4525438667622, 37.8860303313884], [-81.4535672962208, 37.8860263926702], [-81.4535722716298, 37.8868375085367], [-81.4515253900621, 37.8868453773047], [-81.4515204371043, 37.8860342612098], [-81.4484501469398, 37.8860459972929], [-81.4484550662209, 37.8868571137284], [-81.447431624545, 37.8868610080754], [-81.4474414412468, 37.8884832408348]], [[-81.4586592858547, 37.8819509874822], [-81.4586643163819, 37.8827621033363], [-81.4596876997382, 37.8827581117007], [-81.4596826579876, 37.8819469959624], [-81.4586592858547, 37.8819509874822]]]}, "properties": {"name": "6", "folder": "6", "style_id": "6", "stroke": "#6e6e6e", "stroke-opacity": 1.0, "stroke-width": 0, "fill": "#e7ff4a", "fill-opacity": 1.0}}, {"type": "Feature", "geometry": {"type": "Polygon", "coordinates": [[[-81.4074859620146, 37.8813281001531], [-81.4074725555703, 37.8788947351869], [-81.4054258814627, 37.8789018011547], [-81.4054303276544, 37.8797129231277], [-81.4044069791108, 37.8797164428716], [-81.4044114142585, 37.8805275648343], [-81.4023646941932, 37.8805345778407], [-81.4023735201304, 37.8821568218357], [-81.394186453252, 37.8821845196578], [-81.394177806884, 37.8805622740549], [-81.3952011684096, 37.8805588431617], [-81.3951968342634, 37.8797477202911], [-81.3962201843926, 37.8797442806024], [-81.3962158391984, 37.8789331577192], [-81.3972391779313, 37.8789297092356], [-81.3972304656234, 37.877307463332], [-81.3992770976791, 37.8773005400823], [-81.3992727193462, 37.8764894171627], [-81.4002960238901, 37.8764859422974], [-81.4002916345127, 37.8756748193662], [-81.4013149276603, 37.875671335708], [-81.4013105272394, 37.8748602127655], [-81.4023338089908, 37.8748567203149], [-81.4023293975272, 37.8740455973613], [-81.4043759380599, 37.8740385859833], [-81.4043715043359, 37.8732274631208], [-81.4053947631168, 37.8732239441941], [-81.4053903183523, 37.8724128213212], [-81.4064135657366, 37.872409293604], [-81.4064091099327, 37.8715981707211], [-81.4002696902679, 37.8716192030234], [-81.4002653019473, 37.8708080794174], [-81.3992420759349, 37.8708115535767], [-81.3992376990074, 37.8700004297574], [-81.3982144840364, 37.870003894924], [-81.3982275816935, 37.8724372663463], [-81.397204332895, 37.8724407229219], [-81.3972130431053, 37.8740629701751], [-81.3961897716948, 37.8740664180582], [-81.396185427721, 37.8732552943877], [-81.395162167355, 37.8732587332777], [-81.3951535023667, 37.8716364853998], [-81.3941302642631, 37.8716399151977], [-81.3941216224049, 37.8700176666707], [-81.3930984065624, 37.8700210873776], [-81.3930940971099, 37.8692099628461], [-81.3920708923111, 37.8692133745619], [-81.3921095826443, 37.876513492188], [-81.3931328884086, 37.8765100795807], [-81.3931285775724, 37.8756989559489], [-81.3941518719436, 37.875695534547], [-81.3941475500607, 37.874884410902], [-81.3982406809276, 37.8748706367564], [-81.398236314341, 37.8740595133988], [-81.3992595854016, 37.8740560477293], [-81.3992552077714, 37.8732449243598], [-81.4002784674374, 37.8732414498979], [-81.4002872453115, 37.8748636963226], [-81.3992639632074, 37.8748671709862], [-81.3992683411889, 37.8756782941307], [-81.3982450476895, 37.8756817600015], [-81.3982494146265, 37.8764928831341], [-81.396202804662, 37.8764997883948], [-81.3962114941786, 37.8781220347235], [-81.3951881664929, 37.8781254742125], [-81.3951925002912, 37.878936597308], [-81.39416916121, 37.8789400280021], [-81.3941734839603, 37.8797511510847], [-81.3931501334836, 37.8797545729833], [-81.3931630691067, 37.8821879418544], [-81.3921396847883, 37.8821913551551], [-81.3921439857849, 37.8830024779863], [-81.39930775093, 37.8829783973698], [-81.3993121306689, 37.8837895193895], [-81.4023823467761, 37.8837790653808], [-81.4023779333647, 37.8829679436645], [-81.403401327156, 37.882964441304], [-81.4033924784175, 37.8813421977372], [-81.4074859620146, 37.8813281001531]]]}, "properties": {"name": "6", "folder": "6", "style_id": "6", "stroke": "#6e6e6e", "stroke-opacity": 1.0, "stroke-width": 0, "fill": "#e7ff4a", "fill-opacity": 1.0}}, {"type": "Feature", "geometry": {"type": "Polygon", "coordinates": [[[-81.5066630980044, 37.8679648806444], [-81.5066686522255, 37.8687759926905], [-81.5076918348578, 37.8687715851354], [-81.5076974005174, 37.8695826969407], [-81.5107669807193, 37.8695694205433], [-81.5107613814128, 37.8687583091233], [-81.5097381994519, 37.8687627433518], [-81.5097326115852, 37.8679516316903], [-81.5066630980044, 37.8679648806444]]]}, "properties": {"name": "6", "folder": "6", "style_id": "6", "stroke": "#6e6e6e", "stroke-opacity": 1.0, "stroke-width": 0, "fill": "#e7ff4a", "fill-opacity": 1.0}}, {"type": "Feature", "geometry": {"type": "Polygon", "coordinates": [[[-81.4177013346062, 37.8780477508254], [-81.4187246583518, 37.8780441156579], [-81.4187200666446, 37.8772329948115], [-81.419743378985, 37.8772293508553], [-81.4197295713091, 37.8747959879584], [-81.4207528498049, 37.8747923354261], [-81.4207482363965, 37.8739812143415], [-81.421771503488, 37.8739775530221], [-81.4217668790462, 37.8731664319312], [-81.4227901347335, 37.8731627618253], [-81.4227808639707, 37.871540519519], [-81.4238040970361, 37.8715368407338], [-81.4237948045833, 37.8699145981911], [-81.4248180150282, 37.8699109107276], [-81.4248040440995, 37.8674775463907], [-81.4237808673024, 37.867481233533], [-81.4237762219149, 37.8666701117553], [-81.4227530561463, 37.8666737898998], [-81.4227576903188, 37.8674849117843], [-81.4217345131492, 37.8674885811446], [-81.4217483831346, 37.8699219464425], [-81.4186787495712, 37.869932902131], [-81.4186833396203, 37.87074402399], [-81.4176601168466, 37.8707476582079], [-81.4176692750622, 37.8723699017994], [-81.4166460296698, 37.8723735273357], [-81.4166597347156, 37.8748068921949], [-81.4156364554837, 37.8748105091535], [-81.4156410129794, 37.8756216306532], [-81.4125711405297, 37.8756324284823], [-81.4125982873642, 37.8804991569984], [-81.4115749288569, 37.8805027391113], [-81.4115839568084, 37.8821249812579], [-81.4085138128633, 37.8821356748458], [-81.4085182934399, 37.8829467960607], [-81.4126118632329, 37.8829325197377], [-81.4126028124722, 37.881310278024], [-81.4136261820207, 37.8813066869117], [-81.4136080377901, 37.8780622025513], [-81.4146313622683, 37.8780586029615], [-81.4146268154448, 37.8772474816946], [-81.4156501285196, 37.8772438733151], [-81.415645570658, 37.8764327520404], [-81.4166688723295, 37.8764291348717], [-81.4166643034308, 37.8756180135895], [-81.4176875936989, 37.8756143876322], [-81.4176738544457, 37.8731810234264], [-81.4186971108726, 37.8731773888919], [-81.418692520271, 37.8723662673704], [-81.4197157652955, 37.8723626240488], [-81.4197249691199, 37.8739848667677], [-81.4187017016585, 37.8739885103008], [-81.4187154751217, 37.8764218738526], [-81.4176921738175, 37.8764255088091], [-81.4177013346062, 37.8780477508254]]]}, "properties": {"name": "6", "folder": "6", "style_id": "6", "stroke": "#6e6e6e", "stroke-opacity": 1.0, "stroke-width": 0, "fill": "#e7ff4a", "fill-opacity": 1.0}}, {"type": "Feature", "geometry": {"type": "Polygon", "coordinates": [[[-81.4984613264997, 37.8655664801333], [-81.4984777186817, 37.8679998199905], [-81.5005240648371, 37.8679911384993], [-81.5005185781275, 37.8671800255783], [-81.5046112229333, 37.8671625564123], [-81.504616754502, 37.8679736688262], [-81.5066630980044, 37.8679648806444], [-81.5066575440061, 37.8671537684857], [-81.5056343835809, 37.8671581668943], [-81.5056288410199, 37.8663470544951], [-81.5046056915865, 37.8663514438857], [-81.5046001604618, 37.8655403312464], [-81.4984613264997, 37.8655664801333]]]}, "properties": {"name": "6", "folder": "6", "style_id": "6", "stroke": "#6e6e6e", "stroke-opacity": 1.0, "stroke-width": 0, "fill": "#e7ff4a", "fill-opacity": 1.0}}, {"type": "Feature", "geometry": {"type": "Polygon", "coordinates": [[[-81.38489157673, 37.8659925052139], [-81.3848957957722, 37.8668036309802], [-81.3869421403016, 37.8667969237251], [-81.3869378988297, 37.8659857981535], [-81.38489157673, 37.8659925052139]]]}, "properties": {"name": "6", "folder": "6", "style_id": "6", "stroke": "#6e6e6e", "stroke-opacity": 1.0, "stroke-width": 0, "fill": "#e7ff4a", "fill-opacity": 1.0}}, {"type": "Feature", "geometry": {"type": "Polygon", "coordinates": [[[-81.3828452539531, 37.8659991767114], [-81.3746599561452, 37.8660255070726], [-81.3747051410381, 37.8749478948579], [-81.3757284272345, 37.8749446336391], [-81.3757325471611, 37.8757557590322], [-81.3777791414971, 37.8757492097238], [-81.3777832840296, 37.8765603348144], [-81.3798299001412, 37.8765537497395], [-81.3798257351681, 37.87574262484], [-81.3788024384159, 37.8757459217288], [-81.3787982848298, 37.8749347966213], [-81.3777749991308, 37.8749380845208], [-81.3777708569307, 37.8741269592054], [-81.3808406798691, 37.8741170691132], [-81.3808448557273, 37.8749281941415], [-81.3869845643834, 37.8749081732568], [-81.386993051243, 37.8765304218138], [-81.3880163578657, 37.8765270536767], [-81.3880206127716, 37.8773381776888], [-81.3890439304441, 37.8773348005596], [-81.3890353983622, 37.8757125526191], [-81.3880121031305, 37.8757159295522], [-81.3879950858972, 37.8724714319297], [-81.3869718353712, 37.8724747995779], [-81.3869675927076, 37.8716636747934], [-81.3859443532294, 37.8716670334514], [-81.3859485846749, 37.8724781583334], [-81.3849253338089, 37.8724815081961], [-81.3849295542058, 37.8732926330629], [-81.3798132412516, 37.8733092494671], [-81.379809076947, 37.872498124118], [-81.3777625730293, 37.8725047082372], [-81.3777542897927, 37.8708824568194], [-81.3787775193993, 37.870879169397], [-81.3787733668132, 37.8700680436149], [-81.3808198030916, 37.870061442285], [-81.3808156282387, 37.8692503165821], [-81.3818388349102, 37.8692470026753], [-81.3818304632751, 37.8676247511246], [-81.3828536473465, 37.867621428519], [-81.3828452539531, 37.8659991767114]]]}, "properties": {"name": "6", "folder": "6", "style_id": "6", "stroke": "#6e6e6e", "stroke-opacity": 1.0, "stroke-width": 0, "fill": "#e7ff4a", "fill-opacity": 1.0}}, {"type": "Feature", "geometry": {"type": "Polygon", "coordinates": [[[-81.462089465186, 37.9395279072317], [-81.4620996226872, 37.941150122134], [-81.4651721980941, 37.9411380152092], [-81.4651619730599, 37.9395158010093], [-81.462089465186, 37.9395279072317]]]}, "properties": {"name": "7", "folder": "7", "style_id": "7", "stroke": "#6e6e6e", "stroke-opacity": 1.0, "stroke-width": 0, "fill": "#ffa600", "fill-opacity": 1.0}}, {"type": "Feature", "geometry": {"type": "Polygon", "coordinates": [[[-81.4651619730599, 37.9395158010093], [-81.4672103106172, 37.9395076856252], [-81.4672051758983, 37.9386965785917], [-81.4692534901217, 37.9386884277888], [-81.4692483331002, 37.937877320879], [-81.4651517488465, 37.9378935863586], [-81.4651619730599, 37.9395158010093]]]}, "properties": {"name": "7", "folder": "7", "style_id": "7", "stroke": "#6e6e6e", "stroke-opacity": 1.0, "stroke-width": 0, "fill": "#ffa600", "fill-opacity": 1.0}}, {"type": "Feature", "geometry": {"type": "Polygon", "coordinates": [[[-81.4815221909312, 37.9353943516818], [-81.4815274823665, 37.9362054574893], [-81.4794792406881, 37.9362138214886], [-81.4794845098292, 37.937024927426], [-81.4784603774192, 37.9370290961775], [-81.478465635518, 37.9378402021232], [-81.4764173475577, 37.9378485131284], [-81.4764225833591, 37.9386596192024], [-81.4753984278092, 37.9386637614553], [-81.4754088775327, 37.9402859735056], [-81.4743846992632, 37.9402901070848], [-81.4743899131839, 37.9411012130608], [-81.4764382920244, 37.9410929367482], [-81.4764330555925, 37.9402818310123], [-81.477457233442, 37.9402776796051], [-81.4774519859651, 37.9394665738769], [-81.4805244844829, 37.9394540665338], [-81.4805192034525, 37.9386429610558], [-81.4815433579471, 37.9386387742354], [-81.4815380658745, 37.9378276687661], [-81.4825622089024, 37.9378234731539], [-81.4825569057885, 37.9370123676936], [-81.4835810373498, 37.9370081632902], [-81.4835704092544, 37.9353859522753], [-81.4815221909312, 37.9353943516818]]]}, "properties": {"name": "7", "folder": "7", "style_id": "7", "stroke": "#6e6e6e", "stroke-opacity": 1.0, "stroke-width": 0, "fill": "#ffa600", "fill-opacity": 1.0}}, {"type": "Feature", "geometry": {"type": "Polygon", "coordinates": [[[-81.4067616699858, 37.9356765318461], [-81.4067661399399, 37.9364876458403], [-81.4077902747787, 37.9364841011131], [-81.4077857935711, 37.9356729872217], [-81.4067616699858, 37.9356765318461]]]}, "properties": {"name": "7", "folder": "7", "style_id": "7", "stroke": "#6e6e6e", "stroke-opacity": 1.0, "stroke-width": 0, "fill": "#ffa600", "fill-opacity": 1.0}}, {"type": "Feature", "geometry": {"type": "Polygon", "coordinates": [[[-81.3913868925106, 37.933295284478], [-81.3913911931441, 37.9341064003213], [-81.3924152968674, 37.9341029895877], [-81.3924109849818, 37.9332918738433], [-81.3913868925106, 37.933295284478]]]}, "properties": {"name": "7", "folder": "7", "style_id": "7", "stroke": "#6e6e6e", "stroke-opacity": 1.0, "stroke-width": 0, "fill": "#ffa600", "fill-opacity": 1.0}}, {"type": "Feature", "geometry": {"type": "Polygon", "coordinates": [[[-81.466140038167, 37.9322117793547], [-81.4640919027527, 37.9322198747971], [-81.4640970020695, 37.9330309830849], [-81.4620488433341, 37.933039043115], [-81.4620589975743, 37.9346612598202], [-81.4610348953969, 37.9346652767007], [-81.4610450279466, 37.9362874931883], [-81.458996777971, 37.936295500677], [-81.4590018220439, 37.9371066089841], [-81.4549052746527, 37.9371225174692], [-81.4548852796213, 37.9338780817187], [-81.4538611872821, 37.9338820360983], [-81.4538562002776, 37.9330709267643], [-81.45283211899, 37.9330748721174], [-81.4528420706954, 37.9346970909016], [-81.4538661744869, 37.9346931453196], [-81.4538711618918, 37.9355042544283], [-81.4528470468476, 37.9355082001247], [-81.4528420706954, 37.9346970909016], [-81.4518179667041, 37.9347010275712], [-81.4518130020038, 37.9338899181212], [-81.4507889090655, 37.9338938457646], [-81.4508037700064, 37.9363271741185], [-81.4518278967026, 37.9363232461333], [-81.4518477590913, 37.9395676819056], [-81.4508235873781, 37.9395716103466], [-81.4508334972571, 37.9411938277848], [-81.4528818855067, 37.9411859615324], [-81.4528719306052, 37.9395637445506], [-81.4538961019193, 37.9395597982818], [-81.4538911135134, 37.9387486897364], [-81.4610602282963, 37.9387208170747], [-81.4610652954864, 37.9395319248114], [-81.462089465186, 37.9395279072317], [-81.4620691526295, 37.9362834760747], [-81.4630932771087, 37.9362794500484], [-81.4630881882261, 37.9354683420942], [-81.464112301248, 37.9354643072721], [-81.4641072013172, 37.9346531993224], [-81.4651313028818, 37.934649155705], [-81.4651210811304, 37.9330269397021], [-81.4661451599862, 37.9330228874076], [-81.466140038167, 37.9322117793547]]]}, "properties": {"name": "7", "folder": "7", "style_id": "7", "stroke": "#6e6e6e", "stroke-opacity": 1.0, "stroke-width": 0, "fill": "#ffa600", "fill-opacity": 1.0}}, {"type": "Feature", "geometry": {"type": "Polygon", "coordinates": [[[-81.466140038167, 37.9322117793547], [-81.467164105566, 37.9322077182663], [-81.4671589727017, 37.9313966102185], [-81.4661349165534, 37.9314006711891], [-81.466140038167, 37.9322117793547]]]}, "properties": {"name": "7", "folder": "7", "style_id": "7", "stroke": "#6e6e6e", "stroke-opacity": 1.0, "stroke-width": 0, "fill": "#ffa600", "fill-opacity": 1.0}}, {"type": "Feature", "geometry": {"type": "Polygon", "coordinates": [[[-81.4487259309494, 37.9314683442658], [-81.4487357918471, 37.9330905644112], [-81.4497598739309, 37.9330866547055], [-81.4497648159284, 37.9338977644958], [-81.4507889090655, 37.9338938457646], [-81.4507790027657, 37.9322716262987], [-81.4497549321317, 37.9322755448026], [-81.4497499905309, 37.931464434787], [-81.4487259309494, 37.9314683442658]]]}, "properties": {"name": "7", "folder": "7", "style_id": "7", "stroke": "#6e6e6e", "stroke-opacity": 1.0, "stroke-width": 0, "fill": "#ffa600", "fill-opacity": 1.0}}, {"type": "Feature", "geometry": {"type": "Polygon", "coordinates": [[[-81.499912180879, 37.9288286409609], [-81.4999231655421, 37.9304508498066], [-81.5009472034034, 37.9304464948947], [-81.5009527073156, 37.9312575990221], [-81.5030008048748, 37.9312488622125], [-81.5030063315088, 37.9320599659736], [-81.5040303912063, 37.9320555840752], [-81.5040359293129, 37.9328666875964], [-81.505060000039, 37.9328622966592], [-81.5050378039454, 37.9296178824073], [-81.5019657261029, 37.9296310269585], [-81.5019602113834, 37.9288199227322], [-81.499912180879, 37.9288286409609]]]}, "properties": {"name": "7", "folder": "7", "style_id": "7", "stroke": "#6e6e6e", "stroke-opacity": 1.0, "stroke-width": 0, "fill": "#ffa600", "fill-opacity": 1.0}}, {"type": "Feature", "geometry": {"type": "Polygon", "coordinates": [[[-81.3882890163993, 37.928438763715], [-81.388297548269, 37.9300609972297], [-81.3893215962522, 37.9300576137242], [-81.389338707051, 37.9333020790109], [-81.3913868925106, 37.933295284478], [-81.3913739916461, 37.9308619362731], [-81.3903499327563, 37.9308653376995], [-81.3903413555433, 37.929243104803], [-81.3893173189818, 37.9292464971212], [-81.389313041883, 37.9284353804058], [-81.3882890163993, 37.928438763715]]]}, "properties": {"name": "7", "folder": "7", "style_id": "7", "stroke": "#6e6e6e", "stroke-opacity": 1.0, "stroke-width": 0, "fill": "#ffa600", "fill-opacity": 1.0}}, {"type": "Feature", "geometry": {"type": "Polygon", "coordinates": [[[-81.4937084264636, 37.9199324168079], [-81.4937192713457, 37.9215546296394], [-81.4947431868024, 37.9215503295649], [-81.4947486208149, 37.9223614356868], [-81.4957725472986, 37.9223571265793], [-81.4957779927748, 37.9231682324634], [-81.4968019302854, 37.9231639143225], [-81.4968073872261, 37.9239750199685], [-81.4988552840816, 37.9239663567098], [-81.4988607637341, 37.9247774619917], [-81.5009086822027, 37.9247687628457], [-81.5008976781331, 37.9231465526739], [-81.4998737415012, 37.9231509064487], [-81.4998682510431, 37.9223398010674], [-81.4988443254364, 37.9223441458077], [-81.4988388464437, 37.9215330401875], [-81.495767102041, 37.9215460205825], [-81.4957616570019, 37.920734914473], [-81.4947377530079, 37.9207392233303], [-81.4947323194315, 37.919928116983], [-81.4937084264636, 37.9199324168079]]]}, "properties": {"name": "7", "folder": "7", "style_id": "7", "stroke": "#6e6e6e", "stroke-opacity": 1.0, "stroke-width": 0, "fill": "#ffa600", "fill-opacity": 1.0}}, {"type": "Feature", "geometry": {"type": "Polygon", "coordinates": [[[-81.4619828606388, 37.9224946235458], [-81.4691503890115, 37.9224662681816], [-81.4691452361283, 37.921655159018], [-81.4650495518418, 37.921671415062], [-81.4650444441448, 37.9208603053141], [-81.4629966232595, 37.920868379653], [-81.4629915382563, 37.9200572695581], [-81.4609437390434, 37.9200653080322], [-81.4609488015577, 37.9208764183603], [-81.4619727125104, 37.9208724034606], [-81.4619828606388, 37.9224946235458]]]}, "properties": {"name": "7", "folder": "7", "style_id": "7", "stroke": "#6e6e6e", "stroke-opacity": 1.0, "stroke-width": 0, "fill": "#ffa600", "fill-opacity": 1.0}}, {"type": "Feature", "geometry": {"type": "Polygon", "coordinates": [[[-81.3861815758966, 37.9170898536616], [-81.3851577073469, 37.9170932088759], [-81.3851492484099, 37.9154709711756], [-81.3841254021757, 37.9154743172887], [-81.3841464945752, 37.9195299111812], [-81.3851703970257, 37.9195265645827], [-81.3851788576604, 37.9211488011581], [-81.3862027824308, 37.921145445457], [-81.3862070242483, 37.9219565634786], [-81.3872309600939, 37.9219531987717], [-81.3872522279699, 37.9260087867041], [-81.3862282358902, 37.9260121518993], [-81.3862324787294, 37.9268232692459], [-81.3872564820573, 37.9268199039532], [-81.3872649907444, 37.9284421381137], [-81.3882890163993, 37.928438763715], [-81.3882719547145, 37.9251942953356], [-81.3892959352045, 37.925190912419], [-81.3892916589641, 37.924379795141], [-81.3903156280352, 37.9243764034133], [-81.3903113407195, 37.9235652861212], [-81.3964550840361, 37.9235447492559], [-81.3964463749676, 37.9219225155261], [-81.3923506367519, 37.9219362416091], [-81.3923463274615, 37.9211251241771], [-81.3892745557184, 37.9211353249042], [-81.389270280336, 37.9203242070638], [-81.3872224541385, 37.9203309628112], [-81.3872139488659, 37.9187087264008], [-81.3861900579995, 37.9187120907172], [-81.3861815758966, 37.9170898536616]]]}, "properties": {"name": "7", "folder": "7", "style_id": "7", "stroke": "#6e6e6e", "stroke-opacity": 1.0, "stroke-width": 0, "fill": "#ffa600", "fill-opacity": 1.0}}, {"type": "Feature", "geometry": {"type": "Polygon", "coordinates": [[[-81.4834110901615, 37.9110527329455], [-81.4834163977079, 37.9118638418909], [-81.4844401804141, 37.9118596323626], [-81.4844454994132, 37.9126707410731], [-81.4875168799683, 37.9126580586905], [-81.4875222329014, 37.9134691669202], [-81.4895698413451, 37.913460667226], [-81.4895752169742, 37.9142717750964], [-81.4957181045561, 37.9142460615376], [-81.4957126614835, 37.9134349544134], [-81.4946888586706, 37.9134392621456], [-81.4946834270566, 37.9126281547836], [-81.4905882585899, 37.9126452961613], [-81.4905828721526, 37.9118341881892], [-81.4885353090997, 37.9118427052], [-81.488529945357, 37.911031596868], [-81.4834110901615, 37.9110527329455]]]}, "properties": {"name": "7", "folder": "7", "style_id": "7", "stroke": "#6e6e6e", "stroke-opacity": 1.0, "stroke-width": 0, "fill": "#ffa600", "fill-opacity": 1.0}}, {"type": "Feature", "geometry": {"type": "Polygon", "coordinates": [[[-81.4250557783487, 37.9112779494929], [-81.4250651123208, 37.912900180342], [-81.4240413067645, 37.9129038734821], [-81.424050619004, 37.9145261040953], [-81.423026790779, 37.9145297885437], [-81.4230314359374, 37.9153409037884], [-81.4220075962844, 37.9153445794374], [-81.4220261338119, 37.9185890397171], [-81.4230500184358, 37.9185853636414], [-81.4230360812824, 37.9161520189205], [-81.4250837825127, 37.9161446406895], [-81.4251024557024, 37.9193890992358], [-81.4261263510094, 37.9193853963307], [-81.4261310310196, 37.9201965105784], [-81.4251071244683, 37.920200213591], [-81.4251117934215, 37.9210113278335], [-81.424087875438, 37.9210150220454], [-81.4240739028733, 37.9185816786584], [-81.4230500184358, 37.9185853636414], [-81.4230639572676, 37.9210187073492], [-81.4220400389107, 37.9210223837449], [-81.4220446743157, 37.9218334981958], [-81.4199968145537, 37.9218408244754], [-81.4200014276534, 37.9226519390263], [-81.4179535446594, 37.922659229884], [-81.4179856840775, 37.9283370300689], [-81.4190097043993, 37.9283333883548], [-81.4190143077313, 37.929144502111], [-81.4200383391177, 37.9291408513805], [-81.420019881904, 37.9258963961039], [-81.4210438681108, 37.9258927368874], [-81.4210392430229, 37.925081622893], [-81.423087192384, 37.9250742779442], [-81.4230732507546, 37.9226409359249], [-81.4240971914159, 37.9226372504073], [-81.4240925333335, 37.9218261362826], [-81.4281882491219, 37.9218113055563], [-81.4281835462457, 37.9210001917494], [-81.4271596288258, 37.9210039126855], [-81.4271455550625, 37.9185705702655], [-81.4261216711871, 37.9185742819704], [-81.4260982748929, 37.9145187084804], [-81.4271221025558, 37.9145149973139], [-81.4271174126193, 37.9137038823859], [-81.4301888607536, 37.9136926957751], [-81.4301841372833, 37.9128815810591], [-81.4281365278639, 37.9128890474887], [-81.4281318270635, 37.9120779324435], [-81.4260842393698, 37.9120853630356], [-81.4260795612377, 37.9112742476621], [-81.4250557783487, 37.9112779494929]]]}, "properties": {"name": "7", "folder": "7", "style_id": "7", "stroke": "#6e6e6e", "stroke-opacity": 1.0, "stroke-width": 0, "fill": "#ffa600", "fill-opacity": 1.0}}, {"type": "Feature", "geometry": {"type": "Polygon", "coordinates": [[[-81.4240273398067, 37.9104705267181], [-81.4240319952724, 37.9112816424187], [-81.4250557783487, 37.9112779494929], [-81.4250511116437, 37.9104668338995], [-81.4240273398067, 37.9104705267181]]]}, "properties": {"name": "7", "folder": "7", "style_id": "7", "stroke": "#6e6e6e", "stroke-opacity": 1.0, "stroke-width": 0, "fill": "#ffa600", "fill-opacity": 1.0}}, {"type": "Feature", "geometry": {"type": "Polygon", "coordinates": [[[-81.4751635306658, 37.9021638711433], [-81.476187180221, 37.9021597342954], [-81.4761819538676, 37.9013486231501], [-81.4751583155464, 37.9013527598779], [-81.4751635306658, 37.9021638711433]]]}, "properties": {"name": "7", "folder": "7", "style_id": "7", "stroke": "#6e6e6e", "stroke-opacity": 1.0, "stroke-width": 0, "fill": "#ffa600", "fill-opacity": 1.0}}, {"type": "Feature", "geometry": {"type": "Polygon", "coordinates": [[[-81.4833261983842, 37.8980749744926], [-81.4833315025234, 37.8988860852411], [-81.4823078993788, 37.8988902839146], [-81.4823131924983, 37.8997013946723], [-81.4812895779088, 37.8997055845665], [-81.4813001423187, 37.901327805987], [-81.4823237793747, 37.9013236158496], [-81.4823290731315, 37.9021347262692], [-81.483352721209, 37.9021305271084], [-81.4833474162182, 37.9013194168106], [-81.4843710528489, 37.90131520887], [-81.4843657368376, 37.9005040985817], [-81.4853893620215, 37.9004998818619], [-81.4853840349906, 37.8996887715833], [-81.4843604210397, 37.8996929881807], [-81.4843497900839, 37.8980707670405], [-81.4833261983842, 37.8980749744926]]]}, "properties": {"name": "7", "folder": "7", "style_id": "7", "stroke": "#6e6e6e", "stroke-opacity": 1.0, "stroke-width": 0, "fill": "#ffa600", "fill-opacity": 1.0}}, {"type": "Feature", "geometry": {"type": "Polygon", "coordinates": [[[-81.4229292855052, 37.8974963424049], [-81.4229524935931, 37.901551929321], [-81.4239761420139, 37.901548246583], [-81.4239807954247, 37.9023593635217], [-81.4250044548931, 37.9023556717745], [-81.4250184499521, 37.9047890215939], [-81.4239947567779, 37.9047927136624], [-81.4239994109359, 37.9056038301509], [-81.4229757063387, 37.9056075134234], [-81.4229849927413, 37.9072297462765], [-81.4240087198122, 37.9072260627902], [-81.4240133745306, 37.908037178941], [-81.4250371126522, 37.9080334864439], [-81.4250417787954, 37.908844602375], [-81.4270892769523, 37.9088371904538], [-81.4270939657597, 37.9096483060572], [-81.4281177257945, 37.9096445866324], [-81.4281130257488, 37.9088334711369], [-81.4311842710044, 37.908822259761], [-81.4311795374335, 37.9080111444783], [-81.4352744834941, 37.9079960717561], [-81.4352792620166, 37.9088071866015], [-81.4322080190436, 37.9088185048274], [-81.4322127640428, 37.9096296198886], [-81.4311890047653, 37.9096333749312], [-81.4311937387162, 37.9104444899888], [-81.4301699680098, 37.9104482362357], [-81.4301794140026, 37.9120704662305], [-81.431203207188, 37.9120667197662], [-81.4312126764199, 37.9136889490934], [-81.4301888607536, 37.9136926957751], [-81.4301935844136, 37.9145038103785], [-81.4312174113209, 37.9145000635881], [-81.4312221464119, 37.9153111779702], [-81.433269822139, 37.915303657453], [-81.4332745799041, 37.9161147715044], [-81.4342984287234, 37.9161109977769], [-81.4342888909008, 37.9144887697807], [-81.4332650645649, 37.9144925432892], [-81.4332555499896, 37.9128703146236], [-81.4322317459445, 37.9128740790076], [-81.4322175092326, 37.9104407348372], [-81.4373363589486, 37.9104218255091], [-81.437341160525, 37.9112329397964], [-81.4393887215441, 37.9112253135112], [-81.4393935457926, 37.9120364274646], [-81.4424649195868, 37.912024920916], [-81.4424600616194, 37.9112138072965], [-81.4445076206954, 37.9112060919622], [-81.4445027404446, 37.9103949784539], [-81.4404076664693, 37.9104103730562], [-81.4404028313692, 37.9095992589886], [-81.4414265889165, 37.9095954238063], [-81.4414217427722, 37.9087843097374], [-81.4434692348062, 37.908776612883], [-81.4434643663808, 37.9079654989249], [-81.4444881008671, 37.9079616372536], [-81.4444929805304, 37.9087727510996], [-81.4455167260587, 37.9087688804122], [-81.4455216171561, 37.9095799940333], [-81.4475691300998, 37.9095722257206], [-81.4475789578394, 37.9111944521741], [-81.4445076206954, 37.9112060919622], [-81.4445125011422, 37.9120172053578], [-81.4455362916263, 37.912013334221], [-81.445546075588, 37.9136355604497], [-81.4465698883564, 37.9136316801826], [-81.4465944079064, 37.9176872432207], [-81.4455705389288, 37.9176911240509], [-81.4455754321861, 37.9185022364332], [-81.4445515517688, 37.9185061084688], [-81.4445564339788, 37.9193172208509], [-81.4435325421219, 37.9193210840913], [-81.4435374132837, 37.9201321964729], [-81.4425135099871, 37.9201360509177], [-81.4425183700998, 37.9209471632985], [-81.4414944553636, 37.9209510089472], [-81.4415187026238, 37.92500656972], [-81.440494731463, 37.9250104070173], [-81.4405237671085, 37.9298770768964], [-81.4446199205444, 37.9298616715698], [-81.4446150357862, 37.9290505606518], [-81.4456390624066, 37.9290466871554], [-81.4456439584143, 37.929857797961], [-81.4466679960877, 37.9298539154415], [-81.4466729035419, 37.9306650260218], [-81.4476969522683, 37.9306611344785], [-81.4477018711699, 37.9314722448334], [-81.4487259309494, 37.9314683442658], [-81.4487210007973, 37.9306572340242], [-81.4497450491284, 37.9306533246588], [-81.4497499905309, 37.931464434787], [-81.450774049914, 37.9314605163968], [-81.4507790027657, 37.9322716262987], [-81.451803073201, 37.9322676988833], [-81.4518080375028, 37.9330788085586], [-81.45283211899, 37.9330748721174], [-81.4528221680836, 37.9314526528825], [-81.4517981090984, 37.9314565890953], [-81.4517931451951, 37.9306454791947], [-81.4507690972612, 37.9306494063823], [-81.4507641448071, 37.9298382962551], [-81.4497401079243, 37.9298422144179], [-81.4497351669184, 37.9290311040644], [-81.4487111410868, 37.929035013203], [-81.4487062115284, 37.9282239026234], [-81.447682196748, 37.9282278027383], [-81.447677278636, 37.9274166919329], [-81.4466532749069, 37.9274205830246], [-81.4466483682405, 37.9266094719938], [-81.4456243755625, 37.9266133540627], [-81.4456194803409, 37.9258022428066], [-81.4445954987142, 37.9258061158534], [-81.4445759647785, 37.9225616692531], [-81.4466238378625, 37.9225539151499], [-81.4466140270897, 37.920931691624], [-81.4476379408461, 37.9209278014354], [-81.4476330245104, 37.9201166896164], [-81.4486569268249, 37.920112790633], [-81.4486519994424, 37.9193016788145], [-81.4506997809894, 37.9192938543515], [-81.4507146311974, 37.9217271887881], [-81.4517385554068, 37.9217232628537], [-81.4517534411407, 37.9241565959348], [-81.4527773988885, 37.9241526607497], [-81.4527873462009, 37.9257748820122], [-81.4538113262432, 37.9257709376892], [-81.4538163114465, 37.926582048037], [-81.4548403025363, 37.9265780946899], [-81.4548452991879, 37.9273892048104], [-81.4568933032616, 37.9273812711567], [-81.4568832651675, 37.9257590512634], [-81.4558592857269, 37.9257630223148], [-81.4558492709325, 37.9241408017405], [-81.4548253137849, 37.9241447636525], [-81.4548053315902, 37.9209003206924], [-81.4537814192246, 37.9209042732367], [-81.4537764354217, 37.9200931621004], [-81.4527525341006, 37.9200971056223], [-81.4527425895826, 37.9184748827828], [-81.4517187105496, 37.9184788171687], [-81.451713749833, 37.9176677054659], [-81.4506898818441, 37.9176716308307], [-81.4506849325694, 37.9168605189013], [-81.4496610756246, 37.9168644352456], [-81.4496512001553, 37.9152422108217], [-81.4486273654964, 37.9152461180325], [-81.4486175133021, 37.9136238929314], [-81.4475937009279, 37.9136277910098], [-81.4475887863678, 37.9128166781772], [-81.4486125875015, 37.9128127802119], [-81.4486076618987, 37.9120016673797], [-81.4506552410926, 37.91199384496], [-81.4506601891755, 37.9128049575651], [-81.4547553901367, 37.9127892054071], [-81.4547603833801, 37.9136003174425], [-81.4557841943609, 37.9135963570247], [-81.4557891990456, 37.9144074688325], [-81.4598844859193, 37.914391537643], [-81.4598895357702, 37.9152026488759], [-81.4609133682244, 37.9151986436977], [-81.4609184295196, 37.9160097547018], [-81.4619422730124, 37.916005740501], [-81.461947345753, 37.9168168512759], [-81.4629712002844, 37.916812828052], [-81.4629762844713, 37.9176239385976], [-81.471167203279, 37.9175914312262], [-81.4711723776143, 37.9184025407158], [-81.4721962527784, 37.9183984370946], [-81.4742440024819, 37.918390203131], [-81.4742492107553, 37.9192013121499], [-81.4752730965371, 37.9191971816877], [-81.4752783162633, 37.920008290474], [-81.4763022130796, 37.9200041509844], [-81.4763074442597, 37.9208152595379], [-81.4773313521102, 37.9208111110203], [-81.4773365947451, 37.9216222193408], [-81.47836051363, 37.9216180617948], [-81.4783710220218, 37.9232402778564], [-81.4793949631867, 37.9232361111605], [-81.4793896976397, 37.9224250033069], [-81.4804136273476, 37.9224208278236], [-81.4804030743977, 37.9207986120207], [-81.4814269814039, 37.9207944278719], [-81.4814164068129, 37.9191722118609], [-81.479368637565, 37.9191805707657], [-81.4793633730746, 37.9183694623486], [-81.4762917513493, 37.9183819335392], [-81.476286520799, 37.9175708246475], [-81.4752626577131, 37.9175749637769], [-81.4752574386153, 37.9167638546524], [-81.4721858818299, 37.9167762182409], [-81.4721806966679, 37.915965108645], [-81.4670614874133, 37.915985535902], [-81.4670563586677, 37.9151744256007], [-81.4650086960052, 37.915182533924], [-81.4650035899479, 37.9143714232748], [-81.4629559489481, 37.9143794957396], [-81.4629508655774, 37.9135683847434], [-81.4619270560121, 37.9135724075003], [-81.4619219840858, 37.9127612962748], [-81.4608981855573, 37.9127653100097], [-81.4608880647948, 37.9111430869877], [-81.4588405120878, 37.9111510872772], [-81.4588253998988, 37.908717751203], [-81.4649678532847, 37.9086936455756], [-81.4649729579076, 37.9095047570135], [-81.4680442155552, 37.9094925836424], [-81.4680493540986, 37.9103036946143], [-81.4690731174744, 37.9102996188972], [-81.4690679676925, 37.9094885080435], [-81.4700917196231, 37.9094844235404], [-81.4700813982036, 37.9078622017321], [-81.4690576687486, 37.9078662859982], [-81.4690525195867, 37.9070551748065], [-81.4680288011623, 37.9070592500506], [-81.4680236634437, 37.906248138628], [-81.4690473706315, 37.9062440635022], [-81.4690422218829, 37.9054329520852], [-81.4710896131654, 37.9054247753613], [-81.4710947843866, 37.906235886541], [-81.4731421973114, 37.906227673967], [-81.4731473912135, 37.9070387847957], [-81.4741711086001, 37.9070346650343], [-81.4741763139478, 37.9078457756308], [-81.4762237705681, 37.9078375091579], [-81.4762289985998, 37.9086486194019], [-81.477252737833, 37.9086444726896], [-81.4772579773125, 37.9094555827005], [-81.4803292274626, 37.9094430887774], [-81.4803186812873, 37.907820869368], [-81.4792949539239, 37.907825042671], [-81.4792896923907, 37.9070139326762], [-81.4782659760532, 37.9070180969547], [-81.4782607259678, 37.9062069867263], [-81.4762133151342, 37.9062152883321], [-81.476208087732, 37.9054041777501], [-81.4751843932365, 37.9054083150782], [-81.4751635306658, 37.9021638711433], [-81.4741398809012, 37.9021679990892], [-81.4741450849955, 37.9029791103618], [-81.4720977623715, 37.9029873397868], [-81.4721029442049, 37.9037984511855], [-81.4710792713458, 37.9038025526638], [-81.4710741007473, 37.9029914411461], [-81.4669794521799, 37.9030077575616], [-81.4669845778388, 37.9038188695528], [-81.4639135555469, 37.9038310137439], [-81.4639237400681, 37.9054532380933], [-81.4629000430902, 37.905457268586], [-81.4629051244211, 37.9062683807087], [-81.4608577073813, 37.9062764152183], [-81.4608627664426, 37.9070875274615], [-81.4557441641137, 37.907107458507], [-81.4557491671917, 37.9079185712159], [-81.4537017023769, 37.907926481539], [-81.4537066831802, 37.9087375943648], [-81.4516591950903, 37.9087454693011], [-81.4516641536172, 37.9095565822429], [-81.4496166422547, 37.9095644217904], [-81.4496117062043, 37.9087533086212], [-81.4465404713907, 37.9087650008206], [-81.4465159626634, 37.9047094315887], [-81.4434448946327, 37.9047210419664], [-81.443454630116, 37.9063432706709], [-81.4424309179086, 37.9063471232147], [-81.4424406316991, 37.9079693516924], [-81.4403931617513, 37.9079770305157], [-81.4403979964632, 37.9087881448085], [-81.4373267563738, 37.9087995965967], [-81.4373219553755, 37.9079884819716], [-81.4362982195309, 37.9079922813158], [-81.4362790624113, 37.9047478212486], [-81.4352553713215, 37.9047516112489], [-81.435260149077, 37.9055627265446], [-81.4342364465594, 37.9055665077518], [-81.4342412132701, 37.9063776230446], [-81.4321937851883, 37.9063851589683], [-81.4321985296163, 37.9071962743673], [-81.4301510782988, 37.907203774895], [-81.4301558004423, 37.9080148903991], [-81.4260608505866, 37.9080297850428], [-81.4260561733932, 37.9072186691065], [-81.4250324466963, 37.9072223704002], [-81.4250277809277, 37.906411254244], [-81.4260514963874, 37.9064075530577], [-81.4260421429391, 37.9047853206224], [-81.4270658357384, 37.9047816107481], [-81.4270564605698, 37.9031593780779], [-81.42808013071, 37.9031556595164], [-81.4280707338249, 37.9015334266118], [-81.4249997902479, 37.901544554943], [-81.4249951257899, 37.9007334379989], [-81.4239714887898, 37.9007371295317], [-81.4239528777608, 37.8974926602012], [-81.4229292855052, 37.8974963424049]], [[-81.4425475348732, 37.9258138352185], [-81.4425621198939, 37.9282471696581], [-81.4435861356568, 37.9282433140948], [-81.4435715168915, 37.9258099799907], [-81.4425475348732, 37.9258138352185]], [[-81.4526879090001, 37.9095526491126], [-81.4526928789646, 37.9103637618276], [-81.4506453455224, 37.9103716194118], [-81.4506502932082, 37.9111827322422], [-81.455769181512, 37.9111630209253], [-81.4557591739502, 37.9095407962959], [-81.4526879090001, 37.9095526491126]]]}, "properties": {"name": "7", "folder": "7", "style_id": "7", "stroke": "#6e6e6e", "stroke-opacity": 1.0, "stroke-width": 0, "fill": "#ffa600", "fill-opacity": 1.0}}, {"type": "Feature", "geometry": {"type": "Polygon", "coordinates": [[[-81.4177883987809, 37.8934590275326], [-81.4177975672934, 37.8950812648229], [-81.4167740076208, 37.895084893307], [-81.4167785809222, 37.8958960118887], [-81.4178021518257, 37.8958923832993], [-81.4178067365419, 37.8967035016631], [-81.4188303184926, 37.896699864068], [-81.418839510941, 37.898322100247], [-81.4198631151712, 37.8983184535399], [-81.4198999822177, 37.9048073929073], [-81.418876288114, 37.9048110404612], [-81.418880886091, 37.9056221574815], [-81.4137623566325, 37.905640262232], [-81.4137668986105, 37.9064513796652], [-81.4127431809334, 37.9064549740099], [-81.4127567742485, 37.9088883259472], [-81.4117330226767, 37.9088919117006], [-81.4117511046862, 37.9121363797911], [-81.4127749012148, 37.9121327936215], [-81.4127794334111, 37.9129439102587], [-81.4138032409982, 37.9129403150794], [-81.4137896112353, 37.9105069651431], [-81.4148133849204, 37.910503361372], [-81.4148088307919, 37.9096922446061], [-81.4158325930552, 37.9096886320351], [-81.4158280278709, 37.9088775152614], [-81.4199230301336, 37.9088629763542], [-81.4199322505951, 37.9104852089451], [-81.4240273398067, 37.9104705267181], [-81.4240226845279, 37.9096594109049], [-81.4219751627717, 37.9096667696144], [-81.4219705301566, 37.9088556534752], [-81.4209467802378, 37.9088593193668], [-81.4209421590466, 37.9080482030086], [-81.4199184201804, 37.9080518598899], [-81.4199138104122, 37.9072407433131], [-81.416842626418, 37.9072516602163], [-81.4168472024734, 37.9080627771099], [-81.4147997230831, 37.9080700107366], [-81.4147951695028, 37.907258893633], [-81.416842626418, 37.9072516602163], [-81.4168380505462, 37.9064405432101], [-81.419909200829, 37.9064296266237], [-81.4199045914309, 37.9056185098218], [-81.4209282965857, 37.9056148532588], [-81.4208821004356, 37.8975036801106], [-81.4198585076226, 37.8975073356125], [-81.4198492930801, 37.8958850994201], [-81.4188257225451, 37.8958887458098], [-81.4188119358093, 37.8934553903597], [-81.4177883987809, 37.8934590275326]]]}, "properties": {"name": "7", "folder": "7", "style_id": "7", "stroke": "#6e6e6e", "stroke-opacity": 1.0, "stroke-width": 0, "fill": "#ffa600", "fill-opacity": 1.0}}, {"type": "Feature", "geometry": {"type": "Polygon", "coordinates": [[[-81.4894301506884, 37.892371823032], [-81.4894355207111, 37.893182933833], [-81.4873884740044, 37.8931914273629], [-81.487399169778, 37.8948136491197], [-81.4894462614029, 37.8948051550968], [-81.4894408909492, 37.8939940445212], [-81.4904644252089, 37.8939897842842], [-81.4904590437414, 37.8931786737196], [-81.4914825665557, 37.8931744047073], [-81.4914771740753, 37.8923632941538], [-81.4894301506884, 37.892371823032]]]}, "properties": {"name": "7", "folder": "7", "style_id": "7", "stroke": "#6e6e6e", "stroke-opacity": 1.0, "stroke-width": 0, "fill": "#ffa600", "fill-opacity": 1.0}}, {"type": "Feature", "geometry": {"type": "Polygon", "coordinates": [[[-81.4167511438667, 37.8910292987107], [-81.4167648615686, 37.8934626558061], [-81.4177883987809, 37.8934590275326], [-81.417774647392, 37.8910256707531], [-81.4167511438667, 37.8910292987107]]]}, "properties": {"name": "7", "folder": "7", "style_id": "7", "stroke": "#6e6e6e", "stroke-opacity": 1.0, "stroke-width": 0, "fill": "#ffa600", "fill-opacity": 1.0}}, {"type": "Feature", "geometry": {"type": "Polygon", "coordinates": [[[-81.5006558119435, 37.8874578147899], [-81.5006613041605, 37.8882689248929], [-81.5016847574245, 37.8882645676502], [-81.5016792539814, 37.8874534576736], [-81.5006558119435, 37.8874578147899]]]}, "properties": {"name": "7", "folder": "7", "style_id": "7", "stroke": "#6e6e6e", "stroke-opacity": 1.0, "stroke-width": 0, "fill": "#ffa600", "fill-opacity": 1.0}}, {"type": "Feature", "geometry": {"type": "Polygon", "coordinates": [[[-81.4105830926005, 37.8861841585993], [-81.4105921006364, 37.8878063993783], [-81.4116155603459, 37.8878028252272], [-81.4116245915589, 37.8894250653486], [-81.413671555342, 37.8894178899371], [-81.4136760936758, 37.8902290096209], [-81.4157230791858, 37.8902217984078], [-81.4157276401579, 37.8910329177697], [-81.4167511438667, 37.8910292987107], [-81.4167419996496, 37.8894070600845], [-81.4146950369606, 37.8894142888843], [-81.4146904875818, 37.8886031691926], [-81.412643546617, 37.8886103621914], [-81.4126344933133, 37.8869881220529], [-81.4116110450113, 37.8869917049976], [-81.4116065298578, 37.8861805846556], [-81.4105830926005, 37.8861841585993]]]}, "properties": {"name": "7", "folder": "7", "style_id": "7", "stroke": "#6e6e6e", "stroke-opacity": 1.0, "stroke-width": 0, "fill": "#ffa600", "fill-opacity": 1.0}}, {"type": "Feature", "geometry": {"type": "Polygon", "coordinates": [[[-81.4064804242577, 37.8845761233498], [-81.4064848829236, 37.8853872444329], [-81.4075083096756, 37.8853837061802], [-81.407512779746, 37.8861948270481], [-81.4105830926005, 37.8861841585993], [-81.4105785888538, 37.885373038041], [-81.4085317362483, 37.8853801590306], [-81.4085272551324, 37.8845690381531], [-81.4064804242577, 37.8845761233498]]]}, "properties": {"name": "7", "folder": "7", "style_id": "7", "stroke": "#6e6e6e", "stroke-opacity": 1.0, "stroke-width": 0, "fill": "#ffa600", "fill-opacity": 1.0}}, {"type": "Feature", "geometry": {"type": "Polygon", "coordinates": [[[-81.4586592858547, 37.8819509874822], [-81.4586643163819, 37.8827621033363], [-81.4596876997382, 37.8827581117007], [-81.4596826579876, 37.8819469959624], [-81.4586592858547, 37.8819509874822]]]}, "properties": {"name": "7", "folder": "7", "style_id": "7", "stroke": "#6e6e6e", "stroke-opacity": 1.0, "stroke-width": 0, "fill": "#ffa600", "fill-opacity": 1.0}}, {"type": "Feature", "geometry": {"type": "Polygon", "coordinates": [[[-81.3880376341029, 37.8805826726125], [-81.3880716849639, 37.8870716570622], [-81.3870482324373, 37.8870750264704], [-81.3870567244073, 37.8886972716538], [-81.3860332492567, 37.8887006323597], [-81.3860459548062, 37.8911339995841], [-81.3850224458019, 37.8911373516839], [-81.3850266700962, 37.8919484739644], [-81.3829796291219, 37.8919551516618], [-81.3829838311273, 37.8927662740236], [-81.3809367670199, 37.8927729163179], [-81.3809325874731, 37.8919617937633], [-81.3788855451533, 37.8919684002688], [-81.3788897022415, 37.8927795230151], [-81.3778661696018, 37.8927828130149], [-81.3778744618187, 37.8944050583613], [-81.3788980169184, 37.8944017681705], [-81.3789021745071, 37.8952128905796], [-81.3809493066666, 37.895206283307], [-81.3809534868844, 37.8960174054118], [-81.3819770639438, 37.8960140883293], [-81.3819812555609, 37.8968252102253], [-81.3830048436837, 37.896821884146], [-81.383021656765, 37.9000663702196], [-81.3819980237116, 37.9000696966851], [-81.3820315680898, 37.9065586642065], [-81.3810078449852, 37.9065619825407], [-81.3810120275525, 37.9073731030711], [-81.384083230073, 37.9073631210677], [-81.3840916631395, 37.9089853612117], [-81.3851154194513, 37.9089820158753], [-81.3851196474771, 37.9097931356816], [-81.3871671820686, 37.9097864181007], [-81.387175683587, 37.9114086569858], [-81.3861518938975, 37.9114120204238], [-81.3861476542927, 37.9106009009398], [-81.384100096883, 37.9106076009058], [-81.3840958799266, 37.909796481115], [-81.3820483443183, 37.9098031452679], [-81.3820441500087, 37.9089920251713], [-81.3810203931906, 37.9089953437944], [-81.3810120275525, 37.9073731030711], [-81.3789645583653, 37.9073797132205], [-81.3789687186247, 37.9081908338303], [-81.3779449725426, 37.9081941256446], [-81.3779491217306, 37.9090052462375], [-81.3769253642436, 37.9090085292429], [-81.3769295023594, 37.9098196498186], [-81.3800008080366, 37.9098097738022], [-81.3800049800362, 37.9106208939788], [-81.3820525387963, 37.9106142652522], [-81.3820567334426, 37.9114253851239], [-81.3851281040379, 37.9114153749565], [-81.3851323325729, 37.9122264944253], [-81.3871799346021, 37.9122197762596], [-81.3871841857878, 37.913030895421], [-81.3892318096155, 37.9130241414376], [-81.3892360834538, 37.9138352602905], [-81.3902599063515, 37.9138318698419], [-81.3902556212723, 37.9130207510874], [-81.3912794327571, 37.9130173518316], [-81.3912751366094, 37.9122062330632], [-81.3933227365803, 37.9121994080326], [-81.3933184181249, 37.9113882893498], [-81.3902470516298, 37.911398513241], [-81.3902427670665, 37.910587394149], [-81.3892189891299, 37.9105907842041], [-81.3892147159777, 37.9097796649012], [-81.3881909491087, 37.9097830459533], [-81.3881866873667, 37.9089719264399], [-81.3861391755934, 37.9089786616346], [-81.386134936499, 37.9081675418132], [-81.3851111915952, 37.9081708959567], [-81.3850900548595, 37.9041152946762], [-81.3861137435788, 37.9041119410194], [-81.3861095055051, 37.9033008205232], [-81.3871331828186, 37.9032974580611], [-81.3871289336799, 37.90248633755], [-81.3861052676014, 37.9024896999145], [-81.3860840806344, 37.8984340951841], [-81.3871076905441, 37.8984307333075], [-81.3871034424285, 37.8976196121216], [-81.3860798437512, 37.8976229739006], [-81.386075607038, 37.8968118525047], [-81.3850520194226, 37.8968152052856], [-81.3850351191935, 37.893570718188], [-81.3870822044075, 37.893564004505], [-81.3870779573147, 37.8927528826443], [-81.3881014884366, 37.8927495125514], [-81.3880929723043, 37.8911272686882], [-81.3911634972687, 37.8911171056043], [-81.3911677889357, 37.8919282272971], [-81.3921913081421, 37.8919248217063], [-81.3921999144518, 37.8935470645569], [-81.3932234559443, 37.8935436498689], [-81.3932320854055, 37.8951658920714], [-81.3942556491855, 37.8951624682852], [-81.3942599754068, 37.8959735891183], [-81.3952835502442, 37.8959701563325], [-81.3952922256711, 37.8975923974621], [-81.3963158227977, 37.8975889555764], [-81.3963201720047, 37.8984000758726], [-81.3973437801891, 37.8983966249859], [-81.3973481408033, 37.8992077450694], [-81.3993953791122, 37.8992008163921], [-81.3993866131285, 37.8975785765147], [-81.3983630165269, 37.8975820451026], [-81.3983586450308, 37.8967709248945], [-81.3973350594856, 37.8967743844813], [-81.3973306993963, 37.8959632640603], [-81.3963071249075, 37.8959667146465], [-81.3963027762242, 37.8951555940129], [-81.3952792127919, 37.895159035599], [-81.3952748755136, 37.894347914753], [-81.3942513231378, 37.8943513473395], [-81.3942383460363, 37.8919179838277], [-81.3932148271758, 37.8919214072165], [-81.3932061990998, 37.8902991641142], [-81.3921827025232, 37.8903025784058], [-81.3921654933575, 37.8870580904551], [-81.391142041517, 37.887061495453], [-81.3911463323229, 37.8878726177082], [-81.3901228690836, 37.8878760139072], [-81.3901314287577, 37.8894982582774], [-81.3880844568555, 37.8895050243752], [-81.3880759420903, 37.8878827796123], [-81.3890994056726, 37.8878794012086], [-81.3890609966627, 37.8805792950912], [-81.3880376341029, 37.8805826726125]], [[-81.3840495045755, 37.900874155993], [-81.3840621503681, 37.9033075187395], [-81.3850858280214, 37.9033041740826], [-81.3850731485248, 37.9008708116273], [-81.3840495045755, 37.900874155993]], [[-81.3829922356438, 37.8943885184099], [-81.3829964381551, 37.8951996404344], [-81.3840200036466, 37.8951963056481], [-81.3840157899047, 37.8943851837204], [-81.3829922356438, 37.8943885184099]]]}, "properties": {"name": "7", "folder": "7", "style_id": "7", "stroke": "#6e6e6e", "stroke-opacity": 1.0, "stroke-width": 0, "fill": "#ffa600", "fill-opacity": 1.0}}, {"type": "Feature", "geometry": {"type": "Polygon", "coordinates": [[[-81.4463983892091, 37.88524266009], [-81.4464081826722, 37.8868648935253], [-81.4453847406028, 37.8868687700781], [-81.445389626403, 37.8876798867394], [-81.4402723569935, 37.8876991366049], [-81.440277186857, 37.8885102537123], [-81.4351598564686, 37.8885292816946], [-81.4351550827382, 37.8877181640349], [-81.4341316273106, 37.8877219428286], [-81.4341078176583, 37.8836663522933], [-81.4351312169595, 37.883662574048], [-81.4351025843457, 37.8787958623492], [-81.4330559202259, 37.8788034086293], [-81.4330701683382, 37.8812367656424], [-81.4320468023258, 37.881240525768], [-81.4320562795738, 37.8828627634322], [-81.4300095020858, 37.8828702574323], [-81.430028369067, 37.8861147322803], [-81.4279815010246, 37.8861221915626], [-81.4279861957917, 37.8869333102097], [-81.4259393045441, 37.8869407341197], [-81.4259486497375, 37.8885629715073], [-81.4249251813793, 37.8885666703312], [-81.4249298430301, 37.8893777889635], [-81.4228828832985, 37.8893851601319], [-81.4228875226812, 37.8901962788656], [-81.4198170480056, 37.890207269202], [-81.4198078367909, 37.8885850309841], [-81.4187843673169, 37.8885886764214], [-81.4187797732136, 37.8877775570378], [-81.417756314782, 37.8877811934717], [-81.4177654807191, 37.8894034323374], [-81.4187889616046, 37.8893997956924], [-81.4187981507333, 37.8910220338969], [-81.4198216538902, 37.8910183881422], [-81.4198262599597, 37.8918295069699], [-81.4218732881756, 37.8918221885524], [-81.4218918041396, 37.895066661888], [-81.4208682452056, 37.8950703259715], [-81.4208728634303, 37.8958814441304], [-81.421896433595, 37.8958777799406], [-81.4219056930633, 37.8975000157081], [-81.4229292855052, 37.8974963424049], [-81.4228968020052, 37.8918185159955], [-81.4249438291052, 37.8918111441852], [-81.4249391668931, 37.8910000258905], [-81.4280096724531, 37.8909889017572], [-81.4280143683507, 37.891800019729], [-81.4300613935728, 37.891792558931], [-81.430051957053, 37.8901703233078], [-81.4310754469238, 37.890166579778], [-81.4310707177203, 37.8893554619062], [-81.4331176744369, 37.8893479483699], [-81.4331224260954, 37.8901590660236], [-81.4341459153954, 37.8901552957991], [-81.4341506784727, 37.8909664132308], [-81.4351741788095, 37.8909626339983], [-81.4351789533063, 37.8917737512078], [-81.43620246468, 37.8917699629669], [-81.4362072505973, 37.8925810799538], [-81.4372307730078, 37.892577282704], [-81.4372259758616, 37.8917661658273], [-81.4382494868506, 37.891762359789], [-81.4382446786685, 37.8909512429102], [-81.442338675777, 37.8909359302143], [-81.4423338228761, 37.8901248136673], [-81.4464277719567, 37.8901093590449], [-81.4464179769214, 37.8884871265103], [-81.4474414412468, 37.8884832408348], [-81.447431624545, 37.8868610080754], [-81.4484550662209, 37.8868571137284], [-81.4484501469398, 37.8860459972929], [-81.4515204371043, 37.8860342612098], [-81.4515253900621, 37.8868453773047], [-81.4535722716298, 37.8868375085367], [-81.4535672962208, 37.8860263926702], [-81.4525438667622, 37.8860303313884], [-81.4525389027779, 37.8852192152949], [-81.4515154843452, 37.8852231450023], [-81.4515105317849, 37.8844120286821], [-81.4504871243781, 37.8844159493791], [-81.4504772423017, 37.8827937161735], [-81.4484304717898, 37.8828015304247], [-81.4484353902812, 37.8836126473106], [-81.4474119935051, 37.8836165412055], [-81.4474218086312, 37.8852387748657], [-81.4463983892091, 37.88524266009]], [[-81.431042346485, 37.884488752312], [-81.4310565312487, 37.8869221076156], [-81.429009641133, 37.8869295849089], [-81.4290143473147, 37.8877407033354], [-81.4279908907471, 37.8877444287443], [-81.4279955858909, 37.8885555471663], [-81.4269721179082, 37.8885592637857], [-81.4269768020133, 37.8893703822031], [-81.4300472390772, 37.8893592053274], [-81.4300425212906, 37.8885480872345], [-81.432089455933, 37.8885405917117], [-81.4320847158825, 37.8877294737237], [-81.4331081716919, 37.8877257127249], [-81.4331034206054, 37.8869145947335], [-81.4320799760222, 37.8869183556232], [-81.4320657575826, 37.8844850006463], [-81.431042346485, 37.884488752312]]]}, "properties": {"name": "7", "folder": "7", "style_id": "7", "stroke": "#6e6e6e", "stroke-opacity": 1.0, "stroke-width": 0, "fill": "#ffa600", "fill-opacity": 1.0}}, {"type": "Feature", "geometry": {"type": "Polygon", "coordinates": [[[-81.3859824423533, 37.8789671533415], [-81.3859909084714, 37.8805894009691], [-81.3880376341029, 37.8805826726125], [-81.3880333785139, 37.8797715490503], [-81.3870100270058, 37.8797749175784], [-81.3870057828096, 37.8789637938059], [-81.3859824423533, 37.8789671533415]]]}, "properties": {"name": "7", "folder": "7", "style_id": "7", "stroke": "#6e6e6e", "stroke-opacity": 1.0, "stroke-width": 0, "fill": "#ffa600", "fill-opacity": 1.0}}, {"type": "Feature", "geometry": {"type": "Polygon", "coordinates": [[[-81.4177013346062, 37.8780477508254], [-81.4176921738175, 37.8764255088091], [-81.4187154751217, 37.8764218738526], [-81.4187017016585, 37.8739885103008], [-81.4197249691199, 37.8739848667677], [-81.4197157652955, 37.8723626240488], [-81.418692520271, 37.8723662673704], [-81.4186971108726, 37.8731773888919], [-81.4176738544457, 37.8731810234264], [-81.4176875936989, 37.8756143876322], [-81.4166643034308, 37.8756180135895], [-81.4166688723295, 37.8764291348717], [-81.415645570658, 37.8764327520404], [-81.4156501285196, 37.8772438733151], [-81.4146268154448, 37.8772474816946], [-81.4146313622683, 37.8780586029615], [-81.4136080377901, 37.8780622025513], [-81.4136261820207, 37.8813066869117], [-81.4126028124722, 37.881310278024], [-81.4126118632329, 37.8829325197377], [-81.4085182934399, 37.8829467960607], [-81.4085138128633, 37.8821356748458], [-81.4074904311881, 37.8821392215835], [-81.4074859620146, 37.8813281001531], [-81.4033924784175, 37.8813421977372], [-81.403401327156, 37.882964441304], [-81.4023779333647, 37.8829679436645], [-81.4023823467761, 37.8837790653808], [-81.3993121306689, 37.8837895193895], [-81.39930775093, 37.8829783973698], [-81.3921439857849, 37.8830024779863], [-81.3921396847883, 37.8821913551551], [-81.3931630691067, 37.8821879418544], [-81.3931501334836, 37.8797545729833], [-81.3941734839603, 37.8797511510847], [-81.39416916121, 37.8789400280021], [-81.3951925002912, 37.878936597308], [-81.3951881664929, 37.8781254742125], [-81.3962114941786, 37.8781220347235], [-81.396202804662, 37.8764997883948], [-81.3982494146265, 37.8764928831341], [-81.3982450476895, 37.8756817600015], [-81.3992683411889, 37.8756782941307], [-81.3992639632074, 37.8748671709862], [-81.4002872453115, 37.8748636963226], [-81.4002784674374, 37.8732414498979], [-81.3992552077714, 37.8732449243598], [-81.3992595854016, 37.8740560477293], [-81.398236314341, 37.8740595133988], [-81.3982406809276, 37.8748706367564], [-81.3941475500607, 37.874884410902], [-81.3941518719436, 37.875695534547], [-81.3931285775724, 37.8756989559489], [-81.3931328884086, 37.8765100795807], [-81.3921095826443, 37.876513492188], [-81.3921138824328, 37.8773246158064], [-81.3910905652752, 37.8773280196184], [-81.3910948540153, 37.8781391432232], [-81.389048196742, 37.8781459243612], [-81.3890439304441, 37.8773348005596], [-81.3880206127716, 37.8773381776888], [-81.3880163578657, 37.8765270536767], [-81.386993051243, 37.8765304218138], [-81.3869845643834, 37.8749081732568], [-81.3808448557273, 37.8749281941415], [-81.3808406798691, 37.8741170691132], [-81.3777708569307, 37.8741269592054], [-81.3777749991308, 37.8749380845208], [-81.3787982848298, 37.8749347966213], [-81.3788024384159, 37.8757459217288], [-81.3798257351681, 37.87574262484], [-81.3798299001412, 37.8765537497395], [-81.3808532079465, 37.8765504438609], [-81.3808615608361, 37.8781726931305], [-81.3849548801443, 37.8781593799025], [-81.384959101727, 37.8789705039822], [-81.3859824423533, 37.8789671533415], [-81.3859739769146, 37.8773449052641], [-81.3839273403782, 37.8773515972622], [-81.383923130355, 37.8765404728606], [-81.38596974445, 37.8765337810568], [-81.3859739769146, 37.8773449052641], [-81.3869972949282, 37.8773415459236], [-81.3870015387838, 37.878152669921], [-81.3880248678483, 37.8781493015884], [-81.3880291230957, 37.8789604253756], [-81.3921224825277, 37.8789468627058], [-81.392118182394, 37.8781357393123], [-81.3931415106001, 37.878132326507], [-81.3931458219553, 37.8789434498014], [-81.3921224825277, 37.8789468627058], [-81.3921353839642, 37.8813802322115], [-81.3911120106966, 37.8813836365176], [-81.3911291701323, 37.8846281280126], [-81.3952228417497, 37.8846144558275], [-81.3952185067338, 37.8838033335192], [-81.3982887249476, 37.8837929862664], [-81.3982930936376, 37.8846041082743], [-81.3993165105835, 37.8846006412967], [-81.3993208906739, 37.8854117630915], [-81.3982974625029, 37.8854152301697], [-81.3982930936376, 37.8846041082743], [-81.3952228417497, 37.8846144558275], [-81.3952271769397, 37.8854255780232], [-81.3931803190269, 37.8854324321079], [-81.3931846319396, 37.8862435543901], [-81.3921611914977, 37.8862469681863], [-81.3921654933575, 37.8870580904551], [-81.3942123965202, 37.8870512537673], [-81.3942080722084, 37.8862401316969], [-81.3983018315435, 37.8862263519526], [-81.3983062007595, 37.8870374736231], [-81.399329651382, 37.8870340063436], [-81.3993340319998, 37.8878451278009], [-81.400357493673, 37.8878416515232], [-81.4003531018288, 37.8870305301668], [-81.4013765520993, 37.8870270450926], [-81.4013721492053, 37.8862159237248], [-81.4023955880731, 37.8862124298547], [-81.4023911741303, 37.8854013084759], [-81.4034146015955, 37.8853978058104], [-81.4034101766048, 37.8845866844207], [-81.4064804242577, 37.8845761233498], [-81.4064759657707, 37.8837650021542], [-81.4044291566295, 37.8837720515601], [-81.4044247207697, 37.8829609300474], [-81.4054481142054, 37.8829574098948], [-81.4054436672999, 37.8821462883717], [-81.4064670493335, 37.8821427594255], [-81.4064715074626, 37.8829538808461], [-81.4074949005409, 37.8829503429014], [-81.4074993700731, 37.8837614641068], [-81.4136397921051, 37.8837400490007], [-81.4136307185334, 37.8821178077206], [-81.414654099123, 37.8821142076083], [-81.4146631951425, 37.8837364486795], [-81.4136397921051, 37.8837400490007], [-81.4136579414336, 37.8869845302109], [-81.4146813893718, 37.8869809294716], [-81.4146859383855, 37.8877920493884], [-81.417756314782, 37.8877811934717], [-81.4177517320893, 37.88697007387], [-81.4157048371275, 37.886977319835], [-81.4157002770704, 37.8861661999105], [-81.4146768405407, 37.8861698094424], [-81.414667743426, 37.8845475690463], [-81.4156911575054, 37.884543959724], [-81.4156865979973, 37.8837328394619], [-81.4167100006692, 37.8837292213482], [-81.4166780106768, 37.8780513770985], [-81.4177013346062, 37.8780477508254]]]}, "properties": {"name": "7", "folder": "7", "style_id": "7", "stroke": "#6e6e6e", "stroke-opacity": 1.0, "stroke-width": 0, "fill": "#ffa600", "fill-opacity": 1.0}}, {"type": "Feature", "geometry": {"type": "Polygon", "coordinates": [[[-81.4528420706954, 37.9346970909016], [-81.4528470468476, 37.9355082001247], [-81.4538711618918, 37.9355042544283], [-81.4538661744869, 37.9346931453196], [-81.4528420706954, 37.9346970909016]]]}, "properties": {"name": "8", "folder": "8", "style_id": "8", "stroke": "#6e6e6e", "stroke-opacity": 1.0, "stroke-width": 0, "fill": "#ff0000", "fill-opacity": 1.0}}, {"type": "Feature", "geometry": {"type": "Polygon", "coordinates": [[[-81.4507790027657, 37.9322716262987], [-81.4507889090655, 37.9338938457646], [-81.4518130020038, 37.9338899181212], [-81.4518179667041, 37.9347010275712], [-81.4528420706954, 37.9346970909016], [-81.45283211899, 37.9330748721174], [-81.4518080375028, 37.9330788085586], [-81.451803073201, 37.9322676988833], [-81.4507790027657, 37.9322716262987]]]}, "properties": {"name": "8", "folder": "8", "style_id": "8", "stroke": "#6e6e6e", "stroke-opacity": 1.0, "stroke-width": 0, "fill": "#ff0000", "fill-opacity": 1.0}}, {"type": "Feature", "geometry": {"type": "Polygon", "coordinates": [[[-81.4497499905309, 37.931464434787], [-81.4497549321317, 37.9322755448026], [-81.4507790027657, 37.9322716262987], [-81.450774049914, 37.9314605163968], [-81.4497499905309, 37.931464434787]]]}, "properties": {"name": "8", "folder": "8", "style_id": "8", "stroke": "#6e6e6e", "stroke-opacity": 1.0, "stroke-width": 0, "fill": "#ff0000", "fill-opacity": 1.0}}, {"type": "Feature", "geometry": {"type": "Polygon", "coordinates": [[[-81.4497499905309, 37.931464434787], [-81.4497450491284, 37.9306533246588], [-81.4487210007973, 37.9306572340242], [-81.4487259309494, 37.9314683442658], [-81.4497499905309, 37.931464434787]]]}, "properties": {"name": "8", "folder": "8", "style_id": "8", "stroke": "#6e6e6e", "stroke-opacity": 1.0, "stroke-width": 0, "fill": "#ff0000", "fill-opacity": 1.0}}, {"type": "Feature", "geometry": {"type": "Polygon", "coordinates": [[[-81.4425475348732, 37.9258138352185], [-81.4425621198939, 37.9282471696581], [-81.4435861356568, 37.9282433140948], [-81.4435715168915, 37.9258099799907], [-81.4425475348732, 37.9258138352185]]]}, "properties": {"name": "8", "folder": "8", "style_id": "8", "stroke": "#6e6e6e", "stroke-opacity": 1.0, "stroke-width": 0, "fill": "#ff0000", "fill-opacity": 1.0}}, {"type": "Feature", "geometry": {"type": "Polygon", "coordinates": [[[-81.4230500184358, 37.9185853636414], [-81.4240739028733, 37.9185816786584], [-81.424087875438, 37.9210150220454], [-81.4251117934215, 37.9210113278335], [-81.4251071244683, 37.920200213591], [-81.4261310310196, 37.9201965105784], [-81.4261263510094, 37.9193853963307], [-81.4251024557024, 37.9193890992358], [-81.4250837825127, 37.9161446406895], [-81.4230360812824, 37.9161520189205], [-81.4230500184358, 37.9185853636414]]]}, "properties": {"name": "8", "folder": "8", "style_id": "8", "stroke": "#6e6e6e", "stroke-opacity": 1.0, "stroke-width": 0, "fill": "#ff0000", "fill-opacity": 1.0}}, {"type": "Feature", "geometry": {"type": "Polygon", "coordinates": [[[-81.4526879090001, 37.9095526491126], [-81.4526928789646, 37.9103637618276], [-81.4506453455224, 37.9103716194118], [-81.4506502932082, 37.9111827322422], [-81.455769181512, 37.9111630209253], [-81.4557591739502, 37.9095407962959], [-81.4526879090001, 37.9095526491126]]]}, "properties": {"name": "8", "folder": "8", "style_id": "8", "stroke": "#6e6e6e", "stroke-opacity": 1.0, "stroke-width": 0, "fill": "#ff0000", "fill-opacity": 1.0}}, {"type": "Feature", "geometry": {"type": "Polygon", "coordinates": [[[-81.4445076206954, 37.9112060919622], [-81.4475789578394, 37.9111944521741], [-81.4475691300998, 37.9095722257206], [-81.4455216171561, 37.9095799940333], [-81.4455167260587, 37.9087688804122], [-81.4444929805304, 37.9087727510996], [-81.4444881008671, 37.9079616372536], [-81.4434643663808, 37.9079654989249], [-81.4434692348062, 37.908776612883], [-81.4414217427722, 37.9087843097374], [-81.4414265889165, 37.9095954238063], [-81.4404028313692, 37.9095992589886], [-81.4404076664693, 37.9104103730562], [-81.4445027404446, 37.9103949784539], [-81.4445076206954, 37.9112060919622]]]}, "properties": {"name": "8", "folder": "8", "style_id": "8", "stroke": "#6e6e6e", "stroke-opacity": 1.0, "stroke-width": 0, "fill": "#ff0000", "fill-opacity": 1.0}}, {"type": "Feature", "geometry": {"type": "Polygon", "coordinates": [[[-81.416842626418, 37.9072516602163], [-81.4147951695028, 37.907258893633], [-81.4147997230831, 37.9080700107366], [-81.4168472024734, 37.9080627771099], [-81.416842626418, 37.9072516602163]]]}, "properties": {"name": "8", "folder": "8", "style_id": "8", "stroke": "#6e6e6e", "stroke-opacity": 1.0, "stroke-width": 0, "fill": "#ff0000", "fill-opacity": 1.0}}, {"type": "Feature", "geometry": {"type": "Polygon", "coordinates": [[[-81.3810120275525, 37.9073731030711], [-81.3810203931906, 37.9089953437944], [-81.3820441500087, 37.9089920251713], [-81.3820483443183, 37.9098031452679], [-81.3840958799266, 37.909796481115], [-81.384100096883, 37.9106076009058], [-81.3861476542927, 37.9106009009398], [-81.3861518938975, 37.9114120204238], [-81.387175683587, 37.9114086569858], [-81.3871671820686, 37.9097864181007], [-81.3851196474771, 37.9097931356816], [-81.3851154194513, 37.9089820158753], [-81.3840916631395, 37.9089853612117], [-81.384083230073, 37.9073631210677], [-81.3810120275525, 37.9073731030711]]]}, "properties": {"name": "8", "folder": "8", "style_id": "8", "stroke": "#6e6e6e", "stroke-opacity": 1.0, "stroke-width": 0, "fill": "#ff0000", "fill-opacity": 1.0}}, {"type": "Feature", "geometry": {"type": "Polygon", "coordinates": [[[-81.3840495045755, 37.900874155993], [-81.3840621503681, 37.9033075187395], [-81.3850858280214, 37.9033041740826], [-81.3850731485248, 37.9008708116273], [-81.3840495045755, 37.900874155993]]]}, "properties": {"name": "8", "folder": "8", "style_id": "8", "stroke": "#6e6e6e", "stroke-opacity": 1.0, "stroke-width": 0, "fill": "#ff0000", "fill-opacity": 1.0}}, {"type": "Feature", "geometry": {"type": "Polygon", "coordinates": [[[-81.3829922356438, 37.8943885184099], [-81.3829964381551, 37.8951996404344], [-81.3840200036466, 37.8951963056481], [-81.3840157899047, 37.8943851837204], [-81.3829922356438, 37.8943885184099]]]}, "properties": {"name": "8", "folder": "8", "style_id": "8", "stroke": "#6e6e6e", "stroke-opacity": 1.0, "stroke-width": 0, "fill": "#ff0000", "fill-opacity": 1.0}}, {"type": "Feature", "geometry": {"type": "Polygon", "coordinates": [[[-81.431042346485, 37.884488752312], [-81.4310565312487, 37.8869221076156], [-81.429009641133, 37.8869295849089], [-81.4290143473147, 37.8877407033354], [-81.4279908907471, 37.8877444287443], [-81.4279955858909, 37.8885555471663], [-81.4269721179082, 37.8885592637857], [-81.4269768020133, 37.8893703822031], [-81.4300472390772, 37.8893592053274], [-81.4300425212906, 37.8885480872345], [-81.432089455933, 37.8885405917117], [-81.4320847158825, 37.8877294737237], [-81.4331081716919, 37.8877257127249], [-81.4331034206054, 37.8869145947335], [-81.4320799760222, 37.8869183556232], [-81.4320657575826, 37.8844850006463], [-81.431042346485, 37.884488752312]]]}, "properties": {"name": "8", "folder": "8", "style_id": "8", "stroke": "#6e6e6e", "stroke-opacity": 1.0, "stroke-width": 0, "fill": "#ff0000", "fill-opacity": 1.0}}, {"type": "Feature", "geometry": {"type": "Polygon", "coordinates": [[[-81.3982930936376, 37.8846041082743], [-81.3982974625029, 37.8854152301697], [-81.3993208906739, 37.8854117630915], [-81.3993165105835, 37.8846006412967], [-81.3982930936376, 37.8846041082743]]]}, "properties": {"name": "8", "folder": "8", "style_id": "8", "stroke": "#6e6e6e", "stroke-opacity": 1.0, "stroke-width": 0, "fill": "#ff0000", "fill-opacity": 1.0}}, {"type": "Feature", "geometry": {"type": "Polygon", "coordinates": [[[-81.3982930936376, 37.8846041082743], [-81.3982887249476, 37.8837929862664], [-81.3952185067338, 37.8838033335192], [-81.3952228417497, 37.8846144558275], [-81.3982930936376, 37.8846041082743]]]}, "properties": {"name": "8", "folder": "8", "style_id": "8", "stroke": "#6e6e6e", "stroke-opacity": 1.0, "stroke-width": 0, "fill": "#ff0000", "fill-opacity": 1.0}}, {"type": "Feature", "geometry": {"type": "Polygon", "coordinates": [[[-81.4136397921051, 37.8837400490007], [-81.4146631951425, 37.8837364486795], [-81.414654099123, 37.8821142076083], [-81.4136307185334, 37.8821178077206], [-81.4136397921051, 37.8837400490007]]]}, "properties": {"name": "8", "folder": "8", "style_id": "8", "stroke": "#6e6e6e", "stroke-opacity": 1.0, "stroke-width": 0, "fill": "#ff0000", "fill-opacity": 1.0}}, {"type": "Feature", "geometry": {"type": "Polygon", "coordinates": [[[-81.4136397921051, 37.8837400490007], [-81.4074993700731, 37.8837614641068], [-81.4074949005409, 37.8829503429014], [-81.4064715074626, 37.8829538808461], [-81.4064670493335, 37.8821427594255], [-81.4054436672999, 37.8821462883717], [-81.4054481142054, 37.8829574098948], [-81.4044247207697, 37.8829609300474], [-81.4044291566295, 37.8837720515601], [-81.4064759657707, 37.8837650021542], [-81.4064804242577, 37.8845761233498], [-81.4085272551324, 37.8845690381531], [-81.4085317362483, 37.8853801590306], [-81.4105785888538, 37.885373038041], [-81.4105830926005, 37.8861841585993], [-81.4116065298578, 37.8861805846556], [-81.4116110450113, 37.8869917049976], [-81.4126344933133, 37.8869881220529], [-81.412643546617, 37.8886103621914], [-81.4146904875818, 37.8886031691926], [-81.4146950369606, 37.8894142888843], [-81.4167419996496, 37.8894070600845], [-81.4167511438667, 37.8910292987107], [-81.417774647392, 37.8910256707531], [-81.4177883987809, 37.8934590275326], [-81.4188119358093, 37.8934553903597], [-81.4188257225451, 37.8958887458098], [-81.4198492930801, 37.8958850994201], [-81.4198585076226, 37.8975073356125], [-81.4208821004356, 37.8975036801106], [-81.4209282965857, 37.9056148532588], [-81.4199045914309, 37.9056185098218], [-81.419909200829, 37.9064296266237], [-81.4168380505462, 37.9064405432101], [-81.416842626418, 37.9072516602163], [-81.4199138104122, 37.9072407433131], [-81.4199184201804, 37.9080518598899], [-81.4209421590466, 37.9080482030086], [-81.4209467802378, 37.9088593193668], [-81.4219705301566, 37.9088556534752], [-81.4219751627717, 37.9096667696144], [-81.4240226845279, 37.9096594109049], [-81.4240273398067, 37.9104705267181], [-81.4250511116437, 37.9104668338995], [-81.4250557783487, 37.9112779494929], [-81.4260795612377, 37.9112742476621], [-81.4260842393698, 37.9120853630356], [-81.4281318270635, 37.9120779324435], [-81.4281365278639, 37.9128890474887], [-81.4301841372833, 37.9128815810591], [-81.4301888607536, 37.9136926957751], [-81.4312126764199, 37.9136889490934], [-81.431203207188, 37.9120667197662], [-81.4301794140026, 37.9120704662305], [-81.4301699680098, 37.9104482362357], [-81.4311937387162, 37.9104444899888], [-81.4311890047653, 37.9096333749312], [-81.4322127640428, 37.9096296198886], [-81.4322080190436, 37.9088185048274], [-81.4352792620166, 37.9088071866015], [-81.4352744834941, 37.9079960717561], [-81.4311795374335, 37.9080111444783], [-81.4311842710044, 37.908822259761], [-81.4281130257488, 37.9088334711369], [-81.4281177257945, 37.9096445866324], [-81.4270939657597, 37.9096483060572], [-81.4270892769523, 37.9088371904538], [-81.4250417787954, 37.908844602375], [-81.4250371126522, 37.9080334864439], [-81.4240133745306, 37.908037178941], [-81.4240087198122, 37.9072260627902], [-81.4229849927413, 37.9072297462765], [-81.4229757063387, 37.9056075134234], [-81.4239994109359, 37.9056038301509], [-81.4239947567779, 37.9047927136624], [-81.4250184499521, 37.9047890215939], [-81.4250044548931, 37.9023556717745], [-81.4239807954247, 37.9023593635217], [-81.4239761420139, 37.901548246583], [-81.4229524935931, 37.901551929321], [-81.4229292855052, 37.8974963424049], [-81.4219056930633, 37.8975000157081], [-81.421896433595, 37.8958777799406], [-81.4208728634303, 37.8958814441304], [-81.4208682452056, 37.8950703259715], [-81.4218918041396, 37.895066661888], [-81.4218732881756, 37.8918221885524], [-81.4198262599597, 37.8918295069699], [-81.4198216538902, 37.8910183881422], [-81.4187981507333, 37.8910220338969], [-81.4187889616046, 37.8893997956924], [-81.4177654807191, 37.8894034323374], [-81.417756314782, 37.8877811934717], [-81.4146859383855, 37.8877920493884], [-81.4146813893718, 37.8869809294716], [-81.4136579414336, 37.8869845302109], [-81.4136397921051, 37.8837400490007]]]}, "properties": {"name": "8", "folder": "8", "style_id": "8", "stroke": "#6e6e6e", "stroke-opacity": 1.0, "stroke-width": 0, "fill": "#ff0000", "fill-opacity": 1.0}}, {"type": "Feature", "geometry": {"type": "Polygon", "coordinates": [[[-81.3921224825277, 37.8789468627058], [-81.3931458219553, 37.8789434498014], [-81.3931415106001, 37.878132326507], [-81.392118182394, 37.8781357393123], [-81.3921224825277, 37.8789468627058]]]}, "properties": {"name": "8", "folder": "8", "style_id": "8", "stroke": "#6e6e6e", "stroke-opacity": 1.0, "stroke-width": 0, "fill": "#ff0000", "fill-opacity": 1.0}}, {"type": "Feature", "geometry": {"type": "Polygon", "coordinates": [[[-81.3859739769146, 37.8773449052641], [-81.3859824423533, 37.8789671533415], [-81.3870057828096, 37.8789637938059], [-81.3870100270058, 37.8797749175784], [-81.3880333785139, 37.8797715490503], [-81.3880376341029, 37.8805826726125], [-81.3890609966627, 37.8805792950912], [-81.3890994056726, 37.8878794012086], [-81.3880759420903, 37.8878827796123], [-81.3880844568555, 37.8895050243752], [-81.3901314287577, 37.8894982582774], [-81.3901228690836, 37.8878760139072], [-81.3911463323229, 37.8878726177082], [-81.391142041517, 37.887061495453], [-81.3921654933575, 37.8870580904551], [-81.3921611914977, 37.8862469681863], [-81.3931846319396, 37.8862435543901], [-81.3931803190269, 37.8854324321079], [-81.3952271769397, 37.8854255780232], [-81.3952228417497, 37.8846144558275], [-81.3911291701323, 37.8846281280126], [-81.3911120106966, 37.8813836365176], [-81.3921353839642, 37.8813802322115], [-81.3921224825277, 37.8789468627058], [-81.3880291230957, 37.8789604253756], [-81.3880248678483, 37.8781493015884], [-81.3870015387838, 37.878152669921], [-81.3869972949282, 37.8773415459236], [-81.3859739769146, 37.8773449052641]]]}, "properties": {"name": "8", "folder": "8", "style_id": "8", "stroke": "#6e6e6e", "stroke-opacity": 1.0, "stroke-width": 0, "fill": "#ff0000", "fill-opacity": 1.0}}, {"type": "Feature", "geometry": {"type": "Polygon", "coordinates": [[[-81.3859739769146, 37.8773449052641], [-81.38596974445, 37.8765337810568], [-81.383923130355, 37.8765404728606], [-81.3839273403782, 37.8773515972622], [-81.3859739769146, 37.8773449052641]]]}, "properties": {"name": "8", "folder": "8", "style_id": "8", "stroke": "#6e6e6e", "stroke-opacity": 1.0, "stroke-width": 0, "fill": "#ff0000", "fill-opacity": 1.0}}, {"type": "Feature", "geometry": {"type": "Point", "coordinates": [-81.4580204725194, 37.9440050127917]}, "properties": {"name": "3", "folder": "Feature Labels (GRIDCODE)", "style_id": "3_LABELS", "icon-color": "#000000", "icon": "http://maps.google.com/mapfiles/kml/shapes/placemark_circle.png"}}, {"type": "Feature", "geometry": {"type": "Point", "coordinates": [-81.4114176997571, 37.9441771879916]}, "properties": {"name": "3", "folder": "Feature Labels (GRIDCODE)", "style_id": "3_LABELS", "icon-color": "#000000", "icon": "http://maps.google.com/mapfiles/kml/shapes/placemark_circle.png"}}, {"type": "Feature", "geometry": {"type": "Point", "coordinates": [-81.4574982988186, 37.9423847933706]}, "properties": {"name": "3", "folder": "Feature Labels (GRIDCODE)", "style_id": "3_LABELS", "icon-color": "#000000", "icon": "http://maps.google.com/mapfiles/kml/shapes/placemark_circle.png"}}, {"type": "Feature", "geometry": {"type": "Point", "coordinates": [-81.4052588866808, 37.9417651850521]}, "properties": {"name": "3", "folder": "Feature Labels (GRIDCODE)", "style_id": "3_LABELS", "icon-color": "#000000", "icon": "http://maps.google.com/mapfiles/kml/shapes/placemark_circle.png"}}, {"type": "Feature", "geometry": {"type": "Point", "coordinates": [-81.4042302352561, 37.9409575946423]}, "properties": {"name": "3", "folder": "Feature Labels (GRIDCODE)", "style_id": "3_LABELS", "icon-color": "#000000", "icon": "http://maps.google.com/mapfiles/kml/shapes/placemark_circle.png"}}, {"type": "Feature", "geometry": {"type": "Point", "coordinates": [-81.4943235414637, 37.9353412723146]}, "properties": {"name": "3", "folder": "Feature Labels (GRIDCODE)", "style_id": "3_LABELS", "icon-color": "#000000", "icon": "http://maps.google.com/mapfiles/kml/shapes/placemark_circle.png"}}, {"type": "Feature", "geometry": {"type": "Point", "coordinates": [-81.5054526523042, 37.9154213510146]}, "properties": {"name": "3", "folder": "Feature Labels (GRIDCODE)", "style_id": "3_LABELS", "icon-color": "#000000", "icon": "http://maps.google.com/mapfiles/kml/shapes/placemark_circle.png"}}, {"type": "Feature", "geometry": {"type": "Point", "coordinates": [-81.4583340676676, 37.8739345064371]}, "properties": {"name": "3", "folder": "Feature Labels (GRIDCODE)", "style_id": "3_LABELS", "icon-color": "#000000", "icon": "http://maps.google.com/mapfiles/kml/shapes/placemark_circle.png"}}, {"type": "Feature", "geometry": {"type": "Point", "coordinates": [-81.4456377562864, 37.873913510996]}, "properties": {"name": "3", "folder": "Feature Labels (GRIDCODE)", "style_id": "3_LABELS", "icon-color": "#000000", "icon": "http://maps.google.com/mapfiles/kml/shapes/placemark_circle.png"}}, {"type": "Feature", "geometry": {"type": "Point", "coordinates": [-81.4300443977595, 37.8712708737248]}, "properties": {"name": "3", "folder": "Feature Labels (GRIDCODE)", "style_id": "3_LABELS", "icon-color": "#000000", "icon": "http://maps.google.com/mapfiles/kml/shapes/placemark_circle.png"}}, {"type": "Feature", "geometry": {"type": "Point", "coordinates": [-81.4693120475552, 37.8673085432611]}, "properties": {"name": "3", "folder": "Feature Labels (GRIDCODE)", "style_id": "3_LABELS", "icon-color": "#000000", "icon": "http://maps.google.com/mapfiles/kml/shapes/placemark_circle.png"}}, {"type": "Feature", "geometry": {"type": "Point", "coordinates": [-81.4582687709821, 37.9427535507691]}, "properties": {"name": "4", "folder": "Feature Labels (GRIDCODE)", "style_id": "4_LABELS", "icon-color": "#000000", "icon": "http://maps.google.com/mapfiles/kml/shapes/placemark_circle.png"}}, {"type": "Feature", "geometry": {"type": "Point", "coordinates": [-81.4687182319943, 37.9350404861987]}, "properties": {"name": "4", "folder": "Feature Labels (GRIDCODE)", "style_id": "4_LABELS", "icon-color": "#000000", "icon": "http://maps.google.com/mapfiles/kml/shapes/placemark_circle.png"}}, {"type": "Feature", "geometry": {"type": "Point", "coordinates": [-81.4567771770723, 37.9311792767962]}, "properties": {"name": "4", "folder": "Feature Labels (GRIDCODE)", "style_id": "4_LABELS", "icon-color": "#000000", "icon": "http://maps.google.com/mapfiles/kml/shapes/placemark_circle.png"}}, {"type": "Feature", "geometry": {"type": "Point", "coordinates": [-81.4251701767797, 37.9311502491777]}, "properties": {"name": "4", "folder": "Feature Labels (GRIDCODE)", "style_id": "4_LABELS", "icon-color": "#000000", "icon": "http://maps.google.com/mapfiles/kml/shapes/placemark_circle.png"}}, {"type": "Feature", "geometry": {"type": "Point", "coordinates": [-81.453321745926, 37.9294229065148]}, "properties": {"name": "4", "folder": "Feature Labels (GRIDCODE)", "style_id": "4_LABELS", "icon-color": "#000000", "icon": "http://maps.google.com/mapfiles/kml/shapes/placemark_circle.png"}}, {"type": "Feature", "geometry": {"type": "Point", "coordinates": [-81.4133730491544, 37.927542194869]}, "properties": {"name": "4", "folder": "Feature Labels (GRIDCODE)", "style_id": "4_LABELS", "icon-color": "#000000", "icon": "http://maps.google.com/mapfiles/kml/shapes/placemark_circle.png"}}, {"type": "Feature", "geometry": {"type": "Point", "coordinates": [-81.5104341590795, 37.9303342617059]}, "properties": {"name": "4", "folder": "Feature Labels (GRIDCODE)", "style_id": "4_LABELS", "icon-color": "#000000", "icon": "http://maps.google.com/mapfiles/kml/shapes/placemark_circle.png"}}, {"type": "Feature", "geometry": {"type": "Point", "coordinates": [-81.4716972660209, 37.9204282627156]}, "properties": {"name": "4", "folder": "Feature Labels (GRIDCODE)", "style_id": "4_LABELS", "icon-color": "#000000", "icon": "http://maps.google.com/mapfiles/kml/shapes/placemark_circle.png"}}, {"type": "Feature", "geometry": {"type": "Point", "coordinates": [-81.4868571498584, 37.9310814860463]}, "properties": {"name": "4", "folder": "Feature Labels (GRIDCODE)", "style_id": "4_LABELS", "icon-color": "#000000", "icon": "http://maps.google.com/mapfiles/kml/shapes/placemark_circle.png"}}, {"type": "Feature", "geometry": {"type": "Point", "coordinates": [-81.4400612037214, 37.9166979335368]}, "properties": {"name": "4", "folder": "Feature Labels (GRIDCODE)", "style_id": "4_LABELS", "icon-color": "#000000", "icon": "http://maps.google.com/mapfiles/kml/shapes/placemark_circle.png"}}, {"type": "Feature", "geometry": {"type": "Point", "coordinates": [-81.3906482811634, 37.9367896889769]}, "properties": {"name": "4", "folder": "Feature Labels (GRIDCODE)", "style_id": "4_LABELS", "icon-color": "#000000", "icon": "http://maps.google.com/mapfiles/kml/shapes/placemark_circle.png"}}, {"type": "Feature", "geometry": {"type": "Point", "coordinates": [-81.4212506521383, 37.9299785863818]}, "properties": {"name": "4", "folder": "Feature Labels (GRIDCODE)", "style_id": "4_LABELS", "icon-color": "#000000", "icon": "http://maps.google.com/mapfiles/kml/shapes/placemark_circle.png"}}, {"type": "Feature", "geometry": {"type": "Point", "coordinates": [-81.5108547947568, 37.9069713251777]}, "properties": {"name": "4", "folder": "Feature Labels (GRIDCODE)", "style_id": "4_LABELS", "icon-color": "#000000", "icon": "http://maps.google.com/mapfiles/kml/shapes/placemark_circle.png"}}, {"type": "Feature", "geometry": {"type": "Point", "coordinates": [-81.4592994566421, 37.9026324100725]}, "properties": {"name": "4", "folder": "Feature Labels (GRIDCODE)", "style_id": "4_LABELS", "icon-color": "#000000", "icon": "http://maps.google.com/mapfiles/kml/shapes/placemark_circle.png"}}, {"type": "Feature", "geometry": {"type": "Point", "coordinates": [-81.3753464644796, 37.9004966623417]}, "properties": {"name": "4", "folder": "Feature Labels (GRIDCODE)", "style_id": "4_LABELS", "icon-color": "#000000", "icon": "http://maps.google.com/mapfiles/kml/shapes/placemark_circle.png"}}, {"type": "Feature", "geometry": {"type": "Point", "coordinates": [-81.4991621449258, 37.9102051609204]}, "properties": {"name": "4", "folder": "Feature Labels (GRIDCODE)", "style_id": "4_LABELS", "icon-color": "#000000", "icon": "http://maps.google.com/mapfiles/kml/shapes/placemark_circle.png"}}, {"type": "Feature", "geometry": {"type": "Point", "coordinates": [-81.3958775374142, 37.9029510643664]}, "properties": {"name": "4", "folder": "Feature Labels (GRIDCODE)", "style_id": "4_LABELS", "icon-color": "#000000", "icon": "http://maps.google.com/mapfiles/kml/shapes/placemark_circle.png"}}, {"type": "Feature", "geometry": {"type": "Point", "coordinates": [-81.5056186253111, 37.8942442705222]}, "properties": {"name": "4", "folder": "Feature Labels (GRIDCODE)", "style_id": "4_LABELS", "icon-color": "#000000", "icon": "http://maps.google.com/mapfiles/kml/shapes/placemark_circle.png"}}, {"type": "Feature", "geometry": {"type": "Point", "coordinates": [-81.405382679271, 37.889690068995]}, "properties": {"name": "4", "folder": "Feature Labels (GRIDCODE)", "style_id": "4_LABELS", "icon-color": "#000000", "icon": "http://maps.google.com/mapfiles/kml/shapes/placemark_circle.png"}}, {"type": "Feature", "geometry": {"type": "Point", "coordinates": [-81.4018346514369, 37.8942396857236]}, "properties": {"name": "4", "folder": "Feature Labels (GRIDCODE)", "style_id": "4_LABELS", "icon-color": "#000000", "icon": "http://maps.google.com/mapfiles/kml/shapes/placemark_circle.png"}}, {"type": "Feature", "geometry": {"type": "Point", "coordinates": [-81.3803978733209, 37.8875022720174]}, "properties": {"name": "4", "folder": "Feature Labels (GRIDCODE)", "style_id": "4_LABELS", "icon-color": "#000000", "icon": "http://maps.google.com/mapfiles/kml/shapes/placemark_circle.png"}}, {"type": "Feature", "geometry": {"type": "Point", "coordinates": [-81.5097126594779, 37.8858453593369]}, "properties": {"name": "4", "folder": "Feature Labels (GRIDCODE)", "style_id": "4_LABELS", "icon-color": "#000000", "icon": "http://maps.google.com/mapfiles/kml/shapes/placemark_circle.png"}}, {"type": "Feature", "geometry": {"type": "Point", "coordinates": [-81.4209780265396, 37.8843899825218]}, "properties": {"name": "4", "folder": "Feature Labels (GRIDCODE)", "style_id": "4_LABELS", "icon-color": "#000000", "icon": "http://maps.google.com/mapfiles/kml/shapes/placemark_circle.png"}}, {"type": "Feature", "geometry": {"type": "Point", "coordinates": [-81.3808887122737, 37.88344499643]}, "properties": {"name": "4", "folder": "Feature Labels (GRIDCODE)", "style_id": "4_LABELS", "icon-color": "#000000", "icon": "http://maps.google.com/mapfiles/kml/shapes/placemark_circle.png"}}, {"type": "Feature", "geometry": {"type": "Point", "coordinates": [-81.5105811577791, 37.8797094167508]}, "properties": {"name": "4", "folder": "Feature Labels (GRIDCODE)", "style_id": "4_LABELS", "icon-color": "#000000", "icon": "http://maps.google.com/mapfiles/kml/shapes/placemark_circle.png"}}, {"type": "Feature", "geometry": {"type": "Point", "coordinates": [-81.3754901008712, 37.878392735462]}, "properties": {"name": "4", "folder": "Feature Labels (GRIDCODE)", "style_id": "4_LABELS", "icon-color": "#000000", "icon": "http://maps.google.com/mapfiles/kml/shapes/placemark_circle.png"}}, {"type": "Feature", "geometry": {"type": "Point", "coordinates": [-81.509724230093, 37.8667349602685]}, "properties": {"name": "4", "folder": "Feature Labels (GRIDCODE)", "style_id": "4_LABELS", "icon-color": "#000000", "icon": "http://maps.google.com/mapfiles/kml/shapes/placemark_circle.png"}}, {"type": "Feature", "geometry": {"type": "Point", "coordinates": [-81.4790767432597, 37.8826465965783]}, "properties": {"name": "4", "folder": "Feature Labels (GRIDCODE)", "style_id": "4_LABELS", "icon-color": "#000000", "icon": "http://maps.google.com/mapfiles/kml/shapes/placemark_circle.png"}}, {"type": "Feature", "geometry": {"type": "Point", "coordinates": [-81.4455278613118, 37.8728121864776]}, "properties": {"name": "4", "folder": "Feature Labels (GRIDCODE)", "style_id": "4_LABELS", "icon-color": "#000000", "icon": "http://maps.google.com/mapfiles/kml/shapes/placemark_circle.png"}}, {"type": "Feature", "geometry": {"type": "Point", "coordinates": [-81.4192775125676, 37.8672540159634]}, "properties": {"name": "4", "folder": "Feature Labels (GRIDCODE)", "style_id": "4_LABELS", "icon-color": "#000000", "icon": "http://maps.google.com/mapfiles/kml/shapes/placemark_circle.png"}}, {"type": "Feature", "geometry": {"type": "Point", "coordinates": [-81.4087136618384, 37.8736754377277]}, "properties": {"name": "4", "folder": "Feature Labels (GRIDCODE)", "style_id": "4_LABELS", "icon-color": "#000000", "icon": "http://maps.google.com/mapfiles/kml/shapes/placemark_circle.png"}}, {"type": "Feature", "geometry": {"type": "Point", "coordinates": [-81.4057017514223, 37.8670041585474]}, "properties": {"name": "4", "folder": "Feature Labels (GRIDCODE)", "style_id": "4_LABELS", "icon-color": "#000000", "icon": "http://maps.google.com/mapfiles/kml/shapes/placemark_circle.png"}}, {"type": "Feature", "geometry": {"type": "Point", "coordinates": [-81.4014377922403, 37.8668835825752]}, "properties": {"name": "4", "folder": "Feature Labels (GRIDCODE)", "style_id": "4_LABELS", "icon-color": "#000000", "icon": "http://maps.google.com/mapfiles/kml/shapes/placemark_circle.png"}}, {"type": "Feature", "geometry": {"type": "Point", "coordinates": [-81.4764566210861, 37.9439318022076]}, "properties": {"name": "5", "folder": "Feature Labels (GRIDCODE)", "style_id": "5_LABELS", "icon-color": "#000000", "icon": "http://maps.google.com/mapfiles/kml/shapes/placemark_circle.png"}}, {"type": "Feature", "geometry": {"type": "Point", "coordinates": [-81.4632652196586, 37.9432747404508]}, "properties": {"name": "5", "folder": "Feature Labels (GRIDCODE)", "style_id": "5_LABELS", "icon-color": "#000000", "icon": "http://maps.google.com/mapfiles/kml/shapes/placemark_circle.png"}}, {"type": "Feature", "geometry": {"type": "Point", "coordinates": [-81.4694076334696, 37.9427941409085]}, "properties": {"name": "5", "folder": "Feature Labels (GRIDCODE)", "style_id": "5_LABELS", "icon-color": "#000000", "icon": "http://maps.google.com/mapfiles/kml/shapes/placemark_circle.png"}}, {"type": "Feature", "geometry": {"type": "Point", "coordinates": [-81.426178993464, 37.9406573789031]}, "properties": {"name": "5", "folder": "Feature Labels (GRIDCODE)", "style_id": "5_LABELS", "icon-color": "#000000", "icon": "http://maps.google.com/mapfiles/kml/shapes/placemark_circle.png"}}, {"type": "Feature", "geometry": {"type": "Point", "coordinates": [-81.3792637779482, 37.9415720812085]}, "properties": {"name": "5", "folder": "Feature Labels (GRIDCODE)", "style_id": "5_LABELS", "icon-color": "#000000", "icon": "http://maps.google.com/mapfiles/kml/shapes/placemark_circle.png"}}, {"type": "Feature", "geometry": {"type": "Point", "coordinates": [-81.3888371449056, 37.9301025109881]}, "properties": {"name": "5", "folder": "Feature Labels (GRIDCODE)", "style_id": "5_LABELS", "icon-color": "#000000", "icon": "http://maps.google.com/mapfiles/kml/shapes/placemark_circle.png"}}, {"type": "Feature", "geometry": {"type": "Point", "coordinates": [-81.4796863881465, 37.9275670806133]}, "properties": {"name": "5", "folder": "Feature Labels (GRIDCODE)", "style_id": "5_LABELS", "icon-color": "#000000", "icon": "http://maps.google.com/mapfiles/kml/shapes/placemark_circle.png"}}, {"type": "Feature", "geometry": {"type": "Point", "coordinates": [-81.4936667214187, 37.9108904916287]}, "properties": {"name": "5", "folder": "Feature Labels (GRIDCODE)", "style_id": "5_LABELS", "icon-color": "#000000", "icon": "http://maps.google.com/mapfiles/kml/shapes/placemark_circle.png"}}, {"type": "Feature", "geometry": {"type": "Point", "coordinates": [-81.3777925666768, 37.9017112111536]}, "properties": {"name": "5", "folder": "Feature Labels (GRIDCODE)", "style_id": "5_LABELS", "icon-color": "#000000", "icon": "http://maps.google.com/mapfiles/kml/shapes/placemark_circle.png"}}, {"type": "Feature", "geometry": {"type": "Point", "coordinates": [-81.4510458321259, 37.8921195907935]}, "properties": {"name": "5", "folder": "Feature Labels (GRIDCODE)", "style_id": "5_LABELS", "icon-color": "#000000", "icon": "http://maps.google.com/mapfiles/kml/shapes/placemark_circle.png"}}, {"type": "Feature", "geometry": {"type": "Point", "coordinates": [-81.3753073373465, 37.8927910008779]}, "properties": {"name": "5", "folder": "Feature Labels (GRIDCODE)", "style_id": "5_LABELS", "icon-color": "#000000", "icon": "http://maps.google.com/mapfiles/kml/shapes/placemark_circle.png"}}, {"type": "Feature", "geometry": {"type": "Point", "coordinates": [-81.4126954197103, 37.914168914299]}, "properties": {"name": "5", "folder": "Feature Labels (GRIDCODE)", "style_id": "5_LABELS", "icon-color": "#000000", "icon": "http://maps.google.com/mapfiles/kml/shapes/placemark_circle.png"}}, {"type": "Feature", "geometry": {"type": "Point", "coordinates": [-81.4769265204127, 37.8963173429695]}, "properties": {"name": "5", "folder": "Feature Labels (GRIDCODE)", "style_id": "5_LABELS", "icon-color": "#000000", "icon": "http://maps.google.com/mapfiles/kml/shapes/placemark_circle.png"}}, {"type": "Feature", "geometry": {"type": "Point", "coordinates": [-81.3798916324851, 37.8844650698255]}, "properties": {"name": "5", "folder": "Feature Labels (GRIDCODE)", "style_id": "5_LABELS", "icon-color": "#000000", "icon": "http://maps.google.com/mapfiles/kml/shapes/placemark_circle.png"}}, {"type": "Feature", "geometry": {"type": "Point", "coordinates": [-81.487763796772, 37.8725059415895]}, "properties": {"name": "5", "folder": "Feature Labels (GRIDCODE)", "style_id": "5_LABELS", "icon-color": "#000000", "icon": "http://maps.google.com/mapfiles/kml/shapes/placemark_circle.png"}}, {"type": "Feature", "geometry": {"type": "Point", "coordinates": [-81.4867352229131, 37.8716990623376]}, "properties": {"name": "5", "folder": "Feature Labels (GRIDCODE)", "style_id": "5_LABELS", "icon-color": "#000000", "icon": "http://maps.google.com/mapfiles/kml/shapes/placemark_circle.png"}}, {"type": "Feature", "geometry": {"type": "Point", "coordinates": [-81.4857066714887, 37.8708921738352]}, "properties": {"name": "5", "folder": "Feature Labels (GRIDCODE)", "style_id": "5_LABELS", "icon-color": "#000000", "icon": "http://maps.google.com/mapfiles/kml/shapes/placemark_circle.png"}}, {"type": "Feature", "geometry": {"type": "Point", "coordinates": [-81.4420157153381, 37.8780915365693]}, "properties": {"name": "5", "folder": "Feature Labels (GRIDCODE)", "style_id": "5_LABELS", "icon-color": "#000000", "icon": "http://maps.google.com/mapfiles/kml/shapes/placemark_circle.png"}}, {"type": "Feature", "geometry": {"type": "Point", "coordinates": [-81.5032624513237, 37.8681719605044]}, "properties": {"name": "5", "folder": "Feature Labels (GRIDCODE)", "style_id": "5_LABELS", "icon-color": "#000000", "icon": "http://maps.google.com/mapfiles/kml/shapes/placemark_circle.png"}}, {"type": "Feature", "geometry": {"type": "Point", "coordinates": [-81.4673296331023, 37.8788526561707]}, "properties": {"name": "5", "folder": "Feature Labels (GRIDCODE)", "style_id": "5_LABELS", "icon-color": "#000000", "icon": "http://maps.google.com/mapfiles/kml/shapes/placemark_circle.png"}}, {"type": "Feature", "geometry": {"type": "Point", "coordinates": [-81.4049105787873, 37.8734169466509]}, "properties": {"name": "5", "folder": "Feature Labels (GRIDCODE)", "style_id": "5_LABELS", "icon-color": "#000000", "icon": "http://maps.google.com/mapfiles/kml/shapes/placemark_circle.png"}}, {"type": "Feature", "geometry": {"type": "Point", "coordinates": [-81.4492503010719, 37.9334941652246]}, "properties": {"name": "6", "folder": "Feature Labels (GRIDCODE)", "style_id": "6_LABELS", "icon-color": "#000000", "icon": "http://maps.google.com/mapfiles/kml/shapes/placemark_circle.png"}}, {"type": "Feature", "geometry": {"type": "Point", "coordinates": [-81.4482188258936, 37.9322814076495]}, "properties": {"name": "6", "folder": "Feature Labels (GRIDCODE)", "style_id": "6_LABELS", "icon-color": "#000000", "icon": "http://maps.google.com/mapfiles/kml/shapes/placemark_circle.png"}}, {"type": "Feature", "geometry": {"type": "Point", "coordinates": [-81.4523076538238, 37.9310490668098]}, "properties": {"name": "6", "folder": "Feature Labels (GRIDCODE)", "style_id": "6_LABELS", "icon-color": "#000000", "icon": "http://maps.google.com/mapfiles/kml/shapes/placemark_circle.png"}}, {"type": "Feature", "geometry": {"type": "Point", "coordinates": [-81.4471873845404, 37.9310686361985]}, "properties": {"name": "6", "folder": "Feature Labels (GRIDCODE)", "style_id": "6_LABELS", "icon-color": "#000000", "icon": "http://maps.google.com/mapfiles/kml/shapes/placemark_circle.png"}}, {"type": "Feature", "geometry": {"type": "Point", "coordinates": [-81.4716341117199, 37.9381549474222]}, "properties": {"name": "6", "folder": "Feature Labels (GRIDCODE)", "style_id": "6_LABELS", "icon-color": "#000000", "icon": "http://maps.google.com/mapfiles/kml/shapes/placemark_circle.png"}}, {"type": "Feature", "geometry": {"type": "Point", "coordinates": [-81.4512786421857, 37.930241888496]}, "properties": {"name": "6", "folder": "Feature Labels (GRIDCODE)", "style_id": "6_LABELS", "icon-color": "#000000", "icon": "http://maps.google.com/mapfiles/kml/shapes/placemark_circle.png"}}, {"type": "Feature", "geometry": {"type": "Point", "coordinates": [-81.4502496530475, 37.9294347009307]}, "properties": {"name": "6", "folder": "Feature Labels (GRIDCODE)", "style_id": "6_LABELS", "icon-color": "#000000", "icon": "http://maps.google.com/mapfiles/kml/shapes/placemark_circle.png"}}, {"type": "Feature", "geometry": {"type": "Point", "coordinates": [-81.4483955678688, 37.9276572968191]}, "properties": {"name": "6", "folder": "Feature Labels (GRIDCODE)", "style_id": "6_LABELS", "icon-color": "#000000", "icon": "http://maps.google.com/mapfiles/kml/shapes/placemark_circle.png"}}, {"type": "Feature", "geometry": {"type": "Point", "coordinates": [-81.4563088871114, 37.9274994057322]}, "properties": {"name": "6", "folder": "Feature Labels (GRIDCODE)", "style_id": "6_LABELS", "icon-color": "#000000", "icon": "http://maps.google.com/mapfiles/kml/shapes/placemark_circle.png"}}, {"type": "Feature", "geometry": {"type": "Point", "coordinates": [-81.4461339214758, 37.9262058581708]}, "properties": {"name": "6", "folder": "Feature Labels (GRIDCODE)", "style_id": "6_LABELS", "icon-color": "#000000", "icon": "http://maps.google.com/mapfiles/kml/shapes/placemark_circle.png"}}, {"type": "Feature", "geometry": {"type": "Point", "coordinates": [-81.4757928774473, 37.9204117757784]}, "properties": {"name": "6", "folder": "Feature Labels (GRIDCODE)", "style_id": "6_LABELS", "icon-color": "#000000", "icon": "http://maps.google.com/mapfiles/kml/shapes/placemark_circle.png"}}, {"type": "Feature", "geometry": {"type": "Point", "coordinates": [-81.4747637606953, 37.9196048020843]}, "properties": {"name": "6", "folder": "Feature Labels (GRIDCODE)", "style_id": "6_LABELS", "icon-color": "#000000", "icon": "http://maps.google.com/mapfiles/kml/shapes/placemark_circle.png"}}, {"type": "Feature", "geometry": {"type": "Point", "coordinates": [-81.4486509226018, 37.9224975493894]}, "properties": {"name": "6", "folder": "Feature Labels (GRIDCODE)", "style_id": "6_LABELS", "icon-color": "#000000", "icon": "http://maps.google.com/mapfiles/kml/shapes/placemark_circle.png"}}, {"type": "Feature", "geometry": {"type": "Point", "coordinates": [-81.4732227261186, 37.9187998754244]}, "properties": {"name": "6", "folder": "Feature Labels (GRIDCODE)", "style_id": "6_LABELS", "icon-color": "#000000", "icon": "http://maps.google.com/mapfiles/kml/shapes/placemark_circle.png"}}, {"type": "Feature", "geometry": {"type": "Point", "coordinates": [-81.455067608797, 37.921913269587]}, "properties": {"name": "6", "folder": "Feature Labels (GRIDCODE)", "style_id": "6_LABELS", "icon-color": "#000000", "icon": "http://maps.google.com/mapfiles/kml/shapes/placemark_circle.png"}}, {"type": "Feature", "geometry": {"type": "Point", "coordinates": [-81.4405762172908, 37.927344253229]}, "properties": {"name": "6", "folder": "Feature Labels (GRIDCODE)", "style_id": "6_LABELS", "icon-color": "#000000", "icon": "http://maps.google.com/mapfiles/kml/shapes/placemark_circle.png"}}, {"type": "Feature", "geometry": {"type": "Point", "coordinates": [-81.4281885064189, 37.921856363728]}, "properties": {"name": "6", "folder": "Feature Labels (GRIDCODE)", "style_id": "6_LABELS", "icon-color": "#000000", "icon": "http://maps.google.com/mapfiles/kml/shapes/placemark_circle.png"}}, {"type": "Feature", "geometry": {"type": "Point", "coordinates": [-81.4201526526899, 37.9261883891517]}, "properties": {"name": "6", "folder": "Feature Labels (GRIDCODE)", "style_id": "6_LABELS", "icon-color": "#000000", "icon": "http://maps.google.com/mapfiles/kml/shapes/placemark_circle.png"}}, {"type": "Feature", "geometry": {"type": "Point", "coordinates": [-81.4805422110771, 37.9214811409136]}, "properties": {"name": "6", "folder": "Feature Labels (GRIDCODE)", "style_id": "6_LABELS", "icon-color": "#000000", "icon": "http://maps.google.com/mapfiles/kml/shapes/placemark_circle.png"}}, {"type": "Feature", "geometry": {"type": "Point", "coordinates": [-81.4522281668941, 37.9180712948952]}, "properties": {"name": "6", "folder": "Feature Labels (GRIDCODE)", "style_id": "6_LABELS", "icon-color": "#000000", "icon": "http://maps.google.com/mapfiles/kml/shapes/placemark_circle.png"}}, {"type": "Feature", "geometry": {"type": "Point", "coordinates": [-81.3954337448647, 37.9227084978116]}, "properties": {"name": "6", "folder": "Feature Labels (GRIDCODE)", "style_id": "6_LABELS", "icon-color": "#000000", "icon": "http://maps.google.com/mapfiles/kml/shapes/placemark_circle.png"}}, {"type": "Feature", "geometry": {"type": "Point", "coordinates": [-81.4757719768934, 37.9171673404223]}, "properties": {"name": "6", "folder": "Feature Labels (GRIDCODE)", "style_id": "6_LABELS", "icon-color": "#000000", "icon": "http://maps.google.com/mapfiles/kml/shapes/placemark_circle.png"}}, {"type": "Feature", "geometry": {"type": "Point", "coordinates": [-81.3866977567687, 37.9178992930491]}, "properties": {"name": "6", "folder": "Feature Labels (GRIDCODE)", "style_id": "6_LABELS", "icon-color": "#000000", "icon": "http://maps.google.com/mapfiles/kml/shapes/placemark_circle.png"}}, {"type": "Feature", "geometry": {"type": "Point", "coordinates": [-81.4506824636326, 37.9164549656997]}, "properties": {"name": "6", "folder": "Feature Labels (GRIDCODE)", "style_id": "6_LABELS", "icon-color": "#000000", "icon": "http://maps.google.com/mapfiles/kml/shapes/placemark_circle.png"}}, {"type": "Feature", "geometry": {"type": "Point", "coordinates": [-81.4266219010247, 37.9165446580634]}, "properties": {"name": "6", "folder": "Feature Labels (GRIDCODE)", "style_id": "6_LABELS", "icon-color": "#000000", "icon": "http://maps.google.com/mapfiles/kml/shapes/placemark_circle.png"}}, {"type": "Feature", "geometry": {"type": "Point", "coordinates": [-81.4328516499451, 37.9154157947386]}, "properties": {"name": "6", "folder": "Feature Labels (GRIDCODE)", "style_id": "6_LABELS", "icon-color": "#000000", "icon": "http://maps.google.com/mapfiles/kml/shapes/placemark_circle.png"}}, {"type": "Feature", "geometry": {"type": "Point", "coordinates": [-81.4615803916943, 37.9186514235691]}, "properties": {"name": "6", "folder": "Feature Labels (GRIDCODE)", "style_id": "6_LABELS", "icon-color": "#000000", "icon": "http://maps.google.com/mapfiles/kml/shapes/placemark_circle.png"}}, {"type": "Feature", "geometry": {"type": "Point", "coordinates": [-81.4429868252722, 37.9136790344019]}, "properties": {"name": "6", "folder": "Feature Labels (GRIDCODE)", "style_id": "6_LABELS", "icon-color": "#000000", "icon": "http://maps.google.com/mapfiles/kml/shapes/placemark_circle.png"}}, {"type": "Feature", "geometry": {"type": "Point", "coordinates": [-81.4341963360797, 37.9111866276584]}, "properties": {"name": "6", "folder": "Feature Labels (GRIDCODE)", "style_id": "6_LABELS", "icon-color": "#000000", "icon": "http://maps.google.com/mapfiles/kml/shapes/placemark_circle.png"}}, {"type": "Feature", "geometry": {"type": "Point", "coordinates": [-81.4395802266055, 37.9048380836356]}, "properties": {"name": "6", "folder": "Feature Labels (GRIDCODE)", "style_id": "6_LABELS", "icon-color": "#000000", "icon": "http://maps.google.com/mapfiles/kml/shapes/placemark_circle.png"}}, {"type": "Feature", "geometry": {"type": "Point", "coordinates": [-81.5044041628312, 37.90240456706]}, "properties": {"name": "6", "folder": "Feature Labels (GRIDCODE)", "style_id": "6_LABELS", "icon-color": "#000000", "icon": "http://maps.google.com/mapfiles/kml/shapes/placemark_circle.png"}}, {"type": "Feature", "geometry": {"type": "Point", "coordinates": [-81.387591849227, 37.8931567592454]}, "properties": {"name": "6", "folder": "Feature Labels (GRIDCODE)", "style_id": "6_LABELS", "icon-color": "#000000", "icon": "http://maps.google.com/mapfiles/kml/shapes/placemark_circle.png"}}, {"type": "Feature", "geometry": {"type": "Point", "coordinates": [-81.4235510145217, 37.8943509972726]}, "properties": {"name": "6", "folder": "Feature Labels (GRIDCODE)", "style_id": "6_LABELS", "icon-color": "#000000", "icon": "http://maps.google.com/mapfiles/kml/shapes/placemark_circle.png"}}, {"type": "Feature", "geometry": {"type": "Point", "coordinates": [-81.4346648130796, 37.8913700829883]}, "properties": {"name": "6", "folder": "Feature Labels (GRIDCODE)", "style_id": "6_LABELS", "icon-color": "#000000", "icon": "http://maps.google.com/mapfiles/kml/shapes/placemark_circle.png"}}, {"type": "Feature", "geometry": {"type": "Point", "coordinates": [-81.397568459895, 37.8976659167968]}, "properties": {"name": "6", "folder": "Feature Labels (GRIDCODE)", "style_id": "6_LABELS", "icon-color": "#000000", "icon": "http://maps.google.com/mapfiles/kml/shapes/placemark_circle.png"}}, {"type": "Feature", "geometry": {"type": "Point", "coordinates": [-81.3937222669631, 37.8911085769869]}, "properties": {"name": "6", "folder": "Feature Labels (GRIDCODE)", "style_id": "6_LABELS", "icon-color": "#000000", "icon": "http://maps.google.com/mapfiles/kml/shapes/placemark_circle.png"}}, {"type": "Feature", "geometry": {"type": "Point", "coordinates": [-81.4296800980785, 37.892233325853]}, "properties": {"name": "6", "folder": "Feature Labels (GRIDCODE)", "style_id": "6_LABELS", "icon-color": "#000000", "icon": "http://maps.google.com/mapfiles/kml/shapes/placemark_circle.png"}}, {"type": "Feature", "geometry": {"type": "Point", "coordinates": [-81.3938516261513, 37.9199873771419]}, "properties": {"name": "6", "folder": "Feature Labels (GRIDCODE)", "style_id": "6_LABELS", "icon-color": "#000000", "icon": "http://maps.google.com/mapfiles/kml/shapes/placemark_circle.png"}}, {"type": "Feature", "geometry": {"type": "Point", "coordinates": [-81.4441069785648, 37.8925588280319]}, "properties": {"name": "6", "folder": "Feature Labels (GRIDCODE)", "style_id": "6_LABELS", "icon-color": "#000000", "icon": "http://maps.google.com/mapfiles/kml/shapes/placemark_circle.png"}}, {"type": "Feature", "geometry": {"type": "Point", "coordinates": [-81.411770630131, 37.9010161619962]}, "properties": {"name": "6", "folder": "Feature Labels (GRIDCODE)", "style_id": "6_LABELS", "icon-color": "#000000", "icon": "http://maps.google.com/mapfiles/kml/shapes/placemark_circle.png"}}, {"type": "Feature", "geometry": {"type": "Point", "coordinates": [-81.4172358500298, 37.8862283679288]}, "properties": {"name": "6", "folder": "Feature Labels (GRIDCODE)", "style_id": "6_LABELS", "icon-color": "#000000", "icon": "http://maps.google.com/mapfiles/kml/shapes/placemark_circle.png"}}, {"type": "Feature", "geometry": {"type": "Point", "coordinates": [-81.4079998846305, 37.8817318882665]}, "properties": {"name": "6", "folder": "Feature Labels (GRIDCODE)", "style_id": "6_LABELS", "icon-color": "#000000", "icon": "http://maps.google.com/mapfiles/kml/shapes/placemark_circle.png"}}, {"type": "Feature", "geometry": {"type": "Point", "coordinates": [-81.4887895266172, 37.9090496051488]}, "properties": {"name": "6", "folder": "Feature Labels (GRIDCODE)", "style_id": "6_LABELS", "icon-color": "#000000", "icon": "http://maps.google.com/mapfiles/kml/shapes/placemark_circle.png"}}, {"type": "Feature", "geometry": {"type": "Point", "coordinates": [-81.426611778309, 37.8852710330699]}, "properties": {"name": "6", "folder": "Feature Labels (GRIDCODE)", "style_id": "6_LABELS", "icon-color": "#000000", "icon": "http://maps.google.com/mapfiles/kml/shapes/placemark_circle.png"}}, {"type": "Feature", "geometry": {"type": "Point", "coordinates": [-81.4175154527482, 37.8813741025072]}, "properties": {"name": "6", "folder": "Feature Labels (GRIDCODE)", "style_id": "6_LABELS", "icon-color": "#000000", "icon": "http://maps.google.com/mapfiles/kml/shapes/placemark_circle.png"}}, {"type": "Feature", "geometry": {"type": "Point", "coordinates": [-81.3900693865973, 37.8777369726819]}, "properties": {"name": "6", "folder": "Feature Labels (GRIDCODE)", "style_id": "6_LABELS", "icon-color": "#000000", "icon": "http://maps.google.com/mapfiles/kml/shapes/placemark_circle.png"}}, {"type": "Feature", "geometry": {"type": "Point", "coordinates": [-81.3916000767624, 37.8769207566197]}, "properties": {"name": "6", "folder": "Feature Labels (GRIDCODE)", "style_id": "6_LABELS", "icon-color": "#000000", "icon": "http://maps.google.com/mapfiles/kml/shapes/placemark_circle.png"}}, {"type": "Feature", "geometry": {"type": "Point", "coordinates": [-81.3838733835004, 37.8830520368139]}, "properties": {"name": "6", "folder": "Feature Labels (GRIDCODE)", "style_id": "6_LABELS", "icon-color": "#000000", "icon": "http://maps.google.com/mapfiles/kml/shapes/placemark_circle.png"}}, {"type": "Feature", "geometry": {"type": "Point", "coordinates": [-81.4369094166305, 37.8814690429464]}, "properties": {"name": "6", "folder": "Feature Labels (GRIDCODE)", "style_id": "6_LABELS", "icon-color": "#000000", "icon": "http://maps.google.com/mapfiles/kml/shapes/placemark_circle.png"}}, {"type": "Feature", "geometry": {"type": "Point", "coordinates": [-81.4570026112233, 37.8808860854948]}, "properties": {"name": "6", "folder": "Feature Labels (GRIDCODE)", "style_id": "6_LABELS", "icon-color": "#000000", "icon": "http://maps.google.com/mapfiles/kml/shapes/placemark_circle.png"}}, {"type": "Feature", "geometry": {"type": "Point", "coordinates": [-81.398603969594, 37.8762185075164]}, "properties": {"name": "6", "folder": "Feature Labels (GRIDCODE)", "style_id": "6_LABELS", "icon-color": "#000000", "icon": "http://maps.google.com/mapfiles/kml/shapes/placemark_circle.png"}}, {"type": "Feature", "geometry": {"type": "Point", "coordinates": [-81.5087150187551, 37.8687671604034]}, "properties": {"name": "6", "folder": "Feature Labels (GRIDCODE)", "style_id": "6_LABELS", "icon-color": "#000000", "icon": "http://maps.google.com/mapfiles/kml/shapes/placemark_circle.png"}}, {"type": "Feature", "geometry": {"type": "Point", "coordinates": [-81.4183037523088, 37.8740608933062]}, "properties": {"name": "6", "folder": "Feature Labels (GRIDCODE)", "style_id": "6_LABELS", "icon-color": "#000000", "icon": "http://maps.google.com/mapfiles/kml/shapes/placemark_circle.png"}}, {"type": "Feature", "geometry": {"type": "Point", "coordinates": [-81.5019897329867, 37.866672733706]}, "properties": {"name": "6", "folder": "Feature Labels (GRIDCODE)", "style_id": "6_LABELS", "icon-color": "#000000", "icon": "http://maps.google.com/mapfiles/kml/shapes/placemark_circle.png"}}, {"type": "Feature", "geometry": {"type": "Point", "coordinates": [-81.3859168528868, 37.8663947152592]}, "properties": {"name": "6", "folder": "Feature Labels (GRIDCODE)", "style_id": "6_LABELS", "icon-color": "#000000", "icon": "http://maps.google.com/mapfiles/kml/shapes/placemark_circle.png"}}, {"type": "Feature", "geometry": {"type": "Point", "coordinates": [-81.3797381145341, 37.8712537041171]}, "properties": {"name": "6", "folder": "Feature Labels (GRIDCODE)", "style_id": "6_LABELS", "icon-color": "#000000", "icon": "http://maps.google.com/mapfiles/kml/shapes/placemark_circle.png"}}, {"type": "Feature", "geometry": {"type": "Point", "coordinates": [-81.4636308147066, 37.9403329643677]}, "properties": {"name": "7", "folder": "Feature Labels (GRIDCODE)", "style_id": "7_LABELS", "icon-color": "#000000", "icon": "http://maps.google.com/mapfiles/kml/shapes/placemark_circle.png"}}, {"type": "Feature", "geometry": {"type": "Point", "coordinates": [-81.4668629321259, 37.9385627384384]}, "properties": {"name": "7", "folder": "Feature Labels (GRIDCODE)", "style_id": "7_LABELS", "icon-color": "#000000", "icon": "http://maps.google.com/mapfiles/kml/shapes/placemark_circle.png"}}, {"type": "Feature", "geometry": {"type": "Point", "coordinates": [-81.4792356419525, 37.9381412395686]}, "properties": {"name": "7", "folder": "Feature Labels (GRIDCODE)", "style_id": "7_LABELS", "icon-color": "#000000", "icon": "http://maps.google.com/mapfiles/kml/shapes/placemark_circle.png"}}, {"type": "Feature", "geometry": {"type": "Point", "coordinates": [-81.4072759695663, 37.9360803172481]}, "properties": {"name": "7", "folder": "Feature Labels (GRIDCODE)", "style_id": "7_LABELS", "icon-color": "#000000", "icon": "http://maps.google.com/mapfiles/kml/shapes/placemark_circle.png"}}, {"type": "Feature", "geometry": {"type": "Point", "coordinates": [-81.3919010918735, 37.9336991378003]}, "properties": {"name": "7", "folder": "Feature Labels (GRIDCODE)", "style_id": "7_LABELS", "icon-color": "#000000", "icon": "http://maps.google.com/mapfiles/kml/shapes/placemark_circle.png"}}, {"type": "Feature", "geometry": {"type": "Point", "coordinates": [-81.4572110111908, 37.9366368221237]}, "properties": {"name": "7", "folder": "Feature Labels (GRIDCODE)", "style_id": "7_LABELS", "icon-color": "#000000", "icon": "http://maps.google.com/mapfiles/kml/shapes/placemark_circle.png"}}, {"type": "Feature", "geometry": {"type": "Point", "coordinates": [-81.466649508244, 37.9318041954998]}, "properties": {"name": "7", "folder": "Feature Labels (GRIDCODE)", "style_id": "7_LABELS", "icon-color": "#000000", "icon": "http://maps.google.com/mapfiles/kml/shapes/placemark_circle.png"}}, {"type": "Feature", "geometry": {"type": "Point", "coordinates": [-81.4497574086369, 37.9326811025752]}, "properties": {"name": "7", "folder": "Feature Labels (GRIDCODE)", "style_id": "7_LABELS", "icon-color": "#000000", "icon": "http://maps.google.com/mapfiles/kml/shapes/placemark_circle.png"}}, {"type": "Feature", "geometry": {"type": "Point", "coordinates": [-81.5027766544334, 37.9305545665347]}, "properties": {"name": "7", "folder": "Feature Labels (GRIDCODE)", "style_id": "7_LABELS", "icon-color": "#000000", "icon": "http://maps.google.com/mapfiles/kml/shapes/placemark_circle.png"}}, {"type": "Feature", "geometry": {"type": "Point", "coordinates": [-81.3899416128858, 37.9311100507925]}, "properties": {"name": "7", "folder": "Feature Labels (GRIDCODE)", "style_id": "7_LABELS", "icon-color": "#000000", "icon": "http://maps.google.com/mapfiles/kml/shapes/placemark_circle.png"}}, {"type": "Feature", "geometry": {"type": "Point", "coordinates": [-81.4974909445583, 37.9226122961904]}, "properties": {"name": "7", "folder": "Feature Labels (GRIDCODE)", "style_id": "7_LABELS", "icon-color": "#000000", "icon": "http://maps.google.com/mapfiles/kml/shapes/placemark_circle.png"}}, {"type": "Feature", "geometry": {"type": "Point", "coordinates": [-81.4644518430926, 37.9216061428042]}, "properties": {"name": "7", "folder": "Feature Labels (GRIDCODE)", "style_id": "7_LABELS", "icon-color": "#000000", "icon": "http://maps.google.com/mapfiles/kml/shapes/placemark_circle.png"}}, {"type": "Feature", "geometry": {"type": "Point", "coordinates": [-81.3889344179436, 37.9220055605961]}, "properties": {"name": "7", "folder": "Feature Labels (GRIDCODE)", "style_id": "7_LABELS", "icon-color": "#000000", "icon": "http://maps.google.com/mapfiles/kml/shapes/placemark_circle.png"}}, {"type": "Feature", "geometry": {"type": "Point", "coordinates": [-81.4895222819993, 37.9127172749686]}, "properties": {"name": "7", "folder": "Feature Labels (GRIDCODE)", "style_id": "7_LABELS", "icon-color": "#000000", "icon": "http://maps.google.com/mapfiles/kml/shapes/placemark_circle.png"}}, {"type": "Feature", "geometry": {"type": "Point", "coordinates": [-81.4231843655696, 37.9200722155908]}, "properties": {"name": "7", "folder": "Feature Labels (GRIDCODE)", "style_id": "7_LABELS", "icon-color": "#000000", "icon": "http://maps.google.com/mapfiles/kml/shapes/placemark_circle.png"}}, {"type": "Feature", "geometry": {"type": "Point", "coordinates": [-81.4245415562651, 37.9108742388744]}, "properties": {"name": "7", "folder": "Feature Labels (GRIDCODE)", "style_id": "7_LABELS", "icon-color": "#000000", "icon": "http://maps.google.com/mapfiles/kml/shapes/placemark_circle.png"}}, {"type": "Feature", "geometry": {"type": "Point", "coordinates": [-81.4756727450721, 37.9017562478585]}, "properties": {"name": "7", "folder": "Feature Labels (GRIDCODE)", "style_id": "7_LABELS", "icon-color": "#000000", "icon": "http://maps.google.com/mapfiles/kml/shapes/placemark_circle.png"}}, {"type": "Feature", "geometry": {"type": "Point", "coordinates": [-81.4832003498088, 37.900177068073]}, "properties": {"name": "7", "folder": "Feature Labels (GRIDCODE)", "style_id": "7_LABELS", "icon-color": "#000000", "icon": "http://maps.google.com/mapfiles/kml/shapes/placemark_circle.png"}}, {"type": "Feature", "geometry": {"type": "Point", "coordinates": [-81.4528361661403, 37.9137855109382]}, "properties": {"name": "7", "folder": "Feature Labels (GRIDCODE)", "style_id": "7_LABELS", "icon-color": "#000000", "icon": "http://maps.google.com/mapfiles/kml/shapes/placemark_circle.png"}}, {"type": "Feature", "geometry": {"type": "Point", "coordinates": [-81.4173114100372, 37.9056956073822]}, "properties": {"name": "7", "folder": "Feature Labels (GRIDCODE)", "style_id": "7_LABELS", "icon-color": "#000000", "icon": "http://maps.google.com/mapfiles/kml/shapes/placemark_circle.png"}}, {"type": "Feature", "geometry": {"type": "Point", "coordinates": [-81.4892188661511, 37.8935893987881]}, "properties": {"name": "7", "folder": "Feature Labels (GRIDCODE)", "style_id": "7_LABELS", "icon-color": "#000000", "icon": "http://maps.google.com/mapfiles/kml/shapes/placemark_circle.png"}}, {"type": "Feature", "geometry": {"type": "Point", "coordinates": [-81.4172697629328, 37.8922441698749]}, "properties": {"name": "7", "folder": "Feature Labels (GRIDCODE)", "style_id": "7_LABELS", "icon-color": "#000000", "icon": "http://maps.google.com/mapfiles/kml/shapes/placemark_circle.png"}}, {"type": "Feature", "geometry": {"type": "Point", "coordinates": [-81.5011702818742, 37.8878611919931]}, "properties": {"name": "7", "folder": "Feature Labels (GRIDCODE)", "style_id": "7_LABELS", "icon-color": "#000000", "icon": "http://maps.google.com/mapfiles/kml/shapes/placemark_circle.png"}}, {"type": "Feature", "geometry": {"type": "Point", "coordinates": [-81.4134354938606, 37.8887919361768]}, "properties": {"name": "7", "folder": "Feature Labels (GRIDCODE)", "style_id": "7_LABELS", "icon-color": "#000000", "icon": "http://maps.google.com/mapfiles/kml/shapes/placemark_circle.png"}}, {"type": "Feature", "geometry": {"type": "Point", "coordinates": [-81.4084298468631, 37.8854616189396]}, "properties": {"name": "7", "folder": "Feature Labels (GRIDCODE)", "style_id": "7_LABELS", "icon-color": "#000000", "icon": "http://maps.google.com/mapfiles/kml/shapes/placemark_circle.png"}}, {"type": "Feature", "geometry": {"type": "Point", "coordinates": [-81.4591734899876, 37.8823545503618]}, "properties": {"name": "7", "folder": "Feature Labels (GRIDCODE)", "style_id": "7_LABELS", "icon-color": "#000000", "icon": "http://maps.google.com/mapfiles/kml/shapes/placemark_circle.png"}}, {"type": "Feature", "geometry": {"type": "Point", "coordinates": [-81.3862974763201, 37.8990515443611]}, "properties": {"name": "7", "folder": "Feature Labels (GRIDCODE)", "style_id": "7_LABELS", "icon-color": "#000000", "icon": "http://maps.google.com/mapfiles/kml/shapes/placemark_circle.png"}}, {"type": "Feature", "geometry": {"type": "Point", "coordinates": [-81.434282326338, 37.8879289429085]}, "properties": {"name": "7", "folder": "Feature Labels (GRIDCODE)", "style_id": "7_LABELS", "icon-color": "#000000", "icon": "http://maps.google.com/mapfiles/kml/shapes/placemark_circle.png"}}, {"type": "Feature", "geometry": {"type": "Point", "coordinates": [-81.3868401776221, 37.8799106647253]}, "properties": {"name": "7", "folder": "Feature Labels (GRIDCODE)", "style_id": "7_LABELS", "icon-color": "#000000", "icon": "http://maps.google.com/mapfiles/kml/shapes/placemark_circle.png"}}, {"type": "Feature", "geometry": {"type": "Point", "coordinates": [-81.3998737515168, 37.8804156450261]}, "properties": {"name": "7", "folder": "Feature Labels (GRIDCODE)", "style_id": "7_LABELS", "icon-color": "#000000", "icon": "http://maps.google.com/mapfiles/kml/shapes/placemark_circle.png"}}, {"type": "Feature", "geometry": {"type": "Point", "coordinates": [-81.4533566134775, 37.9351006734363]}, "properties": {"name": "8", "folder": "Feature Labels (GRIDCODE)", "style_id": "8_LABELS", "icon-color": "#000000", "icon": "http://maps.google.com/mapfiles/kml/shapes/placemark_circle.png"}}, {"type": "Feature", "geometry": {"type": "Point", "coordinates": [-81.4518105253592, 37.9334843661608]}, "properties": {"name": "8", "folder": "Feature Labels (GRIDCODE)", "style_id": "8_LABELS", "icon-color": "#000000", "icon": "http://maps.google.com/mapfiles/kml/shapes/placemark_circle.png"}}, {"type": "Feature", "geometry": {"type": "Point", "coordinates": [-81.4502644938327, 37.9318680313139]}, "properties": {"name": "8", "folder": "Feature Labels (GRIDCODE)", "style_id": "8_LABELS", "icon-color": "#000000", "icon": "http://maps.google.com/mapfiles/kml/shapes/placemark_circle.png"}}, {"type": "Feature", "geometry": {"type": "Point", "coordinates": [-81.4492354928486, 37.9310608351766]}, "properties": {"name": "8", "folder": "Feature Labels (GRIDCODE)", "style_id": "8_LABELS", "icon-color": "#000000", "icon": "http://maps.google.com/mapfiles/kml/shapes/placemark_circle.png"}}, {"type": "Feature", "geometry": {"type": "Point", "coordinates": [-81.4430668268616, 37.9270285814231]}, "properties": {"name": "8", "folder": "Feature Labels (GRIDCODE)", "style_id": "8_LABELS", "icon-color": "#000000", "icon": "http://maps.google.com/mapfiles/kml/shapes/placemark_circle.png"}}, {"type": "Feature", "geometry": {"type": "Point", "coordinates": [-81.4243796822906, 37.918337257728]}, "properties": {"name": "8", "folder": "Feature Labels (GRIDCODE)", "style_id": "8_LABELS", "icon-color": "#000000", "icon": "http://maps.google.com/mapfiles/kml/shapes/placemark_circle.png"}}, {"type": "Feature", "geometry": {"type": "Point", "coordinates": [-81.4535892969603, 37.910461683688]}, "properties": {"name": "8", "folder": "Feature Labels (GRIDCODE)", "style_id": "8_LABELS", "icon-color": "#000000", "icon": "http://maps.google.com/mapfiles/kml/shapes/placemark_circle.png"}}, {"type": "Feature", "geometry": {"type": "Point", "coordinates": [-81.4442604633608, 37.9098280878075]}, "properties": {"name": "8", "folder": "Feature Labels (GRIDCODE)", "style_id": "8_LABELS", "icon-color": "#000000", "icon": "http://maps.google.com/mapfiles/kml/shapes/placemark_circle.png"}}, {"type": "Feature", "geometry": {"type": "Point", "coordinates": [-81.4158211803461, 37.907660836166]}, "properties": {"name": "8", "folder": "Feature Labels (GRIDCODE)", "style_id": "8_LABELS", "icon-color": "#000000", "icon": "http://maps.google.com/mapfiles/kml/shapes/placemark_circle.png"}}, {"type": "Feature", "geometry": {"type": "Point", "coordinates": [-81.383816882503, 37.9091422426937]}, "properties": {"name": "8", "folder": "Feature Labels (GRIDCODE)", "style_id": "8_LABELS", "icon-color": "#000000", "icon": "http://maps.google.com/mapfiles/kml/shapes/placemark_circle.png"}}, {"type": "Feature", "geometry": {"type": "Point", "coordinates": [-81.3845676579008, 37.9020891717873]}, "properties": {"name": "8", "folder": "Feature Labels (GRIDCODE)", "style_id": "8_LABELS", "icon-color": "#000000", "icon": "http://maps.google.com/mapfiles/kml/shapes/placemark_circle.png"}}, {"type": "Feature", "geometry": {"type": "Point", "coordinates": [-81.3835061168351, 37.8947924127949]}, "properties": {"name": "8", "folder": "Feature Labels (GRIDCODE)", "style_id": "8_LABELS", "icon-color": "#000000", "icon": "http://maps.google.com/mapfiles/kml/shapes/placemark_circle.png"}}, {"type": "Feature", "geometry": {"type": "Point", "coordinates": [-81.4303291798094, 37.8875620949823]}, "properties": {"name": "8", "folder": "Feature Labels (GRIDCODE)", "style_id": "8_LABELS", "icon-color": "#000000", "icon": "http://maps.google.com/mapfiles/kml/shapes/placemark_circle.png"}}, {"type": "Feature", "geometry": {"type": "Point", "coordinates": [-81.3988069893469, 37.8850079364495]}, "properties": {"name": "8", "folder": "Feature Labels (GRIDCODE)", "style_id": "8_LABELS", "icon-color": "#000000", "icon": "http://maps.google.com/mapfiles/kml/shapes/placemark_circle.png"}}, {"type": "Feature", "geometry": {"type": "Point", "coordinates": [-81.3967557917122, 37.8842037217134]}, "properties": {"name": "8", "folder": "Feature Labels (GRIDCODE)", "style_id": "8_LABELS", "icon-color": "#000000", "icon": "http://maps.google.com/mapfiles/kml/shapes/placemark_circle.png"}}, {"type": "Feature", "geometry": {"type": "Point", "coordinates": [-81.4141469512358, 37.8829271312177]}, "properties": {"name": "8", "folder": "Feature Labels (GRIDCODE)", "style_id": "8_LABELS", "icon-color": "#000000", "icon": "http://maps.google.com/mapfiles/kml/shapes/placemark_circle.png"}}, {"type": "Feature", "geometry": {"type": "Point", "coordinates": [-81.4208067450734, 37.8993345180632]}, "properties": {"name": "8", "folder": "Feature Labels (GRIDCODE)", "style_id": "8_LABELS", "icon-color": "#000000", "icon": "http://maps.google.com/mapfiles/kml/shapes/placemark_circle.png"}}, {"type": "Feature", "geometry": {"type": "Point", "coordinates": [-81.3926319993667, 37.8785395953229]}, "properties": {"name": "8", "folder": "Feature Labels (GRIDCODE)", "style_id": "8_LABELS", "icon-color": "#000000", "icon": "http://maps.google.com/mapfiles/kml/shapes/placemark_circle.png"}}, {"type": "Feature", "geometry": {"type": "Point", "coordinates": [-81.3901723817416, 37.8833954074123]}, "properties": {"name": "8", "folder": "Feature Labels (GRIDCODE)", "style_id": "8_LABELS", "icon-color": "#000000", "icon": "http://maps.google.com/mapfiles/kml/shapes/placemark_circle.png"}}, {"type": "Feature", "geometry": {"type": "Point", "coordinates": [-81.3849485480029, 37.8769426898522]}, "properties": {"name": "8", "folder": "Feature Labels (GRIDCODE)", "style_id": "8_LABELS", "icon-color": "#000000", "icon": "http://maps.google.com/mapfiles/kml/shapes/placemark_circle.png"}}]}