{"type": "FeatureCollection", "features": [{"type": "Feature", "geometry": {"type": "Polygon", "coordinates": [[[-81.462571987996, 37.909250365116], [-81.4628942724425, 37.9092879446272], [-81.4630082448669, 37.909322195544], [-81.4631088560011, 37.9093843496946], [-81.4631754455102, 37.9094634918961], [-81.4631863893791, 37.9095034663981], [-81.4631863576513, 37.9096437089799], [-81.4631858052554, 37.9096463242098], [-81.4632056964408, 37.9096074000445], [-81.4634377376814, 37.9091500699828], [-81.4646165646876, 37.9070085378302], [-81.464582230305, 37.9069935322748], [-81.4637951019427, 37.9084333045124], [-81.4636996248502, 37.9083914091832], [-81.4646336629725, 37.9066885106094], [-81.4645762756771, 37.9066616080985], [-81.4645912904836, 37.906625315988], [-81.4645301874438, 37.9066044675153], [-81.4646884116607, 37.9063140752376], [-81.4646540793565, 37.9062990682841], [-81.46439023547, 37.9067619348914], [-81.4643024390634, 37.9067290241084], [-81.4644682112671, 37.9064266151036], [-81.4644299909695, 37.9064086498516], [-81.4641022751584, 37.9070075024456], [-81.4640183265613, 37.9069716012958], [-81.4642291455129, 37.9065784360923], [-81.4642024519477, 37.9065664625848], [-81.4637804896822, 37.9073196288678], [-81.4636850909696, 37.907289991549], [-81.4640654380198, 37.906594132626], [-81.4640311237468, 37.9065822806641], [-81.4640046580804, 37.9066245664074], [-81.4639510819975, 37.9065886355953], [-81.4639096186085, 37.9066521595067], [-81.4638484215717, 37.9066161692598], [-81.4627261726852, 37.9086759949571], [-81.4625766582438, 37.9092330411606], [-81.462571987996, 37.909250365116]]]}, "properties": {"name": "LWN", "folder": "Lower Winifrede", "style_id": "LWN", "stroke": "#000000", "stroke-opacity": 1.0, "stroke-width": 0.4, "fill": "#000000", "fill-opacity": 1.0}}, {"type": "Feature", "geometry": {"type": "Polygon", "coordinates": [[[-81.4718383786182, 37.9104838693864], [-81.4721965618, 37.9104945102667], [-81.4721121814508, 37.9103922805599], [-81.4717995380161, 37.9103693802129], [-81.4701845848562, 37.9098115405587], [-81.4701431067784, 37.9098719128479], [-81.4699789731484, 37.909821284609], [-81.4699600344481, 37.9098485800865], [-81.4718383786182, 37.9104838693864]]]}, "properties": {"name": "LWN", "folder": "Lower Winifrede", "style_id": "LWN", "stroke": "#000000", "stroke-opacity": 1.0, "stroke-width": 0.4, "fill": "#000000", "fill-opacity": 1.0}}, {"type": "Feature", "geometry": {"type": "Polygon", "coordinates": [[[-81.4671997854417, 37.9111961911104], [-81.4672291632144, 37.9112004007114], [-81.4673495728436, 37.9112445375121], [-81.467465715993, 37.9113155483536], [-81.4675981804251, 37.911053196302], [-81.4684116677086, 37.9095619205891], [-81.4683352999978, 37.9095381598786], [-81.4683917349078, 37.9094322132263], [-81.4683572854459, 37.9094172979626], [-81.4683272564514, 37.9094717663358], [-81.4682508297081, 37.9094388125806], [-81.4681792476448, 37.9095598703663], [-81.4680952381112, 37.9095330768977], [-81.4673232614358, 37.9109516298733], [-81.4671997854417, 37.9111961911104]]]}, "properties": {"name": "LWN", "folder": "Lower Winifrede", "style_id": "LWN", "stroke": "#000000", "stroke-opacity": 1.0, "stroke-width": 0.4, "fill": "#000000", "fill-opacity": 1.0}}, {"type": "Feature", "geometry": {"type": "Polygon", "coordinates": [[[-81.4718898463717, 37.9089597512374], [-81.4715089808528, 37.9090123811516], [-81.4707149506453, 37.9087439086901], [-81.4706809816281, 37.9088044321088], [-81.4700777852064, 37.9085985531615], [-81.4700589600273, 37.9086257573725], [-81.4700856363339, 37.9086347525169], [-81.4700366717437, 37.9087164259822], [-81.4698572584469, 37.9086598198897], [-81.4698157813058, 37.9087202814961], [-81.4695485276134, 37.9086248198377], [-81.4695145576909, 37.9086853429269], [-81.4694839000377, 37.908676362126], [-81.4694765841263, 37.9087065840383], [-81.4699577007832, 37.9088736577612], [-81.469919958271, 37.9089312210454], [-81.4701147111316, 37.9090028167156], [-81.470077006524, 37.9090663284541], [-81.4716995448308, 37.9096212530398], [-81.472136339416, 37.909651047035], [-81.4721299233709, 37.909608172476], [-81.4718940604194, 37.9089782102144], [-81.4718898463717, 37.9089597512374]]]}, "properties": {"name": "LWN", "folder": "Lower Winifrede", "style_id": "LWN", "stroke": "#000000", "stroke-opacity": 1.0, "stroke-width": 0.4, "fill": "#000000", "fill-opacity": 1.0}}, {"type": "Feature", "geometry": {"type": "Polygon", "coordinates": [[[-81.4624155428208, 37.9092458424797], [-81.4624266138903, 37.9092153351545], [-81.4626307901199, 37.9086491500463], [-81.4636740016741, 37.9067375394785], [-81.4636129180177, 37.9067197541589], [-81.4636393842703, 37.9066773790758], [-81.4635972973985, 37.906659428785], [-81.4632772331294, 37.907246172263], [-81.463216167786, 37.9072313602436], [-81.4631632336785, 37.907297994145], [-81.463079209293, 37.9072681313147], [-81.4634747318469, 37.9065422027922], [-81.4634136286111, 37.9065212622012], [-81.4635077213483, 37.9063428848199], [-81.4634352423487, 37.906321990445], [-81.4635331080899, 37.9061465731668], [-81.4634987748874, 37.9061316567124], [-81.4627718482848, 37.9074504107631], [-81.462684051441, 37.9074175889082], [-81.4631132867469, 37.9066251020738], [-81.4630827258227, 37.9066131449371], [-81.4625253064007, 37.9076264124345], [-81.4624375653369, 37.9075844856704], [-81.4624562220217, 37.9075482703597], [-81.4623951942051, 37.9075212916674], [-81.4625910074692, 37.9071644197943], [-81.4625527872338, 37.9071464532304], [-81.4624059083674, 37.9074156168674], [-81.4623448247762, 37.9073977414665], [-81.462246783551, 37.9075641454507], [-81.4621513653934, 37.9075313524261], [-81.4622381626337, 37.9073860823241], [-81.4621999792617, 37.9073741555996], [-81.4613712984814, 37.9088713966047], [-81.4611776789506, 37.9095995913122], [-81.4618639586978, 37.9095047884118], [-81.4619738667807, 37.909489575092], [-81.462171015586, 37.9093447738881], [-81.4623252998933, 37.9092584546317], [-81.4624155428208, 37.9092458424797]]]}, "properties": {"name": "LWN", "folder": "Lower Winifrede", "style_id": "LWN", "stroke": "#000000", "stroke-opacity": 1.0, "stroke-width": 0.4, "fill": "#000000", "fill-opacity": 1.0}}, {"type": "Feature", "geometry": {"type": "Polygon", "coordinates": [[[-81.4712573729659, 37.9107637957071], [-81.4712921727097, 37.9108512623498], [-81.471315230535, 37.9108813634375], [-81.4712316610326, 37.9109239695584], [-81.4712470775636, 37.9109510368463], [-81.4712589143051, 37.9110054270348], [-81.4719506289146, 37.9107641723792], [-81.4722014341538, 37.9106696118606], [-81.4721588974052, 37.9105641506019], [-81.471869232095, 37.9105411582593], [-81.4712573729659, 37.9107637957071]]]}, "properties": {"name": "LWN", "folder": "Lower Winifrede", "style_id": "LWN", "stroke": "#000000", "stroke-opacity": 1.0, "stroke-width": 0.4, "fill": "#000000", "fill-opacity": 1.0}}, {"type": "Feature", "geometry": {"type": "Polygon", "coordinates": [[[-81.4640059416202, 37.911031271301], [-81.4642711599935, 37.911164788237], [-81.4643851340118, 37.9111985885543], [-81.4646128974914, 37.9112370763058], [-81.4647290638737, 37.911239861633], [-81.4648880532078, 37.9107983202787], [-81.4659613421308, 37.9088261852284], [-81.465930778955, 37.9088142295523], [-81.465674652063, 37.9092740017741], [-81.4655257650218, 37.9092233069832], [-81.4657704424568, 37.908769618373], [-81.4657359736256, 37.9087516387103], [-81.4656682542776, 37.9088725909854], [-81.4655231976483, 37.9088158423431], [-81.4656059506361, 37.9086615721271], [-81.4655639571756, 37.9086406486054], [-81.4651309436567, 37.9094451448371], [-81.4650201654844, 37.909394298798], [-81.465264996594, 37.9089466493226], [-81.4652000044934, 37.9089227514721], [-81.4653356715476, 37.9086807577935], [-81.465297487899, 37.9086688313766], [-81.4651919079768, 37.9088473449435], [-81.4651040891155, 37.908811459883], [-81.4652735778978, 37.9085029077508], [-81.4652353949144, 37.9084910707359], [-81.4642675437947, 37.9102635060981], [-81.4639483983491, 37.9109981501818], [-81.4640059416202, 37.911031271301]]]}, "properties": {"name": "LWN", "folder": "Lower Winifrede", "style_id": "LWN", "stroke": "#000000", "stroke-opacity": 1.0, "stroke-width": 0.4, "fill": "#000000", "fill-opacity": 1.0}}, {"type": "Feature", "geometry": {"type": "Polygon", "coordinates": [[[-81.4633116584893, 37.9105592935921], [-81.4636283700951, 37.9108136540925], [-81.4636746154599, 37.9108411410085], [-81.4639728578358, 37.9100563785352], [-81.4643191868911, 37.9093940912894], [-81.4642543455068, 37.9093762310113], [-81.4647251324576, 37.9085171512132], [-81.4646678785052, 37.9084933126414], [-81.4650782530697, 37.9077250480385], [-81.4650362023762, 37.9077131375178], [-81.4648894065846, 37.9079943812568], [-81.4648207964018, 37.9079735611864], [-81.4645494976583, 37.9084635865052], [-81.4644617166337, 37.9084337394999], [-81.4647629320664, 37.9078711326899], [-81.4647362572299, 37.9078622250511], [-81.4636514795056, 37.9098192520722], [-81.4633162606729, 37.9105492710847], [-81.4633116584893, 37.9105592935921]]]}, "properties": {"name": "LWN", "folder": "Lower Winifrede", "style_id": "LWN", "stroke": "#000000", "stroke-opacity": 1.0, "stroke-width": 0.4, "fill": "#000000", "fill-opacity": 1.0}}, {"type": "Feature", "geometry": {"type": "Polygon", "coordinates": [[[-81.4735906717925, 37.9093741849529], [-81.4738165265119, 37.9095231615122], [-81.4739580582928, 37.9095791029334], [-81.4739765109223, 37.9095828133645], [-81.4741765630991, 37.9091675922334], [-81.4744991553236, 37.9083845984964], [-81.4744113351343, 37.9083668364523], [-81.4746214789132, 37.9078590092586], [-81.4745337351847, 37.9078352090118], [-81.4746949789241, 37.9074360956026], [-81.4746148561556, 37.9074122632685], [-81.4746147594781, 37.9073972127096], [-81.4745345806036, 37.9073824843464], [-81.4745420280507, 37.9073552344587], [-81.4745115975477, 37.9073463441794], [-81.474488986983, 37.9073856417349], [-81.4744584427218, 37.9073767519005], [-81.4737523432782, 37.9089519092873], [-81.4735906717925, 37.9093741849529]]]}, "properties": {"name": "LWN", "folder": "Lower Winifrede", "style_id": "LWN", "stroke": "#000000", "stroke-opacity": 1.0, "stroke-width": 0.4, "fill": "#000000", "fill-opacity": 1.0}}, {"type": "Feature", "geometry": {"type": "Polygon", "coordinates": [[[-81.4741035540529, 37.9095965428656], [-81.4741582703369, 37.9095963224459], [-81.4742722058044, 37.9096240739579], [-81.4749574541463, 37.9100437475001], [-81.4750787009035, 37.9101293326392], [-81.4751969819169, 37.9096826226984], [-81.4758796876626, 37.9080289612575], [-81.4757880931121, 37.9080081510919], [-81.4758220004176, 37.9079386134879], [-81.475734122421, 37.907911839698], [-81.4758242373124, 37.9077031858053], [-81.4757860525138, 37.907691262797], [-81.4755685267054, 37.9082173280777], [-81.4754349937348, 37.9081846998438], [-81.4756225021422, 37.9077312203482], [-81.4755842970611, 37.9077161435228], [-81.4754568675019, 37.9080306700514], [-81.4753691026978, 37.9080038054023], [-81.4752453861786, 37.9083121885821], [-81.4751118540591, 37.9082795592747], [-81.4751455112866, 37.9081888438182], [-81.4750615199535, 37.908165027411], [-81.4751477312005, 37.9079504405345], [-81.474895871946, 37.9078789934857], [-81.4749671875178, 37.9077006095263], [-81.4749290234416, 37.9076917505641], [-81.4742950459239, 37.9092305660925], [-81.4741035540529, 37.9095965428656]]]}, "properties": {"name": "LWN", "folder": "Lower Winifrede", "style_id": "LWN", "stroke": "#000000", "stroke-opacity": 1.0, "stroke-width": 0.4, "fill": "#000000", "fill-opacity": 1.0}}, {"type": "Feature", "geometry": {"type": "Polygon", "coordinates": [[[-81.4726624097626, 37.9112240414517], [-81.4725646868973, 37.9111168198187], [-81.4722554812879, 37.9107780018981], [-81.4720045600124, 37.9108544469439], [-81.4713166363771, 37.9111017254175], [-81.4713898914036, 37.9112432960484], [-81.4714368940041, 37.9114422942187], [-81.4714681314863, 37.9115598783549], [-81.4715026816407, 37.9116081395443], [-81.4714533503017, 37.911632401767], [-81.471545949163, 37.9118100374721], [-81.4715307632828, 37.911819291533], [-81.4715498198187, 37.9118462540635], [-81.4715993225566, 37.91183100337], [-81.4716416473947, 37.9118851826203], [-81.4716720757539, 37.91187595759], [-81.4717142868987, 37.9119301351567], [-81.4725428920812, 37.9116401096769], [-81.4727799272117, 37.9114376279572], [-81.4728050448114, 37.9114161663415], [-81.4726624097626, 37.9112240414517]]]}, "properties": {"name": "LWN", "folder": "Lower Winifrede", "style_id": "LWN", "stroke": "#000000", "stroke-opacity": 1.0, "stroke-width": 0.4, "fill": "#000000", "fill-opacity": 1.0}}, {"type": "Feature", "geometry": {"type": "Polygon", "coordinates": [[[-81.4595846139549, 37.9088873096349], [-81.4595927586237, 37.9088797963635], [-81.4596866444589, 37.9088307596861], [-81.4598198388791, 37.90881005035], [-81.459933690791, 37.9088252880646], [-81.4600317226432, 37.9088575318842], [-81.4601947640093, 37.9089351277767], [-81.4604396476431, 37.9085279555528], [-81.4603861665634, 37.9085070744144], [-81.4608418457043, 37.9076632093973], [-81.4607960409881, 37.9076513113542], [-81.4607508205568, 37.9077329649278], [-81.4607012066719, 37.9077120694938], [-81.4606597983103, 37.9077665797761], [-81.4606022981746, 37.9077395856427], [-81.4605872041112, 37.9077637987655], [-81.4605223291871, 37.9077398985661], [-81.4604922004059, 37.9077974290649], [-81.4604273631076, 37.9077795666516], [-81.4603586758878, 37.9077646928368], [-81.4602569328835, 37.9079401233183], [-81.4601615350785, 37.9079103930116], [-81.4602406767561, 37.9077591163255], [-81.4600724024333, 37.9076813606705], [-81.4600077342341, 37.9076906264039], [-81.4597365751957, 37.9081896531544], [-81.4594665575872, 37.9088728090337], [-81.4595323591975, 37.9088808440707], [-81.4595846139549, 37.9088873096349]]]}, "properties": {"name": "LWN", "folder": "Lower Winifrede", "style_id": "LWN", "stroke": "#000000", "stroke-opacity": 1.0, "stroke-width": 0.4, "fill": "#000000", "fill-opacity": 1.0}}, {"type": "Feature", "geometry": {"type": "Polygon", "coordinates": [[[-81.4704921989262, 37.9119925302817], [-81.4704693046111, 37.9114522039838], [-81.4700750703322, 37.9099597899027], [-81.4699874209826, 37.9099691529017], [-81.4699756807593, 37.9099118780393], [-81.4699262353854, 37.9099181141556], [-81.469976890486, 37.9101020467344], [-81.4698893756669, 37.9101145643646], [-81.4699244420832, 37.9102441201949], [-81.4698027236723, 37.9102626320422], [-81.469763712954, 37.9101210138439], [-81.4697218696057, 37.9101241558287], [-81.4697220999609, 37.9101603870214], [-81.4696040977807, 37.9101729352762], [-81.4694870674248, 37.9097478093234], [-81.4694376424766, 37.9097571095607], [-81.4695623528976, 37.9102093339414], [-81.4694406146576, 37.9102248705116], [-81.469300069651, 37.9096972706325], [-81.4692506252537, 37.9097035071652], [-81.4696056985914, 37.9110331260312], [-81.4697033123328, 37.9114100197848], [-81.4700973219752, 37.912008799296], [-81.4701918793587, 37.9119762446025], [-81.4703055821248, 37.9119669576011], [-81.4704194102329, 37.9119774985013], [-81.4704921989262, 37.9119925302817]]]}, "properties": {"name": "LWN", "folder": "Lower Winifrede", "style_id": "LWN", "stroke": "#000000", "stroke-opacity": 1.0, "stroke-width": 0.4, "fill": "#000000", "fill-opacity": 1.0}}, {"type": "Feature", "geometry": {"type": "Polygon", "coordinates": [[[-81.4693137149358, 37.9112364514205], [-81.4693290732603, 37.91125459636], [-81.4692720659135, 37.91130610672], [-81.4692344370214, 37.9113816952352], [-81.4691967475735, 37.911448180888], [-81.4691554593836, 37.9115208103913], [-81.4691102270152, 37.9115994928761], [-81.4696531818207, 37.911917198183], [-81.4699422378736, 37.911843670997], [-81.4696652801328, 37.9114222482236], [-81.4693363130602, 37.9112122065702], [-81.4693137149358, 37.9112364514205]]]}, "properties": {"name": "LWN", "folder": "Lower Winifrede", "style_id": "LWN", "stroke": "#000000", "stroke-opacity": 1.0, "stroke-width": 0.4, "fill": "#000000", "fill-opacity": 1.0}}, {"type": "Feature", "geometry": {"type": "Polygon", "coordinates": [[[-81.4649739132029, 37.9112457444222], [-81.465068009268, 37.9112479871061], [-81.4651819692538, 37.911279622186], [-81.465276478764, 37.9113479273821], [-81.4653211766177, 37.9114184122998], [-81.4653306821581, 37.9114466754207], [-81.4654787499859, 37.9114388802455], [-81.465843440759, 37.9106768326899], [-81.4664911720292, 37.909485096656], [-81.4664300669787, 37.9094642491952], [-81.4665430366607, 37.9092494724239], [-81.4665086055475, 37.9092375315274], [-81.4664484139089, 37.9093433119159], [-81.4663643483373, 37.9093075030568], [-81.4665261732743, 37.9089929408371], [-81.4664726883922, 37.9089720631907], [-81.4665403305018, 37.9088209180316], [-81.4665135407879, 37.9088119211241], [-81.4660090086548, 37.9097284640576], [-81.4659135484595, 37.9097077516465], [-81.4663164461015, 37.9089635792296], [-81.4662515688593, 37.9089397709312], [-81.4663495051759, 37.9087763383628], [-81.4663076251961, 37.9087554146579], [-81.4651588522729, 37.9108606114668], [-81.4649739132029, 37.9112457444222]]]}, "properties": {"name": "LWN", "folder": "Lower Winifrede", "style_id": "LWN", "stroke": "#000000", "stroke-opacity": 1.0, "stroke-width": 0.4, "fill": "#000000", "fill-opacity": 1.0}}, {"type": "Feature", "geometry": {"type": "Polygon", "coordinates": [[[-81.460329773798, 37.9090231979929], [-81.4604192685883, 37.9090908951359], [-81.460733583668, 37.9094015131175], [-81.4608479128455, 37.9094930886099], [-81.4609252076951, 37.9095382105821], [-81.4609258823556, 37.9095369461246], [-81.461260918396, 37.9088839066166], [-81.4617505467069, 37.9079946592945], [-81.46168180272, 37.9079707749156], [-81.4623221070034, 37.9068032450625], [-81.4622915266296, 37.9067883128126], [-81.4622350660766, 37.9068911021655], [-81.462170075865, 37.9068672026189], [-81.4620976182202, 37.9068494611741], [-81.4620636797477, 37.906897814511], [-81.4619949375656, 37.9068739288928], [-81.4609517567618, 37.9087976019069], [-81.4608524884827, 37.908767797901], [-81.4617602443074, 37.9071072950908], [-81.4617258149501, 37.9070953520752], [-81.4616279268647, 37.9072677936442], [-81.4615782178774, 37.9072498732313], [-81.4614312206565, 37.9075008292178], [-81.4612975271461, 37.9074411473436], [-81.4612328012789, 37.9074414010057], [-81.4611688298556, 37.9075622445094], [-81.4611001061385, 37.9075415135433], [-81.4604898650764, 37.9086454691616], [-81.460329773798, 37.9090231979929]]]}, "properties": {"name": "LWN", "folder": "Lower Winifrede", "style_id": "LWN", "stroke": "#000000", "stroke-opacity": 1.0, "stroke-width": 0.4, "fill": "#000000", "fill-opacity": 1.0}}, {"type": "Feature", "geometry": {"type": "Polygon", "coordinates": [[[-81.4755910077731, 37.9103668281124], [-81.4759428745315, 37.9105270088369], [-81.4764881960366, 37.9107497658678], [-81.4766261292775, 37.9103529075008], [-81.4766899799919, 37.9102169130185], [-81.4766060050515, 37.9101960726439], [-81.4766998750217, 37.9099874029544], [-81.476612186829, 37.9099727071402], [-81.4767173126031, 37.9097278491689], [-81.4765838156619, 37.9097011706642], [-81.476385072313, 37.9101939928186], [-81.4762705710256, 37.9101672370745], [-81.4765219086161, 37.9095565837339], [-81.4764417632036, 37.9095296883444], [-81.4767156323238, 37.9088857763244], [-81.4766736739994, 37.908870803781], [-81.4764371754212, 37.9094180363162], [-81.4763264465271, 37.9093763031277], [-81.4765928095442, 37.9087323323274], [-81.4765240395053, 37.9087053916291], [-81.4765651815284, 37.9085935537307], [-81.4764888098972, 37.9085697081974], [-81.4764963693374, 37.9085422788888], [-81.476594706693, 37.9083033977149], [-81.4765568751938, 37.9082935451019], [-81.4758170781411, 37.9100889460855], [-81.4758025887572, 37.9100824251999], [-81.4757793091316, 37.9100709827181], [-81.4755910077731, 37.9103668281124]]]}, "properties": {"name": "LWN", "folder": "Lower Winifrede", "style_id": "LWN", "stroke": "#000000", "stroke-opacity": 1.0, "stroke-width": 0.4, "fill": "#000000", "fill-opacity": 1.0}}, {"type": "Feature", "geometry": {"type": "Polygon", "coordinates": [[[-81.4733041555682, 37.9091850738361], [-81.4735256676572, 37.9093312751102], [-81.473710309232, 37.9089250395829], [-81.4743441403257, 37.9073801875943], [-81.4743059755992, 37.9073713284316], [-81.4741783505242, 37.9076735967618], [-81.4740487272328, 37.9076469898835], [-81.4741761427563, 37.9073295800485], [-81.4741342046082, 37.9073176723276], [-81.4741080138031, 37.9073842033903], [-81.4740239099622, 37.9073603866892], [-81.4734353280828, 37.908796358625], [-81.4733041555682, 37.9091850738361]]]}, "properties": {"name": "LWN", "folder": "Lower Winifrede", "style_id": "LWN", "stroke": "#000000", "stroke-opacity": 1.0, "stroke-width": 0.4, "fill": "#000000", "fill-opacity": 1.0}}, {"type": "Feature", "geometry": {"type": "Polygon", "coordinates": [[[-81.4634729056516, 37.9092978342835], [-81.4631681668225, 37.9098995678329], [-81.4632886683528, 37.9102854793868], [-81.4636126705863, 37.9097077343039], [-81.4637594165675, 37.9094173900221], [-81.4636945761791, 37.9093995287275], [-81.4648168847362, 37.9073517726406], [-81.464748291218, 37.907333927442], [-81.4647819995322, 37.9072674588837], [-81.4647171786124, 37.9072525723447], [-81.4647736377483, 37.907149781821], [-81.4647354357129, 37.9071347915835], [-81.4647053291666, 37.9071952966455], [-81.4646518477039, 37.9071563020788], [-81.4634729056516, 37.9092978342835]]]}, "properties": {"name": "LWN", "folder": "Lower Winifrede", "style_id": "LWN", "stroke": "#000000", "stroke-opacity": 1.0, "stroke-width": 0.4, "fill": "#000000", "fill-opacity": 1.0}}, {"type": "Feature", "geometry": {"type": "Polygon", "coordinates": [[[-81.4706832283331, 37.9120318748478], [-81.4707603483782, 37.9120477890276], [-81.4711026001411, 37.9120743590425], [-81.471216556459, 37.9121048172986], [-81.4713926402907, 37.9122267792572], [-81.4715446623447, 37.9122145435569], [-81.471458548591, 37.911858696374], [-81.4711501497692, 37.9106828379385], [-81.4710625953891, 37.9106892270814], [-81.4710157491841, 37.9105143835493], [-81.4709319874553, 37.9105267961012], [-81.4708735741483, 37.9103218940859], [-81.4708316359358, 37.9103280111226], [-81.4710307616948, 37.9110847538182], [-81.4709128157254, 37.9111063161229], [-81.470760672348, 37.9105455975076], [-81.470718827908, 37.9105487384434], [-81.4707774534677, 37.9107869869341], [-81.4706557734353, 37.9108116290285], [-81.4705192237183, 37.9103233112237], [-81.4704431960958, 37.910335602379], [-81.4703690037543, 37.9100642489129], [-81.4703195198722, 37.9100644466631], [-81.4703741002585, 37.9102573756365], [-81.4702903192016, 37.9102667234017], [-81.4706182959432, 37.9115180338382], [-81.4706832283331, 37.9120318748478]]]}, "properties": {"name": "LWN", "folder": "Lower Winifrede", "style_id": "LWN", "stroke": "#000000", "stroke-opacity": 1.0, "stroke-width": 0.4, "fill": "#000000", "fill-opacity": 1.0}}, {"type": "Feature", "geometry": {"type": "Polygon", "coordinates": [[[-81.4675985606535, 37.9114549025148], [-81.4676718888795, 37.9116088229357], [-81.4677881576473, 37.9119688786198], [-81.4679177347003, 37.9121489832664], [-81.4680460980815, 37.9122270658773], [-81.4681460049185, 37.9122666860697], [-81.4686014970556, 37.9123363461737], [-81.4686780778097, 37.912357493494], [-81.4687587971494, 37.9120445117291], [-81.4692860618081, 37.9110917233897], [-81.4692058600698, 37.9110558110437], [-81.4694317910678, 37.9106444598285], [-81.4693935479134, 37.9106234311898], [-81.4693031780848, 37.9107777336707], [-81.4691847371754, 37.9107389987956], [-81.4693279384974, 37.9104848939137], [-81.4692859804145, 37.9104700088676], [-81.4690562580585, 37.9108934529992], [-81.4689454166837, 37.9108334170061], [-81.4690018510525, 37.9107276503457], [-81.4689141251231, 37.9107069102612], [-81.4690122089881, 37.9105313074476], [-81.4689740243666, 37.9105194716605], [-81.4688684903063, 37.9107221437147], [-81.4687462556412, 37.9106773855296], [-81.4689082266379, 37.9103869728772], [-81.4688738898196, 37.9103719685983], [-81.4687722033575, 37.9105535342062], [-81.4686537964173, 37.9105025410288], [-81.4688006793644, 37.910236524299], [-81.4687204976653, 37.9102035865163], [-81.4687505640895, 37.91015515729], [-81.4687162085373, 37.9101371780568], [-81.4685655735428, 37.9104033898827], [-81.4684546963819, 37.9103556118962], [-81.4687070361928, 37.909892782305], [-81.4686270638145, 37.9098749846974], [-81.4686983799128, 37.9097298630918], [-81.4686641571898, 37.9097148568866], [-81.4683249168701, 37.9103228698354], [-81.4682869028588, 37.9103020215905], [-81.4677816756294, 37.9111429572825], [-81.4675985606535, 37.9114549025148]]]}, "properties": {"name": "LWN", "folder": "Lower Winifrede", "style_id": "LWN", "stroke": "#000000", "stroke-opacity": 1.0, "stroke-width": 0.4, "fill": "#000000", "fill-opacity": 1.0}}, {"type": "Feature", "geometry": {"type": "Polygon", "coordinates": [[[-81.4723514673409, 37.9086919276592], [-81.4725608856984, 37.9088506150832], [-81.4727891875766, 37.9089737166048], [-81.4730325579762, 37.9090516021703], [-81.4731703675334, 37.9091128771555], [-81.4733204091277, 37.9087213823177], [-81.4739993198249, 37.907073693135], [-81.4739650023033, 37.9070617546627], [-81.4738373751513, 37.9073641127793], [-81.4737001311524, 37.9073375361935], [-81.4738951714655, 37.9068688872646], [-81.4738532928854, 37.9068660815944], [-81.4737219299838, 37.9071714289149], [-81.4735958861886, 37.9071175886712], [-81.473637146148, 37.9070238680496], [-81.4735531566179, 37.9070000505492], [-81.4736169512401, 37.9068368394193], [-81.473536715717, 37.906813007504], [-81.4736005679867, 37.9066588091134], [-81.4735547240805, 37.9066408775071], [-81.473404811416, 37.9070339058611], [-81.4732788445439, 37.9069921409333], [-81.4734625717082, 37.9065326426851], [-81.4733366264963, 37.9064938527097], [-81.473291651857, 37.9066117422206], [-81.4732039082544, 37.9065879409717], [-81.4725287397428, 37.9082356093043], [-81.4723514673409, 37.9086919276592]]]}, "properties": {"name": "LWN", "folder": "Lower Winifrede", "style_id": "LWN", "stroke": "#000000", "stroke-opacity": 1.0, "stroke-width": 0.4, "fill": "#000000", "fill-opacity": 1.0}}, {"type": "Feature", "geometry": {"type": "Polygon", "coordinates": [[[-81.472166761403, 37.9098544391068], [-81.4717079561985, 37.9097450574438], [-81.4704938625686, 37.9093242361883], [-81.4704600068539, 37.9093847576772], [-81.4702385007454, 37.9093102043655], [-81.4701970421758, 37.9093737311376], [-81.4698420230799, 37.9092514015989], [-81.4697966590204, 37.9093089044315], [-81.4695790196816, 37.9092343344408], [-81.4695563297289, 37.9092616434142], [-81.4710873088919, 37.9097836859434], [-81.471030745194, 37.9098865699805], [-81.4703206774432, 37.9096388492001], [-81.4703056078044, 37.909666039143], [-81.4704277081309, 37.9097078212729], [-81.4703976454643, 37.9097743669696], [-81.4717606008502, 37.9102397496343], [-81.4722141696835, 37.9102770462746], [-81.4722258922751, 37.91020669884], [-81.4722270983469, 37.91019975402], [-81.4722108470459, 37.9101486248931], [-81.472166761403, 37.9098544391068]]]}, "properties": {"name": "LWN", "folder": "Lower Winifrede", "style_id": "LWN", "stroke": "#000000", "stroke-opacity": 1.0, "stroke-width": 0.4, "fill": "#000000", "fill-opacity": 1.0}}, {"type": "Feature", "geometry": {"type": "Polygon", "coordinates": [[[-81.4833676308366, 37.9249745161416], [-81.4833204500904, 37.9249805683329], [-81.4828622846713, 37.9249509947027], [-81.4829742776739, 37.925321147055], [-81.4830048613446, 37.9254392705437], [-81.4831052439694, 37.9255650395886], [-81.4832252293534, 37.9256435002718], [-81.4833155463064, 37.9257611086923], [-81.4834758197142, 37.9259103354412], [-81.4835860507397, 37.9260281322181], [-81.4837061401203, 37.9261222744797], [-81.4837636281684, 37.92623064473], [-81.4838400053006, 37.9263737258052], [-81.4838710164057, 37.9264873415228], [-81.4838340622835, 37.9266129542038], [-81.4837748752785, 37.9267142325181], [-81.4835869193282, 37.9268383026808], [-81.483415273763, 37.926933553581], [-81.4832602204416, 37.9270260315097], [-81.4831348026821, 37.9270393455532], [-81.4830154860696, 37.9270634492364], [-81.482906182789, 37.9270876018379], [-81.4829183411248, 37.9272762820557], [-81.4829339228183, 37.9272752259852], [-81.4830054615495, 37.9272704259136], [-81.4830143159363, 37.9272672350444], [-81.4830238477145, 37.9272632309343], [-81.4830331510424, 37.927258956669], [-81.4830706924006, 37.9272405063141], [-81.4830802221081, 37.9272360508572], [-81.4830897515153, 37.9272316855301], [-81.4830995105455, 37.9272277699062], [-81.4831090458429, 37.9272243051424], [-81.4831186975891, 37.9272211116961], [-81.4831385717417, 37.9272152618259], [-81.4831738984497, 37.9272060130178], [-81.4833205360729, 37.9271491701496], [-81.4833253004728, 37.927146807219], [-81.4833436735909, 37.927137628694], [-81.4833876753201, 37.9271151867167], [-81.4834053672013, 37.9271063714976], [-81.4834234057384, 37.9270980949238], [-81.4834325958226, 37.9270941816095], [-81.4834419023519, 37.9270905389082], [-81.4834521197221, 37.9270869818894], [-81.483459728665, 37.9270846072672], [-81.4834718658659, 37.9270789693849], [-81.4836150162002, 37.9270281784379], [-81.4836223842818, 37.9270239120792], [-81.483639724152, 37.9270132062598], [-81.483656720002, 37.9270022300555], [-81.4836647633869, 37.9269969694961], [-81.4837307971065, 37.9269507328221], [-81.4837466480292, 37.9269386804633], [-81.4837543459281, 37.9269325200246], [-81.4837695091251, 37.9269198388803], [-81.483814087276, 37.9268810802608], [-81.4838293657226, 37.9268684901726], [-81.4838372899835, 37.926862418927], [-81.4838452168992, 37.9268566173538], [-81.4838534866429, 37.9268509052041], [-81.4838680998073, 37.9268411118554], [-81.4838720623823, 37.9268379410356], [-81.4839847408326, 37.9267386050896], [-81.4840546292162, 37.9266383642049], [-81.4840541327354, 37.9266320578978], [-81.4840519256877, 37.926625036184], [-81.4840489198069, 37.9266179283307], [-81.4840451192401, 37.9266108244502], [-81.4840407488693, 37.926603721505], [-81.4840264987817, 37.926582239207], [-81.4840218996795, 37.9265749583515], [-81.4840174131687, 37.9265674953657], [-81.4840133829745, 37.9265602121699], [-81.4840100316209, 37.9265524748311], [-81.4840072471044, 37.9265442838101], [-81.4840051440987, 37.9265359104313], [-81.484003496521, 37.9265274457543], [-81.4840023016951, 37.9265188883816], [-81.4840014535356, 37.9265108703591], [-81.483997076681, 37.9265027767203], [-81.4839789155885, 37.9263708112296], [-81.4839693838184, 37.9263399367714], [-81.4839647227048, 37.9263231918837], [-81.4839627320071, 37.9263147272085], [-81.4839609691789, 37.9263061728752], [-81.4839578983408, 37.9262888799667], [-81.4839521506574, 37.926245371837], [-81.4839496490201, 37.9262282568461], [-81.4839494084675, 37.926226275694], [-81.4839357959739, 37.9261977599685], [-81.4838970340771, 37.9261168029558], [-81.4838879621375, 37.926104132726], [-81.4838801591982, 37.9260942498788], [-81.4837971531922, 37.92599860411], [-81.4837887828539, 37.9259888137186], [-81.4837731935779, 37.9259713025838], [-81.4837473987397, 37.9259417560671], [-81.4837288222697, 37.9259198415718], [-81.4837010701732, 37.9258867873413], [-81.4836298571794, 37.9258022690156], [-81.4836063495727, 37.9257743353952], [-81.4835372448968, 37.9256816051679], [-81.4835362114391, 37.9256801680488], [-81.4835239387213, 37.9256653471328], [-81.4835113282172, 37.9256507979913], [-81.4835106399233, 37.9256500790804], [-81.4834045597513, 37.9255577724836], [-81.483398650186, 37.9255414826417], [-81.4833957761927, 37.9255369879796], [-81.4833916299725, 37.925529344016], [-81.4833878230233, 37.9255215183999], [-81.4833844717912, 37.9255135106531], [-81.4833784484635, 37.9254972226856], [-81.483375663468, 37.9254889415204], [-81.4833703195729, 37.9254722902442], [-81.4833655463511, 37.9254556359195], [-81.4833613399602, 37.9254387990077], [-81.4833607492332, 37.9254354666479], [-81.4833583167948, 37.9254288971961], [-81.4833461289891, 37.9253399895817], [-81.4833278585379, 37.9252084750567], [-81.4833270051587, 37.9251996458845], [-81.4833231893112, 37.9251730741], [-81.4833230825287, 37.9251567604205], [-81.4833226698097, 37.9251458564631], [-81.4833219248239, 37.9251188207151], [-81.4833217478448, 37.9250917826341], [-81.4833221984547, 37.9250738450407], [-81.483322510885, 37.9250694274189], [-81.4833223044095, 37.9250378829908], [-81.4833374239432, 37.9250184430804], [-81.4833385496419, 37.925016455611], [-81.483343052126, 37.9250091373442], [-81.4833477830465, 37.9250018167307], [-81.4833579302303, 37.9249874451887], [-81.4833610883085, 37.9249831961373], [-81.4833676308366, 37.9249745161416]]]}, "properties": {"name": "N2G", "folder": "# Natural Gas", "style_id": "N2G", "stroke": "#ff0000", "stroke-opacity": 1.0, "fill": "#ff0000", "fill-opacity": 1.0}}, {"type": "Feature", "geometry": {"type": "Polygon", "coordinates": [[[-81.4827518899114, 37.9272788577212], [-81.4826785493363, 37.9267298202797], [-81.4826096723947, 37.9263584086664], [-81.4823898349597, 37.9263922072362], [-81.4822321714012, 37.9264159272389], [-81.4821657441603, 37.9264195342144], [-81.4820534115154, 37.9263804276373], [-81.4818660829125, 37.9263219798674], [-81.4817871039566, 37.9263025649117], [-81.4815088676966, 37.9262971242565], [-81.4812701671043, 37.926404632889], [-81.481054066856, 37.9265406203594], [-81.4808379730767, 37.9266601144398], [-81.4805703730785, 37.9268208266187], [-81.4803541890992, 37.9269444654231], [-81.4802406276876, 37.9269613331597], [-81.4801681293402, 37.9269411696383], [-81.4800747713543, 37.9268801717456], [-81.4799865600687, 37.9268232093104], [-81.4799085952434, 37.9267498923149], [-81.4798255026223, 37.9266929074741], [-81.4797427379696, 37.9266687304316], [-81.4795879537615, 37.9266980224712], [-81.479422842529, 37.9267314122006], [-81.4792424873103, 37.9268180393907], [-81.4789694985025, 37.9269378518623], [-81.4786913002289, 37.927061740008], [-81.4784903765141, 37.9271525963653], [-81.4787401907322, 37.927722729254], [-81.4789146137241, 37.9280719917279], [-81.4789215408001, 37.9280697103033], [-81.4789411897117, 37.9280641331502], [-81.4790012809635, 37.9280485665813], [-81.4790211574214, 37.9280429870803], [-81.4790230882387, 37.9280424391489], [-81.4791508509165, 37.9279866697259], [-81.4791576536374, 37.9279830361496], [-81.479175678533, 37.9279726880114], [-81.4792382489266, 37.9279357512797], [-81.4792563875781, 37.9279254019617], [-81.4793020805306, 37.9279001599094], [-81.4793054817497, 37.9278982540444], [-81.4794149147943, 37.9278062361658], [-81.4794237527398, 37.9278003424577], [-81.479424883241, 37.9277993457252], [-81.4794322390724, 37.9277930067038], [-81.4794397095526, 37.9277869376029], [-81.4794553343835, 37.9277749775761], [-81.4794710744356, 37.9277633761868], [-81.4794872749095, 37.9277523143995], [-81.4794956594443, 37.9277469633095], [-81.4795042750688, 37.9277418802569], [-81.4795128921492, 37.9277371584192], [-81.4795224197751, 37.9277326131291], [-81.4795320650033, 37.92772851871], [-81.4795448674692, 37.9277199943827], [-81.4795677080157, 37.927715304708], [-81.4795822421126, 37.9277104686225], [-81.4796027949753, 37.9277040751027], [-81.4796131305, 37.9277011488407], [-81.4796238106038, 37.9276985816907], [-81.4796342619484, 37.9276961056015], [-81.4796446048001, 37.9276941707295], [-81.4796552889836, 37.9276925055574], [-81.4796659766965, 37.927691110054], [-81.4796873526853, 37.927688679559], [-81.4797056606251, 37.9276868917682], [-81.4797091823304, 37.9276861570816], [-81.479850715405, 37.9276659311454], [-81.4798807154615, 37.92765986098], [-81.4799663903598, 37.9276415758374], [-81.4799877540151, 37.9276372519182], [-81.4800092338037, 37.927633289447], [-81.4800183279491, 37.9276318095782], [-81.4800520751968, 37.9276245524026], [-81.4800764604932, 37.9276299508129], [-81.4800844302709, 37.9276308195927], [-81.4800951373013, 37.9276323975352], [-81.4801058425634, 37.9276339768923], [-81.4801272604306, 37.9276378544957], [-81.4801484524775, 37.9276422744968], [-81.4801590510076, 37.9276446647443], [-81.4801694219575, 37.9276473270116], [-81.4801796817633, 37.9276502587112], [-81.4801897163533, 37.9276535525504], [-81.4801994131168, 37.9276573892475], [-81.4802153661827, 37.9276609293212], [-81.4803608135741, 37.927735323299], [-81.4803670226615, 37.9277451213462], [-81.4803741088844, 37.9277499601076], [-81.4803817701673, 37.9277558773689], [-81.4803887546352, 37.9277624282978], [-81.4803947144509, 37.927769163668], [-81.4803997698806, 37.9277765329311], [-81.4804043710535, 37.9277841751404], [-81.4804087464203, 37.9277920886594], [-81.4804127816113, 37.9278001838256], [-81.4804245475992, 37.9278247410976], [-81.4804285827937, 37.9278328362632], [-81.4804329587571, 37.9278408406122], [-81.480437787197, 37.9278485713175], [-81.4804419224093, 37.9278544135452], [-81.4805590432745, 37.9278948533295], [-81.480568356217, 37.9278920219931], [-81.4805782342488, 37.9278887369974], [-81.4805978730019, 37.9278816260026], [-81.4806076337276, 37.9278778007076], [-81.4807082344503, 37.9278274588592], [-81.4807111816608, 37.9278257336587], [-81.4807293191922, 37.9278153848228], [-81.4807470021944, 37.9278048582864], [-81.4808083162089, 37.9277674745031], [-81.4808352968116, 37.927752041573], [-81.4808516184903, 37.9277421507845], [-81.480873392936, 37.927731156864], [-81.4808811040681, 37.9277269787002], [-81.4809746551307, 37.9276774758913], [-81.4809932491965, 37.927667215278], [-81.4810022031135, 37.9276619518829], [-81.4810059441619, 37.9276596833583], [-81.4811020471606, 37.927565284907], [-81.4811763443709, 37.9275297412718], [-81.4812051556253, 37.9275157435448], [-81.4812340759364, 37.9275012947181], [-81.481257551126, 37.9274891206818], [-81.4813760342947, 37.9274067986412], [-81.4813788671117, 37.9274049851708], [-81.4813927909605, 37.9273941119888], [-81.4814008301556, 37.9273880411411], [-81.4814173657223, 37.9273760757202], [-81.4814340165371, 37.927364471751], [-81.4814427413543, 37.9273588480381], [-81.4814513529709, 37.9273533142128], [-81.4814600801363, 37.9273480510063], [-81.4814690351566, 37.9273429678296], [-81.4814782218648, 37.9273382435176], [-81.4814876390561, 37.9273342385923], [-81.4814947914824, 37.9273317758356], [-81.4815079376554, 37.9273235209808], [-81.4816765129802, 37.9272976843087], [-81.4816868618922, 37.9272968314887], [-81.481701864993, 37.9272944267138], [-81.4817349453905, 37.9272895137401], [-81.4817571150147, 37.9272868092326], [-81.4817683730025, 37.927285771721], [-81.4817795189765, 37.9272850057591], [-81.4817907798996, 37.9272844181759], [-81.4818135328526, 37.9272837849484], [-81.481829348016, 37.9272836300656], [-81.4818452681344, 37.9272821221069], [-81.482016397723, 37.9272814212771], [-81.4820302879991, 37.927282716321], [-81.4820567995861, 37.9272827886851], [-81.4820779666348, 37.9272832420466], [-81.4820887792037, 37.927283558269], [-81.4820994779825, 37.9272841460487], [-81.4821100671063, 37.9272850940899], [-81.4821205418472, 37.9272862228574], [-81.4821310198267, 37.9272877114239], [-81.4821522063039, 37.9272911396644], [-81.4821880927902, 37.9272977523247], [-81.4823507652581, 37.927309072862], [-81.4823712466816, 37.9273090790386], [-81.4824053849437, 37.9273094805789], [-81.4824273517229, 37.9273102911165], [-81.4824803934637, 37.9273131380551], [-81.4825012212517, 37.9273137743984], [-81.4825116883454, 37.9273137314811], [-81.4825220416675, 37.9273134186414], [-81.4825323905665, 37.927312565043], [-81.4825427344531, 37.9273110805589], [-81.4825533047368, 37.9273091444989], [-81.4825634166452, 37.9273068498002], [-81.4825735267857, 37.92730428472], [-81.482614644733, 37.9272932104485], [-81.4826249803629, 37.9272904634763], [-81.4826352048705, 37.9272879880511], [-81.4826455458162, 37.9272857825354], [-81.4826560026051, 37.9272840278944], [-81.4826657796405, 37.9272827259831], [-81.4826853195697, 37.9272779591121], [-81.4827452899451, 37.9272787946666], [-81.4827518899114, 37.9272788577212]]]}, "properties": {"name": "N2G", "folder": "# Natural Gas", "style_id": "N2G", "stroke": "#ff0000", "stroke-opacity": 1.0, "fill": "#ff0000", "fill-opacity": 1.0}}, {"type": "Feature", "geometry": {"type": "Polygon", "coordinates": [[[-81.4900219316149, 37.9246485775784], [-81.490088542066, 37.9249468987049], [-81.4900944099967, 37.9249569687534], [-81.4900972436957, 37.9249553346241], [-81.4903755754739, 37.9249070375012], [-81.490295191342, 37.9246076916681], [-81.4902846416979, 37.92461251318], [-81.4900219316149, 37.9246485775784]]]}, "properties": {"name": "N2G", "folder": "# Natural Gas", "style_id": "N2G", "stroke": "#ff0000", "stroke-opacity": 1.0, "fill": "#ff0000", "fill-opacity": 1.0}}, {"type": "Feature", "geometry": {"type": "Polygon", "coordinates": [[[-81.4798022526528, 37.9156367355214], [-81.4798072632553, 37.9156376163891], [-81.4798080610809, 37.915637703266], [-81.4798292464441, 37.9156414917592], [-81.4798488376415, 37.9156451980272], [-81.4798590855313, 37.9156464180572], [-81.4799555761006, 37.9156664839966], [-81.4799869011635, 37.915672484348], [-81.4800077446755, 37.915676185482], [-81.4800184505541, 37.9156778535735], [-81.4800290397241, 37.9156793425852], [-81.4800396289197, 37.9156805619115], [-81.48005010111, 37.9156814197877], [-81.4801296348256, 37.9156829880687], [-81.4801462432815, 37.9156827407568], [-81.4801568207374, 37.9156824272145], [-81.480167284141, 37.9156819331735], [-81.4801777472708, 37.9156812602818], [-81.4801880925099, 37.9156802266481], [-81.4801982081789, 37.9156787433025], [-81.480208091631, 37.9156765398675], [-81.4802180847408, 37.9156737043735], [-81.4802281869313, 37.9156701481016], [-81.480237717373, 37.9156661442184], [-81.480247246354, 37.9156617791182], [-81.4802757133431, 37.9156481435254], [-81.4802949949852, 37.9156392321462], [-81.4803047517669, 37.9156350456665], [-81.4803148536691, 37.9156313098334], [-81.4803246154252, 37.9156280253311], [-81.4803318843406, 37.9156260121112], [-81.4803450446788, 37.9156203703691], [-81.480449558555, 37.9155619911836], [-81.4804502050789, 37.9155565807734], [-81.4804508340302, 37.9155481954568], [-81.4804510064583, 37.9155397232826], [-81.4804509507624, 37.915531160502], [-81.4804509220374, 37.915526744273], [-81.480415151906, 37.9154321641716], [-81.4804066524676, 37.9154197609928], [-81.4803962058633, 37.915405202653], [-81.4803906971265, 37.9153978352225], [-81.4803846178073, 37.915390199028], [-81.4803721193364, 37.9153752885431], [-81.4803530900374, 37.915353014092], [-81.4803408185165, 37.9153380118438], [-81.4803166261915, 37.9153091797081], [-81.4802677580629, 37.9151946442585], [-81.4802656912798, 37.9151915882888], [-81.4802552450144, 37.9151772094893], [-81.4802443434, 37.9151629233806], [-81.4802350526707, 37.9151511550284], [-81.4801635415122, 37.9150710505682], [-81.4801626237872, 37.9150698826285], [-81.4801516236797, 37.9150579409845], [-81.4801321441621, 37.9150363893691], [-81.4801127742985, 37.9150144767849], [-81.4801001636576, 37.914999656857], [-81.480088008374, 37.9149847442365], [-81.4800820434743, 37.9149771983926], [-81.4800763055123, 37.914969560789], [-81.4800710231864, 37.9149620107518], [-81.480060799256, 37.91494682127], [-81.4800511414963, 37.9149313583851], [-81.4800223972587, 37.9148847878281], [-81.4800123997044, 37.9148694171594], [-81.4800072305745, 37.9148617772322], [-81.4800018359746, 37.9148543177793], [-81.4799900184994, 37.9148391347901], [-81.4799591740474, 37.9148018568277], [-81.4799530965792, 37.9147944909909], [-81.4799474718179, 37.9147867620854], [-81.4799420751742, 37.914779123083], [-81.4799371318274, 37.9147712118432], [-81.4799328716461, 37.9147633879469], [-81.4799291788069, 37.9147554716074], [-81.4799258302065, 37.914747734123], [-81.4799185993097, 37.9147379401947], [-81.4798750833147, 37.9146065285212], [-81.4798737657614, 37.9145963492563], [-81.479873644387, 37.9145951780673], [-81.4798722493675, 37.9145905864451], [-81.4798623254822, 37.9146040576165], [-81.4796869778692, 37.9147213986332], [-81.4797500183843, 37.9147761206884], [-81.479826526287, 37.9148726079041], [-81.479902929177, 37.9149351159609], [-81.4799564247237, 37.9150265602439], [-81.4800526889262, 37.9150994429317], [-81.4801322733568, 37.9151436415658], [-81.4802087769728, 37.9152218336578], [-81.4802653058486, 37.9152896500753], [-81.4803090117102, 37.9153627470136], [-81.4803256841438, 37.9154072036562], [-81.480355507379, 37.915479815752], [-81.4803231324983, 37.9155223087584], [-81.4802442828422, 37.9155557981979], [-81.4801325893906, 37.9155599499319], [-81.4800115315117, 37.9155586404452], [-81.4798696550671, 37.9155573262958], [-81.4798090195558, 37.9155575735145], [-81.479807531954, 37.9156264392337], [-81.4798022526528, 37.9156367355214]]]}, "properties": {"name": "N2G", "folder": "# Natural Gas", "style_id": "N2G", "stroke": "#ff0000", "stroke-opacity": 1.0, "fill": "#ff0000", "fill-opacity": 1.0}}, {"type": "Feature", "geometry": {"type": "Polygon", "coordinates": [[[-81.4798235251296, 37.9168099540066], [-81.4798318118656, 37.9168420070261], [-81.4797567076916, 37.9172773682772], [-81.4798582084609, 37.9172977743792], [-81.4799596917363, 37.9173152061916], [-81.4800423854849, 37.9173475859244], [-81.4801853385856, 37.9173916168403], [-81.4803168566088, 37.9174089264984], [-81.4804518208777, 37.9173964778016], [-81.4806770209231, 37.917386635411], [-81.4808004534958, 37.9173504406371], [-81.4809503173812, 37.9173021490919], [-81.4811603672676, 37.9172894842498], [-81.4814016661967, 37.9172358611489], [-81.4814838208806, 37.9172379585657], [-81.4815478010077, 37.9172617613678], [-81.4816330705811, 37.9172879105074], [-81.4816910061655, 37.9173093044719], [-81.4817458682952, 37.9173307109887], [-81.4818341947426, 37.9173544139728], [-81.4819134310626, 37.9173974418222], [-81.4819410386094, 37.9174262603347], [-81.4819841374475, 37.917510354899], [-81.4820211293699, 37.9175824872379], [-81.482085392921, 37.9176496408631], [-81.4822133222424, 37.9176924697407], [-81.4823626250194, 37.9177327759741], [-81.4824843686406, 37.9177515646347], [-81.4825939226882, 37.9177678795292], [-81.4827005481853, 37.9178061077951], [-81.4827981972678, 37.9178634809407], [-81.4828868081018, 37.9179305328305], [-81.4829873759694, 37.9179818544624], [-81.4830812378547, 37.9180514096868], [-81.4831683784471, 37.9181197306169], [-81.4832206208447, 37.9181579119806], [-81.4832625032983, 37.9181947825119], [-81.4833492968863, 37.9182274127585], [-81.4834589604667, 37.9182777052019], [-81.4835667825976, 37.9183596412539], [-81.4836521405932, 37.9184334670417], [-81.483739431346, 37.9185071939882], [-81.4837623891091, 37.9185729849591], [-81.4838512760466, 37.9186645515955], [-81.483912400955, 37.9187384768167], [-81.4839333727817, 37.9187617348147], [-81.4839268060725, 37.9188187229277], [-81.4840072569284, 37.9188901351325], [-81.4841242033485, 37.9189924918168], [-81.4841698292768, 37.9190450298465], [-81.4842124139208, 37.9191020868433], [-81.4842928169013, 37.9191663795227], [-81.4843717962722, 37.9192389685061], [-81.4844657665145, 37.9192900456215], [-81.4845081700146, 37.9193197046069], [-81.484714701944, 37.9192034877546], [-81.4843904340452, 37.9188541291803], [-81.4843702670117, 37.9188323114317], [-81.4843507808235, 37.918810219081], [-81.4843322021437, 37.9187878533078], [-81.4843081126202, 37.9187577597813], [-81.4840686903238, 37.9184557288758], [-81.4839733517978, 37.9183345363394], [-81.4839611937102, 37.9183195354213], [-81.4839485829112, 37.9183048961772], [-81.4839420529323, 37.9182978929313], [-81.4839350675777, 37.9182909809828], [-81.4839278570588, 37.9182844318859], [-81.483919738448, 37.9182783357615], [-81.483911394971, 37.9182725123579], [-81.4839027113665, 37.9182668699069], [-81.4838846644983, 37.9182560377407], [-81.483866280771, 37.9182457491418], [-81.483754041453, 37.9181843817418], [-81.4836608674158, 37.9181331198083], [-81.4832881761346, 37.9179280748289], [-81.483139280639, 37.9178456769346], [-81.4831205552104, 37.9178355691755], [-81.4831017180869, 37.9178256421307], [-81.4830921312379, 37.9178209046217], [-81.4830824303185, 37.9178162570054], [-81.4830726179996, 37.9178119717718], [-81.4830624655528, 37.9178078674882], [-81.4830524286386, 37.9178040324138], [-81.4830314488066, 37.9177969982956], [-81.4830103566796, 37.9177903251524], [-81.4828406133166, 37.9177383860703], [-81.4825331566058, 37.917643929571], [-81.4823845026665, 37.9175985729387], [-81.4823635267918, 37.9175919900362], [-81.4823425470799, 37.9175849550899], [-81.4823322832958, 37.9175812124214], [-81.4823222452727, 37.91757719703], [-81.4823124330245, 37.9175729110281], [-81.4823030720157, 37.9175681725288], [-81.4822940517384, 37.9175630728187], [-81.4822851443317, 37.917557971237], [-81.4822676646482, 37.9175469569414], [-81.4822419545986, 37.9175298482678], [-81.4820630005224, 37.9174087263591], [-81.4820287203793, 37.9173858830467], [-81.4820113542542, 37.9173746879884], [-81.4820024451298, 37.9173693167078], [-81.4819935357107, 37.9173640362613], [-81.4819844022914, 37.9173590257117], [-81.4819750413351, 37.9173542878899], [-81.4819654557952, 37.917349730542], [-81.4819459445758, 37.9173410671799], [-81.4819162825157, 37.9173286613511], [-81.4817863564691, 37.9172761070397], [-81.4816566566589, 37.9172234608244], [-81.4815868438682, 37.9171949959198], [-81.4814773310017, 37.9171499286085], [-81.4814572563453, 37.9171420786353], [-81.4814472201959, 37.9171383342536], [-81.4814370714603, 37.9171347712947], [-81.4814268098279, 37.9171314784811], [-81.4814165520177, 37.9171286355943], [-81.4814060705054, 37.9171262449731], [-81.4813952500324, 37.9171244873482], [-81.4813842076098, 37.9171234509617], [-81.4813731678385, 37.9171226849519], [-81.4813617876359, 37.9171221900178], [-81.4813505229668, 37.9171219657026], [-81.4813165049549, 37.9171218351479], [-81.4811798746193, 37.9171229339232], [-81.480872933119, 37.9171243694391], [-81.4807364138894, 37.9171251975613], [-81.480702283277, 37.9171252468438], [-81.4806796407558, 37.9171248879737], [-81.4806683746349, 37.9171243037854], [-81.48065722021, 37.9171235374725], [-81.4806460634439, 37.9171224113543], [-81.4806350154507, 37.9171206538844], [-81.4806240809452, 37.9171187163952], [-81.4806131455652, 37.9171165078158], [-81.4805913817977, 37.9171114586067], [-81.4805589040512, 37.9171031197595], [-81.4803968475666, 37.9170606987715], [-81.4800832236419, 37.9169793304994], [-81.4799961584092, 37.9169569729954], [-81.4798971301769, 37.9169319596196], [-81.4798760467982, 37.9169262780051], [-81.4798661297887, 37.9169233434637], [-81.4798567795615, 37.9169202277597], [-81.4798484541174, 37.9169171071727], [-81.4798414921148, 37.9169137106374], [-81.4798365770364, 37.9169100346636], [-81.4798341607094, 37.9169059893921], [-81.4798348166737, 37.9169017499272], [-81.4798379713885, 37.9168971411648], [-81.4798428317268, 37.9168922543555], [-81.4798488294416, 37.9168871819455], [-81.479855849588, 37.9168820166452], [-81.4798634370865, 37.9168767581976], [-81.4798869989094, 37.9168608894629], [-81.4798944741068, 37.9168557208965], [-81.4799016077101, 37.9168506452603], [-81.4799076057045, 37.9168457538093], [-81.4799123549095, 37.9168411371347], [-81.4799153984962, 37.9168367992118], [-81.4799160556056, 37.9168330103892], [-81.4799133041326, 37.9168297769473], [-81.4799082799838, 37.9168268238654], [-81.4799014367158, 37.9168243274404], [-81.4798931171363, 37.9168221081274], [-81.479883888906, 37.9168199833526], [-81.4798715848573, 37.9168175091922], [-81.4798369668383, 37.9168124235335], [-81.4798235251296, 37.9168099540066]]]}, "properties": {"name": "N2G", "folder": "# Natural Gas", "style_id": "N2G", "stroke": "#ff0000", "stroke-opacity": 1.0, "fill": "#ff0000", "fill-opacity": 1.0}}, {"type": "Feature", "geometry": {"type": "Polygon", "coordinates": [[[-81.4714654351214, 37.9300286766837], [-81.4716108111437, 37.9300214252826], [-81.4718841820261, 37.9299931997435], [-81.472093729013, 37.9299670336312], [-81.4722032846095, 37.9299811048844], [-81.4722329720368, 37.9299972097345], [-81.4722789940311, 37.9300584024023], [-81.4723136717033, 37.9301251398812], [-81.4724009106089, 37.9302259140894], [-81.4724902412375, 37.93029774973], [-81.4725795571161, 37.9303497555033], [-81.4727366148912, 37.9303184806946], [-81.4729213285848, 37.9302879958277], [-81.473119572134, 37.9302378989175], [-81.4731936604752, 37.9302220072393], [-81.4733535436268, 37.9301876558499], [-81.4734462040095, 37.9301755669778], [-81.4735768400223, 37.9301586370762], [-81.4736499445946, 37.9301490609387], [-81.4736705247234, 37.930146453776], [-81.4740055275966, 37.9301474482011], [-81.4742487664055, 37.930158184274], [-81.4744061618488, 37.930197477833], [-81.4744716183949, 37.9302371405089], [-81.4745402376418, 37.9302908512703], [-81.4746233698254, 37.9303187264744], [-81.4746976503649, 37.9303324877297], [-81.4747814901732, 37.9300104779861], [-81.4748219951725, 37.9298506061157], [-81.4749202294029, 37.9294490434033], [-81.4749367982191, 37.9294244613581], [-81.4749265508491, 37.9294233310345], [-81.4748723482254, 37.92941724002], [-81.4748611977978, 37.9294173751453], [-81.4748501614309, 37.9294176907721], [-81.474839013897, 37.9294182758261], [-81.4748280971511, 37.9294192218734], [-81.4746848893003, 37.9294450351404], [-81.4746397145856, 37.9294449469702], [-81.4746341396591, 37.9294450595855], [-81.4746000050672, 37.9294453775171], [-81.4745772467412, 37.9294452890427], [-81.4745545989993, 37.9294448403048], [-81.4745492499064, 37.9294446816174], [-81.4745142030154, 37.9294445518523], [-81.47436554773, 37.9294196452966], [-81.4743607678736, 37.9294193934725], [-81.4743381204505, 37.9294188545623], [-81.4743153615534, 37.9294186759103], [-81.4742812258133, 37.9294188134954], [-81.4742357114929, 37.9294189969268], [-81.4742128422834, 37.9294193594753], [-81.4741796194086, 37.9294200334241], [-81.4741676745292, 37.9294203526478], [-81.4740183952803, 37.9294398805156], [-81.4739887735602, 37.9294518976075], [-81.4739790116953, 37.929455631525], [-81.4739693604165, 37.9294590051832], [-81.4739597065587, 37.9294618387792], [-81.4739501595339, 37.9294635889839], [-81.4739404920994, 37.9294641693999], [-81.4739311538259, 37.9294631254574], [-81.4739218109665, 37.9294610901102], [-81.4739125737472, 37.92945806221], [-81.4739032199015, 37.9294543151524], [-81.4738938634232, 37.9294502963085], [-81.4738656712346, 37.9294369805684], [-81.473861562218, 37.9294350142696], [-81.4737212556459, 37.9293986268559], [-81.4737112338185, 37.9293973145556], [-81.473700529549, 37.9293961859643], [-81.4736892584008, 37.9293952406167], [-81.4736819732155, 37.9293948185912], [-81.4735827468169, 37.9293944068005], [-81.4735756932596, 37.9293946161498], [-81.473564431932, 37.929395201541], [-81.4735532861333, 37.9293960582625], [-81.473542257895, 37.9293973644523], [-81.4735314583358, 37.9293991196634], [-81.4735207789732, 37.9294015968328], [-81.4735104426486, 37.9294046119885], [-81.4735001104177, 37.9294079883483], [-81.4734898928167, 37.9294116346339], [-81.4734795617006, 37.9294154623382], [-81.4734390410423, 37.9294312177423], [-81.4734186066672, 37.9294387799826], [-81.4734080471224, 37.9294423375074], [-81.4733943067737, 37.9294467189912], [-81.4733814790219, 37.9294514573195], [-81.4732367787135, 37.9295108043465], [-81.473204361284, 37.9295304927727], [-81.4731864498342, 37.9295408388364], [-81.4731590097759, 37.9295560916027], [-81.4731404118203, 37.9295659897731], [-81.47313111287, 37.9295708047193], [-81.4731215848752, 37.9295755297522], [-81.4731130763289, 37.9295795289469], [-81.473092553509, 37.9295910578806], [-81.4730642623538, 37.9295976609271], [-81.4730614229034, 37.9295984842099], [-81.4730508601604, 37.9296014101062], [-81.4730293898121, 37.9296069943024], [-81.4729968966425, 37.9296148760343], [-81.4729750794196, 37.9296197405802], [-81.4729532596186, 37.9296240643566], [-81.4729412130333, 37.9296262758763], [-81.4729289414546, 37.929629029779], [-81.4727623167938, 37.9296587202472], [-81.4727496969188, 37.9296603939787], [-81.4727469695083, 37.9296609450075], [-81.4727268535934, 37.9296648119543], [-81.472714771746, 37.9296617960916], [-81.4726722844848, 37.9296549366714], [-81.4726517374997, 37.9296446536245], [-81.4726279658083, 37.929628615953], [-81.4725908191543, 37.929602807895], [-81.4725579917819, 37.9295762614454], [-81.4725355622308, 37.9295564336376], [-81.4725169020464, 37.929538843219], [-81.4724839280659, 37.9295071599654], [-81.4724435188105, 37.9294693777591], [-81.472431048088, 37.9294587918606], [-81.4724191529636, 37.9294491063515], [-81.4723738673937, 37.9294140475768], [-81.4723290589643, 37.9293821406916], [-81.4723123842389, 37.9293726546145], [-81.472284764221, 37.9293595164568], [-81.4722406000041, 37.9293395047277], [-81.4722150491658, 37.9293297824603], [-81.4721654927098, 37.9293207888234], [-81.4721537575345, 37.9293183122878], [-81.4721011314938, 37.9293096006237], [-81.4720526518838, 37.9293087135548], [-81.4720366106687, 37.9293093179739], [-81.4719874503866, 37.9293086138672], [-81.4719334321564, 37.9293135179453], [-81.4719283149403, 37.9293141686686], [-81.4718736119964, 37.9293186248185], [-81.4718266524912, 37.9293241307436], [-81.4718047019018, 37.9293259305061], [-81.4717599011726, 37.929330796844], [-81.4717248747542, 37.9293340016554], [-81.4716756334419, 37.9293387055033], [-81.4716461796376, 37.9293414373081], [-81.4716211528487, 37.9293423487765], [-81.4715508657726, 37.9293478586558], [-81.4715323238782, 37.929348744119], [-81.4715134282716, 37.9293475573177], [-81.471478728802, 37.9293485075125], [-81.4714740005376, 37.9293387924886], [-81.4714590268368, 37.9293102814813], [-81.4714562672038, 37.9293057860708], [-81.471451095313, 37.9292978754098], [-81.4714453565352, 37.9292901472784], [-81.4714396189096, 37.9292825994007], [-81.471427348627, 37.9292675969587], [-81.4714147378347, 37.9292528669717], [-81.4713529522533, 37.9291818221652], [-81.471347337633, 37.9291757151553], [-81.4712723957926, 37.929093727926], [-81.4712657603122, 37.929087986222], [-81.4712584400814, 37.9290820670011], [-81.471250779908, 37.9290765096585], [-81.4712425577599, 37.9290717650257], [-81.4712335413736, 37.9290676558865], [-81.4712238471877, 37.929064179662], [-81.4712139288835, 37.9290612451102], [-81.4712035571601, 37.929058582057], [-81.4711930742712, 37.9290561905401], [-81.4711613965259, 37.9290491978639], [-81.4711511388571, 37.9290467153123], [-81.471140767138, 37.9290440522535], [-81.4711306215875, 37.9290410291792], [-81.4711212667219, 37.9290373706249], [-81.4711122512355, 37.9290332614728], [-81.4711058554161, 37.9290294108121], [-81.4710889870197, 37.929025062004], [-81.4709728686812, 37.9289631579972], [-81.4709720730741, 37.9289631611814], [-81.470950906736, 37.928962885375], [-81.470929401917, 37.9289630615661], [-81.4708599946974, 37.9289636096933], [-81.4708472208712, 37.9289589740787], [-81.4708079934049, 37.9289458820153], [-81.4707495055513, 37.9289279098749], [-81.4707332012622, 37.9289226567614], [-81.470725566433, 37.9289210656781], [-81.4706902560158, 37.928915257679], [-81.4706317069754, 37.9289056684576], [-81.4706192966697, 37.9289043654458], [-81.4706053016808, 37.9289045115437], [-81.470521658746, 37.9289031342594], [-81.4705055024107, 37.9289033784126], [-81.4704914022518, 37.9289048768576], [-81.4703964393781, 37.9289127372315], [-81.4703917761718, 37.9289132065186], [-81.4703883660691, 37.92891376163], [-81.4703699501066, 37.9289165384186], [-81.4702924204374, 37.9289281144569], [-81.4702780955739, 37.9289300651253], [-81.4702575208755, 37.9289332117448], [-81.4701983056661, 37.9289440829225], [-81.4701644292672, 37.9289491760946], [-81.4701167920573, 37.9289553149505], [-81.4701013316231, 37.9289576299472], [-81.4700507353531, 37.9289639601518], [-81.4699942938973, 37.9289635553877], [-81.4699933845049, 37.9289635590198], [-81.4699369410041, 37.9289629725693], [-81.4698923910925, 37.9289535974624], [-81.4698527192897, 37.928942038349], [-81.4698229734543, 37.9289347672103], [-81.4698098529219, 37.9289291414443], [-81.4697905563915, 37.9289188529028], [-81.4697416906446, 37.9288930005938], [-81.4697087907057, 37.928872583132], [-81.4696789646334, 37.9288526927602], [-81.4696559852354, 37.9288355704735], [-81.4696509451237, 37.9288304525118], [-81.4696438480305, 37.9288238112645], [-81.4696292021523, 37.9288110720515], [-81.4695758995232, 37.9287673016393], [-81.4695609119932, 37.9287546532061], [-81.469555191793, 37.928749808342], [-81.4695085604124, 37.9287172774475], [-81.469439020205, 37.9286789802211], [-81.4694370824216, 37.928678446471], [-81.4694084745798, 37.9286711706871], [-81.469370222931, 37.9286501421633], [-81.4693675978659, 37.9286488915268], [-81.4693659997189, 37.9286480860329], [-81.469361208991, 37.9286463933875], [-81.4692898136355, 37.9286205399135], [-81.4692680295265, 37.9286124250142], [-81.4692625434928, 37.9286087522917], [-81.4692543114692, 37.928602565489], [-81.4692466481223, 37.9285961975675], [-81.469239778341, 37.9285896455184], [-81.4692329065858, 37.9285826428299], [-81.4692262627128, 37.9285755483989], [-81.4692199584258, 37.9285684540217], [-81.4691804441852, 37.9285277829751], [-81.4691787267876, 37.9285262569192], [-81.4691707238198, 37.9285201607348], [-81.4691622671129, 37.9285144261722], [-81.4691547264058, 37.9285095885464], [-81.4690373380388, 37.9285159156023], [-81.4690352930324, 37.9285165539546], [-81.4690330308322, 37.9285185465211], [-81.4690259024874, 37.9285248839874], [-81.4690184304976, 37.9285308623056], [-81.4690103867213, 37.9285363922554], [-81.4690019975781, 37.9285412919715], [-81.4689932602144, 37.9285451122267], [-81.4689839484581, 37.9285482137355], [-81.468974406586, 37.9285507753846], [-81.468964407285, 37.9285529783385], [-81.4689541775566, 37.9285547322671], [-81.4689440598858, 37.9285562139519], [-81.4689337132492, 37.928557336735], [-81.46892677583, 37.9285579058601], [-81.4689160740405, 37.9285571373404], [-81.4689102670166, 37.9285565288703], [-81.4689030963042, 37.92855619763], [-81.4688675880809, 37.9285551674308], [-81.4688481117741, 37.9285520897981], [-81.4688122246886, 37.9285452935172], [-81.4688010724031, 37.9285449774286], [-81.4687483274711, 37.9285354535708], [-81.46873899059, 37.9285343190807], [-81.4687164477721, 37.9285324253224], [-81.4687017641635, 37.9285314923843], [-81.4685705388754, 37.9285450844339], [-81.4685670227348, 37.9285467200587], [-81.4685577201118, 37.9285512635672], [-81.4685392344329, 37.9285609817156], [-81.4685212073146, 37.9285712381073], [-81.4685118006814, 37.928577043133], [-81.4684251314082, 37.9286367841083], [-81.4684153696815, 37.9286404274354], [-81.4684100412465, 37.9286435137473], [-81.4684011957729, 37.9286482356824], [-81.4683921224071, 37.9286530479492], [-81.4683829347507, 37.9286575008569], [-81.4683640987745, 37.9286659585609], [-81.4683450329913, 37.9286737848629], [-81.4683354976281, 37.92867751882], [-81.4683256189355, 37.9286808027918], [-81.4683156247378, 37.9286838161303], [-81.4683055139006, 37.9286863799895], [-81.4682956266305, 37.9286883120526], [-81.4682853966124, 37.9286898856656], [-81.4682806216489, 37.9286905348684], [-81.4682731275422, 37.9286931784412], [-81.4682235013322, 37.9287087880278], [-81.4681200462425, 37.9287411962423], [-81.468109354779, 37.9287417788444], [-81.4681069695555, 37.9287426002009], [-81.4680968653059, 37.9287460653095], [-81.4680870949136, 37.9287486270915], [-81.4680770949917, 37.9287507405473], [-81.4680670930924, 37.928752401955], [-81.4680567472438, 37.9287537957501], [-81.4680465125677, 37.9287549173058], [-81.4680361632858, 37.9287557696325], [-81.4680258126117, 37.9287562621506], [-81.4680154593301, 37.928756483586], [-81.4680051028742, 37.9287563445156], [-81.4679948576644, 37.9287556642258], [-81.4679843817749, 37.928754353947], [-81.4679739006759, 37.9287525022077], [-81.4679644437097, 37.9287503767109], [-81.4679553440341, 37.9287510445067], [-81.4677891970252, 37.928712318562], [-81.4677813050068, 37.928706040175], [-81.467777430042, 37.9287050641555], [-81.4677676268514, 37.9287023098178], [-81.4677581636164, 37.9286991929064], [-81.467748923319, 37.9286956244613], [-81.4677404758369, 37.9286913318294], [-81.4677322511002, 37.9286861363139], [-81.4677248170878, 37.9286803074535], [-81.467717721894, 37.9286739364699], [-81.4677108528761, 37.9286672040696], [-81.4676909230214, 37.9286465542318], [-81.4676839393348, 37.9286398222855], [-81.4676768435732, 37.9286333604681], [-81.4676695225358, 37.9286272614713], [-81.4676614086807, 37.9286218859555], [-81.4676531882106, 37.9286175022857], [-81.4676482832241, 37.9286154480988], [-81.4675165286714, 37.9285814520722], [-81.4675115167638, 37.9285804812649], [-81.4673683511042, 37.9285593280704], [-81.4673637994685, 37.9285591658889], [-81.4673684124737, 37.9285688822428], [-81.4673686939896, 37.9285953784518], [-81.467364573316, 37.9290587498279], [-81.4674265635347, 37.9290730151412], [-81.4674733924473, 37.9291007692204], [-81.4675526705922, 37.9291495740509], [-81.4676193464372, 37.9292207823931], [-81.4677015951449, 37.9293075197722], [-81.4677581969183, 37.9293510075293], [-81.4677731762091, 37.9293626655054], [-81.4677851834278, 37.9293719010977], [-81.4677911254134, 37.9293758424642], [-81.4678145494204, 37.9293913417226], [-81.4678759105961, 37.9294318362331], [-81.4679237015736, 37.9294316462088], [-81.4679672604452, 37.9294281382095], [-81.4680074219205, 37.9293912965528], [-81.4680234854944, 37.9293765415827], [-81.468106111809, 37.9292891472815], [-81.4682378298856, 37.9291736182015], [-81.468245318263, 37.9291703437484], [-81.4683461968709, 37.9291263204016], [-81.4685023316079, 37.9290931621976], [-81.4686387779623, 37.9290774764554], [-81.4688107185271, 37.9290785047518], [-81.4688825209587, 37.9290966043597], [-81.4689217246447, 37.9291062729492], [-81.4689255996454, 37.9291072489307], [-81.4690680409809, 37.9291396685757], [-81.4690937948567, 37.929145603878], [-81.4692762423354, 37.9291885891793], [-81.46939951323, 37.9292481243757], [-81.4694900010573, 37.9293239219833], [-81.46951289114, 37.9293627672362], [-81.4695869972983, 37.9294387209601], [-81.4697023525835, 37.9295419994458], [-81.4697129865525, 37.9295502488989], [-81.4697907427781, 37.9296097836785], [-81.4700016193974, 37.9295960538311], [-81.4701802737246, 37.9295609100366], [-81.4702040248621, 37.9295562199479], [-81.4703837353465, 37.929490698039], [-81.4705001179022, 37.9294334512887], [-81.4705656284403, 37.9294283223588], [-81.4707155381338, 37.9294362843858], [-81.4707725908431, 37.9294432672073], [-81.4708369661705, 37.9295279107796], [-81.4709289365876, 37.9296394840929], [-81.4710217134306, 37.9297880965535], [-81.4710233236865, 37.9297907932838], [-81.4710628957112, 37.9299115891426], [-81.4710751971312, 37.9299311873877], [-81.4710797960244, 37.9299387412491], [-81.4711066990441, 37.9299818949199], [-81.471166028304, 37.9300068935955], [-81.4712438960812, 37.9300481314107], [-81.4713235570718, 37.9300315890957], [-81.4714147002927, 37.9300312240071], [-81.4714654351214, 37.9300286766837]]]}, "properties": {"name": "N2G", "folder": "# Natural Gas", "style_id": "N2G", "stroke": "#ff0000", "stroke-opacity": 1.0, "fill": "#ff0000", "fill-opacity": 1.0}}, {"type": "Feature", "geometry": {"type": "Polygon", "coordinates": [[[-81.4773182033237, 37.9160867585027], [-81.477317843886, 37.9161190256232], [-81.4772682070485, 37.9161842103068], [-81.4771981980106, 37.9163362730002], [-81.4773213328507, 37.9163949887491], [-81.477470130594, 37.9164461195064], [-81.4775634503277, 37.9165209081758], [-81.4777643802433, 37.9166110333398], [-81.4780293376309, 37.9167148681828], [-81.4782314862005, 37.9167821855334], [-81.478394641502, 37.9168365915632], [-81.4784209597089, 37.9167545568619], [-81.4785086039786, 37.9165151770991], [-81.4785133406842, 37.9165087579412], [-81.478511288533, 37.9165079551195], [-81.4784075884573, 37.916464213247], [-81.478387200177, 37.9164604212588], [-81.4783549668035, 37.9164548741182], [-81.4783335519923, 37.9164508152004], [-81.4783230712568, 37.9164485144303], [-81.478312701343, 37.9164460329498], [-81.4783024425826, 37.9164430102395], [-81.4782930936705, 37.9164398035718], [-81.478283854413, 37.9164362359396], [-81.4782748421265, 37.9164323061622], [-81.4782569263351, 37.9164240877575], [-81.4782409498389, 37.9164164015426], [-81.4782398095425, 37.9164161357878], [-81.4780847294171, 37.9163613355114], [-81.4780692234638, 37.9163561716919], [-81.4780614719578, 37.9163536795529], [-81.478030805125, 37.9163440701319], [-81.4779904440352, 37.916330624507], [-81.4779602293952, 37.916320292195], [-81.4779408411194, 37.9163130697382], [-81.4779387895629, 37.9163123570335], [-81.4779276160464, 37.9163086169693], [-81.4777701709007, 37.9162576120239], [-81.477768459172, 37.9162568078072], [-81.4777552422852, 37.9162536175028], [-81.4777348435694, 37.9162484727967], [-81.4777248141348, 37.9162457187894], [-81.4777147835441, 37.9162427859352], [-81.4777048649665, 37.9162395815328], [-81.47769482971, 37.9162359269556], [-81.4776849070495, 37.9162320909573], [-81.4776653998505, 37.9162237887918], [-81.4776366447106, 37.9162105663281], [-81.4776175861398, 37.9162015405936], [-81.4775985275984, 37.9161922437632], [-81.4775509292267, 37.9161681026481], [-81.477531982996, 37.9161587152216], [-81.4775126986983, 37.9161496903859], [-81.4775027737373, 37.9161454952717], [-81.4774929642815, 37.9161415686683], [-81.4774832726749, 37.9161382731968], [-81.4774735825108, 37.9161353382366], [-81.4774636662929, 37.9161324950264], [-81.4774437229931, 37.9161272575883], [-81.4774037264472, 37.9161172352039], [-81.4773838942893, 37.9161117276204], [-81.4773740900911, 37.9161086128555], [-81.4773646260245, 37.9161053164511], [-81.4773547042964, 37.9161014818293], [-81.4773508257898, 37.9160998745252], [-81.4773356667556, 37.9160957006262], [-81.4773338444841, 37.9160952566653], [-81.4773182033237, 37.9160867585027]]]}, "properties": {"name": "N2G", "folder": "# Natural Gas", "style_id": "N2G", "stroke": "#ff0000", "stroke-opacity": 1.0, "fill": "#ff0000", "fill-opacity": 1.0}}, {"type": "Feature", "geometry": {"type": "Polygon", "coordinates": [[[-81.493613392592, 37.9289983504171], [-81.493630082442, 37.9290780441036], [-81.4936754034747, 37.9291679839502], [-81.4938756524793, 37.9294375314787], [-81.493907887789, 37.9295275247395], [-81.4939441039121, 37.9298211940988], [-81.49402789062, 37.9299292678638], [-81.4941615653466, 37.9299251028308], [-81.494309708415, 37.9299063639494], [-81.4943011635021, 37.9298026610752], [-81.4943001636222, 37.9296533218076], [-81.4943341869615, 37.9295685468129], [-81.4942788234514, 37.9294401649225], [-81.494194186082, 37.9293585027721], [-81.4941138117179, 37.9292845737756], [-81.4940245441874, 37.9291569643138], [-81.4939758609375, 37.9290403611584], [-81.4939372405124, 37.9289145225575], [-81.4938542821396, 37.9289474975329], [-81.493613392592, 37.9289983504171]]]}, "properties": {"name": "N2G", "folder": "# Natural Gas", "style_id": "N2G", "stroke": "#ff0000", "stroke-opacity": 1.0, "fill": "#ff0000", "fill-opacity": 1.0}}, {"type": "Feature", "geometry": {"type": "Polygon", "coordinates": [[[-81.4929557350242, 37.9277598454066], [-81.4930871232868, 37.9277888587588], [-81.4933912447283, 37.9278015533886], [-81.49376710624, 37.9277882608005], [-81.4939601903808, 37.9278037631724], [-81.4940188259155, 37.9278262303149], [-81.4940948902578, 37.9276643084577], [-81.494091955618, 37.9276338577851], [-81.4940803118701, 37.9275093487032], [-81.4940023459236, 37.9274889455828], [-81.4937900448084, 37.9274752356674], [-81.4936831447252, 37.9274839767816], [-81.4936630229858, 37.9274865848146], [-81.4935275023954, 37.9275034659462], [-81.4934147581036, 37.9275229560077], [-81.4932767097737, 37.9275360627233], [-81.4931962278761, 37.9275309021686], [-81.4931393588619, 37.9275344752801], [-81.4930444275098, 37.9275123407364], [-81.4929716621407, 37.9274868686067], [-81.4929734644151, 37.9275522956261], [-81.4929557350242, 37.9277598454066]]]}, "properties": {"name": "N2G", "folder": "# Natural Gas", "style_id": "N2G", "stroke": "#ff0000", "stroke-opacity": 1.0, "fill": "#ff0000", "fill-opacity": 1.0}}, {"type": "Feature", "geometry": {"type": "Polygon", "coordinates": [[[-81.4848737444018, 37.9193748002831], [-81.4848347760923, 37.9194006477187], [-81.4847629561718, 37.9194655656795], [-81.4848871408885, 37.9195610419374], [-81.484987699936, 37.9196104698583], [-81.485130623982, 37.9197354303796], [-81.4851916837714, 37.919816295152], [-81.4852320695765, 37.9199195972334], [-81.4852828181489, 37.9200245697313], [-81.4852786096344, 37.9199899766796], [-81.4852663029368, 37.9198833141781], [-81.4852628294813, 37.9198568311513], [-81.4852612930178, 37.9198480949317], [-81.4852596427792, 37.919839358477], [-81.48525753954, 37.9198308055573], [-81.4852547533751, 37.9198223448788], [-81.4852516267861, 37.9198141559921], [-81.4852474798147, 37.9198062417009], [-81.485242649626, 37.9197985104855], [-81.4852373673126, 37.9197909606887], [-81.4852316284409, 37.9197833233489], [-81.4852256635131, 37.9197760481626], [-81.4852132806434, 37.9197614081193], [-81.4851238672327, 37.9196595699513], [-81.4849460644964, 37.9194555286665], [-81.4849077788161, 37.919412063069], [-81.4848878378335, 37.9193900642218], [-81.4848737444018, 37.9193748002831]]]}, "properties": {"name": "N2G", "folder": "# Natural Gas", "style_id": "N2G", "stroke": "#ff0000", "stroke-opacity": 1.0, "fill": "#ff0000", "fill-opacity": 1.0}}, {"type": "Feature", "geometry": {"type": "Polygon", "coordinates": [[[-81.4853805044823, 37.9204330833841], [-81.485382618899, 37.9204949949857], [-81.4853643248897, 37.9205504099018], [-81.4853598654785, 37.9205817933323], [-81.4853512974348, 37.9206457297241], [-81.4853835407292, 37.9207043618299], [-81.4853969454792, 37.9208050705287], [-81.485416654299, 37.9208956601355], [-81.4854615919731, 37.920964333646], [-81.4855489565755, 37.9210311196404], [-81.4856444859665, 37.9210592964869], [-81.4857527371808, 37.9210672310532], [-81.4858290757896, 37.9210837701355], [-81.4858951786046, 37.9211355026047], [-81.4859338671433, 37.9212226761484], [-81.4860093664351, 37.9214054179117], [-81.4860589440621, 37.9215395961016], [-81.4860893146213, 37.9216418569604], [-81.486130485464, 37.9217777837044], [-81.4861673587008, 37.9219002073665], [-81.4861914771835, 37.9220209705463], [-81.4862093250701, 37.9220703778481], [-81.4862096027815, 37.9221125579623], [-81.4862227021458, 37.9221666716082], [-81.4862573240707, 37.9222408853091], [-81.4862767754103, 37.922274603459], [-81.4863025634243, 37.9223031573411], [-81.4863092680652, 37.9223538724831], [-81.4863183021121, 37.9224299050612], [-81.4863060270171, 37.9225009770417], [-81.4863020816369, 37.9225584057661], [-81.4863109708788, 37.9226124466657], [-81.4863732643316, 37.9226730265658], [-81.4864248977415, 37.9227387885733], [-81.4864466665707, 37.9227961110114], [-81.4864513099559, 37.9228620658227], [-81.4864516994296, 37.9229211897922], [-81.4864351228812, 37.9229956150518], [-81.4865958306468, 37.9230895872195], [-81.4869138268124, 37.9229836303184], [-81.4869308138612, 37.9229887882413], [-81.4869281310547, 37.9229787949806], [-81.4869103724341, 37.922908386578], [-81.4869097716353, 37.9228172682586], [-81.4869092710752, 37.9228105106259], [-81.4869084172989, 37.9228016814789], [-81.4869069949501, 37.9227930356472], [-81.4869052318606, 37.9227844799463], [-81.4869024453969, 37.9227760200171], [-81.486898751403, 37.9227681039149], [-81.4868942636543, 37.9227604614847], [-81.4868892073245, 37.9227527312773], [-81.4868836961894, 37.922745182506], [-81.4868665951172, 37.92272272091], [-81.4868611968778, 37.9227151723746], [-81.4868560264893, 37.9227075334711], [-81.4868514243792, 37.9226998013829], [-81.4868477315783, 37.9226917951446], [-81.4868449474922, 37.9226836943134], [-81.4868429583546, 37.9226755007682], [-81.4868415372045, 37.9226670351893], [-81.4868405714455, 37.9226584768929], [-81.4868398314546, 37.9226499169585], [-81.486839320207, 37.9226412673565], [-81.486838750427, 37.9226238740381], [-81.4868384637532, 37.9225976482768], [-81.486838290256, 37.9225713312137], [-81.48683829411, 37.9225546572611], [-81.4868380612125, 37.9225538470601], [-81.4868382423753, 37.9224606518197], [-81.4868378484693, 37.9224525425084], [-81.4868369964933, 37.9224442541292], [-81.4868358058598, 37.9224362368349], [-81.4868339325823, 37.9224282230687], [-81.4868312640698, 37.9224203928509], [-81.4868275712854, 37.9224123866115], [-81.4868228545334, 37.922404654996], [-81.486817571285, 37.9223970165572], [-81.4868118326394, 37.9223894694272], [-81.4867876283243, 37.9223595557579], [-81.4867817753159, 37.92235191897], [-81.4867761492639, 37.9223441911137], [-81.4867710906036, 37.9223363707808], [-81.4867667160799, 37.9223286384515], [-81.4867629101265, 37.9223207228074], [-81.4867618701101, 37.9223182929114], [-81.4867507368431, 37.9223037379989], [-81.486747053889, 37.9222799590726], [-81.4867419364259, 37.9222632161718], [-81.4867396071717, 37.9222549339016], [-81.486737275841, 37.9222464713811], [-81.4867353996136, 37.9222380076825], [-81.4867338652997, 37.9222296319949], [-81.4867327825198, 37.9222207136633], [-81.4867319258064, 37.9222117042674], [-81.4867314118995, 37.922202783583], [-81.4867309526591, 37.9221847596038], [-81.4867306134329, 37.9221678166809], [-81.4867070750648, 37.9220490333606], [-81.4867062664657, 37.922047323542], [-81.4866980851415, 37.9220316748626], [-81.486689677166, 37.922016027824], [-81.4866813897962, 37.922001551264], [-81.4866274717476, 37.9219172328555], [-81.4866194678174, 37.9218938323084], [-81.4866161116529, 37.9218853733184], [-81.4866075272862, 37.9218603535454], [-81.4865836043808, 37.9217866357791], [-81.4865832535579, 37.9217851951593], [-81.4865278527049, 37.9216657330699], [-81.4865272799707, 37.9216650136983], [-81.4865036445885, 37.9216351884473], [-81.4864980192192, 37.9216275514073], [-81.4864925079153, 37.9216198230619], [-81.486487790656, 37.9216120013044], [-81.4864833000526, 37.9216039082215], [-81.4864792633523, 37.9215956322991], [-81.4864755682779, 37.9215872662433], [-81.4864719840035, 37.9215787180623], [-81.4864585624616, 37.9215447954613], [-81.486454979969, 37.9215362472723], [-81.4864512831227, 37.9215278812229], [-81.4863737936359, 37.9214229296531], [-81.4863532233934, 37.9213056661778], [-81.4863511401601, 37.9213001768933], [-81.4863476732533, 37.9212921697035], [-81.4863399462954, 37.9212762494349], [-81.4863315358092, 37.9212603312863], [-81.4863142609427, 37.9212286771215], [-81.4863059627535, 37.9212126676733], [-81.4862980058933, 37.921196387834], [-81.4862823072553, 37.9211622028232], [-81.4862161663069, 37.9210528794444], [-81.4862155918028, 37.9210521600785], [-81.4862038855263, 37.9210367970172], [-81.4861978066211, 37.9210292512608], [-81.4861853066099, 37.9210144315491], [-81.4861665001595, 37.9209920670179], [-81.4861541148224, 37.9209772468289], [-81.4861481488109, 37.9209697006036], [-81.4861424103412, 37.9209621527338], [-81.4861368982358, 37.9209544243739], [-81.4861321813529, 37.9209465124701], [-81.486129646325, 37.9209416566575], [-81.486119895865, 37.9209294393337], [-81.486067578349, 37.9208114957662], [-81.4860668912604, 37.9208106867351], [-81.4860293923198, 37.9207659571591], [-81.4860173451085, 37.9207507757451], [-81.4860057532775, 37.9207355009115], [-81.4859945015863, 37.9207200451173], [-81.4859796888641, 37.9206992870959], [-81.4859717730462, 37.9206894949732], [-81.485931591642, 37.9206347720762], [-81.4859279245504, 37.9206306419687], [-81.4859217372735, 37.9206241781979], [-81.4859150990545, 37.9206180761022], [-81.4859078946548, 37.9206125185286], [-81.4858995543102, 37.9206072353288], [-81.4858903070526, 37.9206025867787], [-81.4858809507666, 37.9205983893251], [-81.4858711402789, 37.9205944634301], [-81.4858609890785, 37.9205906304786], [-81.4858404617915, 37.9205835041655], [-81.4857152686635, 37.9205427423631], [-81.4855274771429, 37.9204811470087], [-81.4854120936067, 37.9204441291426], [-81.48539134035, 37.9204370952205], [-81.4853815307976, 37.9204334396688], [-81.4853805044823, 37.9204330833841]]]}, "properties": {"name": "N2G", "folder": "# Natural Gas", "style_id": "N2G", "stroke": "#ff0000", "stroke-opacity": 1.0, "fill": "#ff0000", "fill-opacity": 1.0}}, {"type": "Feature", "geometry": {"type": "Polygon", "coordinates": [[[-81.4890621879384, 37.9280500849294], [-81.4890618829873, 37.9280553129918], [-81.4890016292647, 37.9280978347313], [-81.4888563987041, 37.9282122714372], [-81.4888718981538, 37.9282503317395], [-81.4889350567127, 37.9282685465498], [-81.4890754077198, 37.9283449330363], [-81.4892707678294, 37.9282572363069], [-81.4892799667061, 37.9282546751441], [-81.4892792747528, 37.928253416211], [-81.4892762847155, 37.9282486510864], [-81.4892752528974, 37.9282474836956], [-81.4892557684065, 37.9282261139344], [-81.4892426997159, 37.9282114771933], [-81.4892169031086, 37.9281821128649], [-81.4891909879517, 37.9281520265808], [-81.4891771174278, 37.9281365820018], [-81.4890665248481, 37.928052050454], [-81.4890653819278, 37.9280511532069], [-81.4890621879384, 37.9280500849294]]]}, "properties": {"name": "N2G", "folder": "# Natural Gas", "style_id": "N2G", "stroke": "#ff0000", "stroke-opacity": 1.0, "fill": "#ff0000", "fill-opacity": 1.0}}, {"type": "Feature", "geometry": {"type": "Polygon", "coordinates": [[[-81.4901647280594, 37.9250770886814], [-81.49018740006, 37.9251156604353], [-81.4903778859694, 37.925306211408], [-81.4909670662131, 37.9258391230056], [-81.4912251199416, 37.9256672510398], [-81.491174015663, 37.9256135670137], [-81.4911452483428, 37.9255823213697], [-81.4911100987808, 37.9255322660282], [-81.4910462803609, 37.9254660168976], [-81.4909826279578, 37.9254073386065], [-81.4908887154057, 37.9253325618225], [-81.4907915669179, 37.9252502290021], [-81.4907178359038, 37.9251989824987], [-81.4906702154575, 37.9251727724632], [-81.4906347322861, 37.9251411948795], [-81.4905599885524, 37.9250914854007], [-81.4904919365662, 37.925055536363], [-81.4904334722661, 37.9250413600373], [-81.4903879607523, 37.9250415496974], [-81.4903735869175, 37.9250359314455], [-81.4903482274933, 37.9250211650703], [-81.490325791892, 37.9250007991923], [-81.4903191960785, 37.9249840626172], [-81.4903171010912, 37.9249771313869], [-81.490305705945, 37.9249574412432], [-81.4901647280594, 37.9250770886814]]]}, "properties": {"name": "N2G", "folder": "# Natural Gas", "style_id": "N2G", "stroke": "#ff0000", "stroke-opacity": 1.0, "fill": "#ff0000", "fill-opacity": 1.0}}, {"type": "Feature", "geometry": {"type": "Polygon", "coordinates": [[[-81.4816199976972, 37.9146547404046], [-81.481625243419, 37.9146567919169], [-81.4816343723699, 37.9146608998124], [-81.4816432755536, 37.9146655508165], [-81.4816497856125, 37.9146693096144], [-81.4816368546957, 37.9146228556985], [-81.4816199976972, 37.9146547404046]]]}, "properties": {"name": "N2G", "folder": "# Natural Gas", "style_id": "N2G", "stroke": "#ff0000", "stroke-opacity": 1.0, "fill": "#ff0000", "fill-opacity": 1.0}}, {"type": "Feature", "geometry": {"type": "Polygon", "coordinates": [[[-81.481609047188, 37.9145281525285], [-81.4816923634478, 37.9145692711401], [-81.4818163575054, 37.9146548379873], [-81.4819354088715, 37.9147325822651], [-81.4820400541701, 37.9148690611521], [-81.4821246391887, 37.9149821877422], [-81.4822437425982, 37.9150677727562], [-81.4823923215489, 37.9151375557096], [-81.4825422896593, 37.915228242121], [-81.4825412666738, 37.9152282463153], [-81.4826055370997, 37.9152618714808], [-81.4828034033768, 37.9153354167862], [-81.4829718414172, 37.9153973656902], [-81.4831551103617, 37.9154826864351], [-81.4834126685621, 37.9156028536881], [-81.4836306500952, 37.9157075899059], [-81.4838289509543, 37.915812406626], [-81.4840370361456, 37.9159171820638], [-81.4841756973075, 37.9159831279677], [-81.4843539746448, 37.9160529650918], [-81.4845134861375, 37.9161409959341], [-81.4845173115871, 37.9161344908617], [-81.4845225979493, 37.9161253660195], [-81.4845729236169, 37.9160619780463], [-81.4844001844778, 37.9159866198567], [-81.4842510056732, 37.9158953023848], [-81.4841090965855, 37.9158198162017], [-81.4839817496613, 37.9157442713704], [-81.483885451026, 37.9157015847376], [-81.4837601322446, 37.9156575766509], [-81.4836419713205, 37.9156120962393], [-81.4833076074373, 37.9154901719456], [-81.4832108798148, 37.9154516338843], [-81.4831597460422, 37.9154088520417], [-81.4831033158227, 37.9153562678012], [-81.4829731979231, 37.9152916382087], [-81.4828132467436, 37.9152228039418], [-81.4826725767026, 37.9151622738348], [-81.4826198730095, 37.9151403174063], [-81.4825618498412, 37.9151224385934], [-81.4825162083928, 37.915101806512], [-81.4824281784925, 37.9150535875802], [-81.4824053071772, 37.9150356554268], [-81.4823481109885, 37.9150048860055], [-81.4822919046633, 37.9149867292239], [-81.4822376299102, 37.9149506294308], [-81.482196022254, 37.914833361851], [-81.482146981238, 37.9146925994929], [-81.4820757181934, 37.914563736512], [-81.4820706255802, 37.9145504182021], [-81.4815771766301, 37.9144384252122], [-81.481609047188, 37.9145281525285]]]}, "properties": {"name": "N2G", "folder": "# Natural Gas", "style_id": "N2G", "stroke": "#ff0000", "stroke-opacity": 1.0, "fill": "#ff0000", "fill-opacity": 1.0}}, {"type": "Feature", "geometry": {"type": "Polygon", "coordinates": [[[-81.4936268043978, 37.9288429113015], [-81.4936923294929, 37.9288744520524], [-81.4938038878694, 37.9289155335679], [-81.493875952116, 37.9288529511168], [-81.4939580069706, 37.9287869926065], [-81.4939909690616, 37.9287136692746], [-81.4940776714328, 37.928628223248], [-81.4941353957996, 37.928531182036], [-81.4941574894646, 37.9284831411923], [-81.4940771216256, 37.9284439118999], [-81.4939498184695, 37.9283624286841], [-81.4937735520648, 37.9285650572986], [-81.4936721617696, 37.9287173505114], [-81.4936302337082, 37.9288113516723], [-81.4936268043978, 37.9288429113015]]]}, "properties": {"name": "N2G", "folder": "# Natural Gas", "style_id": "N2G", "stroke": "#ff0000", "stroke-opacity": 1.0, "fill": "#ff0000", "fill-opacity": 1.0}}, {"type": "Feature", "geometry": {"type": "Polygon", "coordinates": [[[-81.4825810108685, 37.9311999120079], [-81.4825892142342, 37.9312014999884], [-81.4828475084375, 37.9313735801572], [-81.4829655117584, 37.9314606107124], [-81.4830827557661, 37.9314492245175], [-81.4831785152427, 37.9312846158414], [-81.4832945487039, 37.9310707125349], [-81.4834247846811, 37.9309060535867], [-81.4833959884486, 37.930731050002], [-81.4834718182975, 37.9307033398818], [-81.4837897706468, 37.9307239338433], [-81.4839996180445, 37.9306397914761], [-81.4840654443225, 37.9306133839281], [-81.4842789446703, 37.9305139033554], [-81.4843550270377, 37.9305244958646], [-81.4845063587928, 37.9304363573558], [-81.484602149881, 37.9302772452607], [-81.484760852661, 37.9302546908858], [-81.4849957449634, 37.9302592209047], [-81.4852861240887, 37.9302744265817], [-81.4853897418948, 37.9302849041607], [-81.4853825743629, 37.930129462134], [-81.4853719877061, 37.9299038213846], [-81.4853845157942, 37.9298710527813], [-81.4853802085055, 37.9298735941676], [-81.4853730660345, 37.9298775886123], [-81.4853705748871, 37.9298793120479], [-81.4853517512367, 37.9298893940372], [-81.4853432462936, 37.9298938454502], [-81.4852496971826, 37.9299436220932], [-81.4852163615496, 37.9299615143157], [-81.4851912022425, 37.92997703016], [-81.4851896050902, 37.9299764065444], [-81.4851823494047, 37.9299804915736], [-81.4851523441952, 37.9299685379592], [-81.4850789873388, 37.9299397293179], [-81.485077048529, 37.9299389261464], [-81.4850763637371, 37.9299387487107], [-81.4850745395967, 37.9299382147503], [-81.4849941588298, 37.9299138506397], [-81.4849630312113, 37.9299042456681], [-81.484908217978, 37.9298921238389], [-81.484902064928, 37.929890706421], [-81.4848490725929, 37.9298784869316], [-81.4848185420516, 37.9298732957963], [-81.4847499619072, 37.9298611404821], [-81.4847351525216, 37.9298585870331], [-81.4847241128877, 37.9298582726945], [-81.4846274828703, 37.9298547944248], [-81.4846213357463, 37.9298545493526], [-81.4846145153733, 37.9298554787334], [-81.4845270778877, 37.9298657537125], [-81.4845076369839, 37.9298683566741], [-81.4844681274711, 37.9298819493076], [-81.484443716037, 37.9298900706083], [-81.4843941055319, 37.9299076704884], [-81.4843692764903, 37.9299213822123], [-81.4843590726678, 37.9299271924863], [-81.4843537344646, 37.9299285663977], [-81.484343512012, 37.9299314017765], [-81.4843335186121, 37.929934597433], [-81.4843234164574, 37.9299384251453], [-81.4843152465992, 37.9299417935535], [-81.4843126442921, 37.9299440574958], [-81.4842806714974, 37.9299618537156], [-81.4842253296236, 37.9300077777058], [-81.484222970254, 37.9300123840077], [-81.4842196095613, 37.9300203285092], [-81.4842189371891, 37.9300220444364], [-81.4842072815999, 37.9300319157846], [-81.4841888455128, 37.9300489359481], [-81.4841675795281, 37.9300682209842], [-81.4841386537668, 37.9300992550411], [-81.4841166166563, 37.9301224180953], [-81.4840913202045, 37.9301519050116], [-81.4840546027633, 37.9301920727494], [-81.484043528771, 37.9302040160705], [-81.4840342576382, 37.9302129770045], [-81.4840188836625, 37.9302284516438], [-81.4840136790099, 37.9302329795152], [-81.4839910445338, 37.9302518202056], [-81.4839755340087, 37.9302639613217], [-81.4839677211135, 37.9302698518574], [-81.4839595665635, 37.9302755635392], [-81.483951295564, 37.9302810053114], [-81.4839427940306, 37.9302859966807], [-81.4839338343988, 37.930290539991], [-81.4839246415768, 37.9302943632253], [-81.4839149909502, 37.9302976475659], [-81.4839049966034, 37.9303005735061], [-81.4838948866873, 37.9303032281246], [-81.4838877293345, 37.9303049707167], [-81.4838741245092, 37.9303125968149], [-81.4838407970244, 37.9303144463071], [-81.4838322724484, 37.9303159234254], [-81.4838217000025, 37.9303175899255], [-81.4838110137705, 37.9303189858006], [-81.4838003245789, 37.9303202014283], [-81.4837889511912, 37.9303210593508], [-81.4837778044899, 37.9303216452483], [-81.4837663128823, 37.930321962879], [-81.4837436725181, 37.9303224171731], [-81.4836980447992, 37.9303228751199], [-81.4836966793547, 37.9303228807325], [-81.4836019853743, 37.9303369688738], [-81.4835785242788, 37.9303340008924], [-81.4835561347933, 37.9303381487158], [-81.4835546573325, 37.9303384251748], [-81.4835208227385, 37.9303323459878], [-81.4834865356496, 37.9303268087217], [-81.4834636417263, 37.9303235679991], [-81.4834260377021, 37.9303154298896], [-81.4834191868739, 37.9303118528623], [-81.4833869847529, 37.930294410641], [-81.4832512799925, 37.9302495421488], [-81.4832447985706, 37.9302501102453], [-81.4832339955921, 37.9302513262889], [-81.4832234237349, 37.9302528117702], [-81.4832019398297, 37.9302562347734], [-81.4831696609088, 37.9302619553289], [-81.4831482960938, 37.9302661889968], [-81.4831170489142, 37.9302730769824], [-81.4830756929646, 37.9302827997619], [-81.4830574039252, 37.9302875615624], [-81.4829318417376, 37.930331969888], [-81.4829239011143, 37.9303356076468], [-81.4829142592847, 37.9303402445126], [-81.4829073412648, 37.9303437879444], [-81.4828013422604, 37.9304215531062], [-81.4827997610322, 37.9304233628834], [-81.4827936639647, 37.9304307784993], [-81.4827819296953, 37.9304460577859], [-81.4827592620919, 37.9304771559576], [-81.482747755972, 37.9304925244339], [-81.4827298096411, 37.9305150402457], [-81.4827015902688, 37.930549945906], [-81.4826383736182, 37.9306447508154], [-81.4826359050601, 37.9306500792716], [-81.4826326558926, 37.9306578437156], [-81.4826299768408, 37.9306657860798], [-81.4826278729182, 37.9306745372487], [-81.4826264502379, 37.93068319479], [-81.4826254838909, 37.9306920314224], [-81.4826251814151, 37.9306979811953], [-81.4826258489786, 37.9308000949269], [-81.4826264582188, 37.930893286802], [-81.4826275461022, 37.9310074754247], [-81.4826277228647, 37.9310345134812], [-81.4826272708766, 37.9310525411892], [-81.4826269878436, 37.9310614651479], [-81.4826262505468, 37.9310703909697], [-81.4826251709962, 37.9310793181951], [-81.4826237471391, 37.9310877968904], [-81.4826218666414, 37.931096185921], [-81.4826198741422, 37.9311045768192], [-81.4826152040317, 37.9311212691835], [-81.4826099649822, 37.9311379645851], [-81.4826092943255, 37.9311399501795], [-81.4826078144129, 37.9311572610688], [-81.4825973254865, 37.9311714543809], [-81.4825938431135, 37.9311784987455], [-81.4825897979894, 37.9311863565813], [-81.4825849569348, 37.9311943078103], [-81.4825810108685, 37.9311999120079]]]}, "properties": {"name": "N2G", "folder": "# Natural Gas", "style_id": "N2G", "stroke": "#ff0000", "stroke-opacity": 1.0, "fill": "#ff0000", "fill-opacity": 1.0}}, {"type": "Feature", "geometry": {"type": "Polygon", "coordinates": [[[-81.4840417351277, 37.9247235298083], [-81.4840425324654, 37.9247235265287], [-81.4840655174752, 37.9247237023733], [-81.4840882755144, 37.9247239685723], [-81.4840995425352, 37.9247243735751], [-81.4841106969503, 37.9247249578906], [-81.4841220806996, 37.9247258123538], [-81.4841327826626, 37.9247269400087], [-81.4841433755846, 37.9247285194623], [-81.4841526002017, 37.9247299235814], [-81.4841726317025, 37.924730832591], [-81.4842212942761, 37.9247427090001], [-81.4842275612577, 37.9247439457284], [-81.4842590084345, 37.9247505760293], [-81.4843296604258, 37.9247669585021], [-81.4843501686283, 37.9247712904352], [-81.4845056444277, 37.9247789430326], [-81.4845156693483, 37.9247807937709], [-81.4845268208225, 37.9247809281163], [-81.4845380884453, 37.924781423204], [-81.4845492440595, 37.9247821884358], [-81.4845604035199, 37.9247834042975], [-81.4845709946717, 37.9247849823115], [-81.4845815899767, 37.9247869222332], [-81.4845923008226, 37.924789401046], [-81.4846027864908, 37.9247919723228], [-81.4846235311454, 37.9247976551749], [-81.4846336781313, 37.9248007672115], [-81.4846433700086, 37.9248038818256], [-81.4846709390225, 37.9248089063631], [-81.4847787466532, 37.924886964978], [-81.4847878711352, 37.9248901720469], [-81.484797675324, 37.924893195352], [-81.4848079340483, 37.9248958576747], [-81.4848181901046, 37.9248982489152], [-81.4848285584595, 37.9249005495628], [-81.4848341407152, 37.9249016081169], [-81.4849651816419, 37.9249135060192], [-81.4849664343866, 37.9249136804111], [-81.4850055757333, 37.9249136092314], [-81.4850281074684, 37.9249140578481], [-81.4850392610296, 37.9249146420789], [-81.4850501897079, 37.924915499032], [-81.4850610096317, 37.9249169859295], [-81.4850716037778, 37.9249190152369], [-81.4850815220666, 37.924921949327], [-81.4850913301254, 37.9249254239426], [-81.4851006857308, 37.9249291701064], [-81.4851101568954, 37.9249334572734], [-81.485118945098, 37.9249375677004], [-81.4851250965509, 37.9249385337648], [-81.4852719841112, 37.9249897525265], [-81.4852768834104, 37.9249909040051], [-81.4853078756686, 37.9249975359008], [-81.4853708788744, 37.9250099835978], [-81.4853916171315, 37.9250144045293], [-81.4853978847471, 37.92501600171], [-81.4854458490296, 37.9250254469987], [-81.4855538977939, 37.9251051262311], [-81.4855561790036, 37.9251061082417], [-81.4855655346645, 37.9251098557763], [-81.485575230177, 37.9251135110744], [-81.4855914226504, 37.9251190322796], [-81.4856944676237, 37.925129873204], [-81.4856959479364, 37.9251300473532], [-81.4857710613206, 37.924959842785], [-81.4857670525556, 37.9249213733942], [-81.48577045714, 37.9248680034667], [-81.4856470648319, 37.9248596807754], [-81.4854859057751, 37.9248010399172], [-81.4853247671175, 37.9247454638552], [-81.485186042143, 37.9246897951643], [-81.4850284842884, 37.92460752564], [-81.4849085716547, 37.9245576374907], [-81.4847323386379, 37.9244903158615], [-81.4845712201476, 37.924437623522], [-81.4843763807395, 37.9243614558666], [-81.4842788680974, 37.9243262560874], [-81.484042528916, 37.924722985063], [-81.4840417351277, 37.9247235298083]]]}, "properties": {"name": "N2G", "folder": "# Natural Gas", "style_id": "N2G", "stroke": "#ff0000", "stroke-opacity": 1.0, "fill": "#ff0000", "fill-opacity": 1.0}}, {"type": "Feature", "geometry": {"type": "Polygon", "coordinates": [[[-81.4870512167942, 37.924597008368], [-81.4868007031256, 37.9246018296395], [-81.4866128449481, 37.9248774116903], [-81.486768723991, 37.9249632919055], [-81.4867892418889, 37.9249861893147], [-81.4867991002421, 37.9249800204434], [-81.4868088448056, 37.9249738506336], [-81.486813700157, 37.9249683326581], [-81.4868196811162, 37.9249608278844], [-81.4868313007871, 37.9249455472514], [-81.4868540808593, 37.9249146294771], [-81.4868658119225, 37.9248992582505], [-81.4868838694174, 37.9248767413337], [-81.486905766556, 37.9248499731522], [-81.4869780822263, 37.9247562097852], [-81.4869805627598, 37.9247527739009], [-81.4869849507872, 37.9247452757104], [-81.4869891112478, 37.9247377770531], [-81.4869928121434, 37.9247297402256], [-81.486996287264, 37.9247217050363], [-81.4870023228123, 37.9247053659423], [-81.4870133693061, 37.9246723328844], [-81.487019405745, 37.9246559951939], [-81.4870226532935, 37.9246479595373], [-81.4870263547755, 37.9246400128355], [-81.4870305140464, 37.9246323353312], [-81.4870353574644, 37.9246247444205], [-81.4870406562896, 37.9246173311795], [-81.4870446836466, 37.9246070397652], [-81.4870507679207, 37.92459782139], [-81.4870512167942, 37.924597008368]]]}, "properties": {"name": "N2G", "folder": "# Natural Gas", "style_id": "N2G", "stroke": "#ff0000", "stroke-opacity": 1.0, "fill": "#ff0000", "fill-opacity": 1.0}}, {"type": "Feature", "geometry": {"type": "Polygon", "coordinates": [[[-81.4921488708655, 37.9265810888426], [-81.4925217497684, 37.9265991763101], [-81.4925195964152, 37.9264300119078], [-81.4925408330275, 37.9263044637297], [-81.4923951769076, 37.9263025496548], [-81.4922876076706, 37.9263130941806], [-81.4921861945227, 37.9263084711366], [-81.4921897651654, 37.9263660481284], [-81.4921488708655, 37.9265810888426]]]}, "properties": {"name": "N2G", "folder": "# Natural Gas", "style_id": "N2G", "stroke": "#ff0000", "stroke-opacity": 1.0, "fill": "#ff0000", "fill-opacity": 1.0}}, {"type": "Feature", "geometry": {"type": "Polygon", "coordinates": [[[-81.4913083064592, 37.9261477436973], [-81.4915451519172, 37.9263619827369], [-81.4917309280347, 37.9262375491875], [-81.4917876812021, 37.9261996386778], [-81.4915550604083, 37.9259873639111], [-81.4913083064592, 37.9261477436973]]]}, "properties": {"name": "N2G", "folder": "# Natural Gas", "style_id": "N2G", "stroke": "#ff0000", "stroke-opacity": 1.0, "fill": "#ff0000", "fill-opacity": 1.0}}, {"type": "Feature", "geometry": {"type": "Polygon", "coordinates": [[[-81.4762523071372, 37.9153630103476], [-81.4762569595315, 37.9153612783557], [-81.4762670647839, 37.9153581737627], [-81.476277286115, 37.9153554278088], [-81.4762877370336, 37.9153528625923], [-81.476298301677, 37.9153505665991], [-81.4763089830191, 37.9153484496875], [-81.47631966375, 37.9153465137406], [-81.4763303474247, 37.9153447587441], [-81.4763412588917, 37.9153431816754], [-81.4763618103591, 37.9153370598151], [-81.4763919909746, 37.9153420757404], [-81.4763942683076, 37.9153422467812], [-81.4764048561928, 37.9153435551615], [-81.4764154470231, 37.915345044492], [-81.4764258108733, 37.9153468952586], [-81.4764681820033, 37.9153544755715], [-81.4764893659575, 37.9153580844136], [-81.476499954437, 37.9153594843206], [-81.4765106572913, 37.9153607028004], [-81.4765218125693, 37.9153616490589], [-81.4765331930455, 37.9153622331821], [-81.4765558373405, 37.9153629533624], [-81.4765900826584, 37.9153631745046], [-81.476691105185, 37.9153627653695], [-81.4766989540194, 37.9153627335785], [-81.4768461522762, 37.9153600642902], [-81.4768512687561, 37.9153595936162], [-81.4768618406714, 37.9153582889678], [-81.4768724099474, 37.9153567132364], [-81.4768829798459, 37.9153549586507], [-81.4769040023449, 37.915351178155], [-81.4769459286054, 37.9153429860226], [-81.4769671803717, 37.9153394749751], [-81.4769777514248, 37.9153378999312], [-81.4769883224504, 37.9153365959791], [-81.4769995786857, 37.9153355582293], [-81.4770108387286, 37.9153349725189], [-81.477014249593, 37.9153347777311], [-81.4770356145355, 37.915331176083], [-81.4770772687836, 37.9153334407359], [-81.4770903516498, 37.9153333877019], [-81.4771131056293, 37.9153334764237], [-81.4771357499109, 37.9153341950842], [-81.4771470166321, 37.9153347810176], [-81.4771582856777, 37.9153357267544], [-81.4771688724149, 37.9153368555156], [-81.4771794632544, 37.9153383440732], [-81.4771858395575, 37.915339309645], [-81.4772054154342, 37.9153404019554], [-81.4772882427362, 37.9153589038587], [-81.4773579624577, 37.9153734917616], [-81.4773789233236, 37.9153776435337], [-81.4773832516023, 37.9153784371429], [-81.4775389779129, 37.9153929471353], [-81.4776983599143, 37.9154095143583], [-81.4777605004937, 37.9154133186505], [-81.4777820106609, 37.9154145825677], [-81.4778031818773, 37.9154162097833], [-81.4778137692469, 37.9154171582248], [-81.4778243565881, 37.915418377054], [-81.4778349468734, 37.9154197761294], [-81.4778455371261, 37.9154214448884], [-81.4778666082979, 37.9154250553484], [-81.4778723035039, 37.9154261137779], [-81.4778770836216, 37.9154265443121], [-81.4780462334386, 37.9154407287379], [-81.4780528434329, 37.9154425051832], [-81.4780573940011, 37.915442486699], [-81.478078556472, 37.9154427605495], [-81.4780891403532, 37.9154431689073], [-81.4780994963915, 37.9154436669111], [-81.4781098550459, 37.9154447063845], [-81.4781199893944, 37.9154461072864], [-81.4781299002987, 37.9154481400019], [-81.4781399302229, 37.9154509841028], [-81.4781496229345, 37.9154544597754], [-81.4781592056842, 37.9154583858374], [-81.4781686746479, 37.9154625834537], [-81.4781969751155, 37.9154758977665], [-81.4782064458658, 37.9154800960766], [-81.4782129479289, 37.9154827728384], [-81.4783568352635, 37.9154959786135], [-81.4784306653591, 37.9154952271541], [-81.4785367931135, 37.9154927227014], [-81.4785531947475, 37.9154955408591], [-81.478564461494, 37.9154961252483], [-81.478575729997, 37.9154969807219], [-81.4785864305419, 37.9154981088927], [-81.4785970214409, 37.9154995987305], [-81.4786183181375, 37.9155030271754], [-81.4786608030288, 37.9155106956607], [-81.4786818724822, 37.9155143052773], [-81.4786925768358, 37.9155158833664], [-81.4787031662665, 37.9155172830711], [-81.4787138685937, 37.915518411223], [-81.4787244536271, 37.9155192694625], [-81.4787351518614, 37.9155197660182], [-81.4787364032689, 37.9155197609278], [-81.4788746225175, 37.9155186585318], [-81.4789529020934, 37.9155549318726], [-81.4789544994743, 37.9155556471122], [-81.478955447097, 37.915543745455], [-81.4789915065187, 37.9153852411335], [-81.4790147257669, 37.9152114670396], [-81.4786943653074, 37.9150896542762], [-81.4785413405548, 37.9150706276456], [-81.4783610893584, 37.9150636994135], [-81.4774449449916, 37.9149786426757], [-81.4763101183379, 37.9149600769299], [-81.4762532872668, 37.9152149228557], [-81.4762562676929, 37.915324418177], [-81.4762523071372, 37.9153630103476]]]}, "properties": {"name": "N2G", "folder": "# Natural Gas", "style_id": "N2G", "stroke": "#ff0000", "stroke-opacity": 1.0, "fill": "#ff0000", "fill-opacity": 1.0}}, {"type": "Feature", "geometry": {"type": "Polygon", "coordinates": [[[-81.4873701131455, 37.9185925300088], [-81.4873760930549, 37.9186020582615], [-81.4874747302455, 37.9187568526384], [-81.4875491196383, 37.9187368068411], [-81.4877007117701, 37.9186578555446], [-81.487752633458, 37.9186297002401], [-81.4876735097361, 37.9184494988611], [-81.48755400183, 37.9185113728747], [-81.4873701131455, 37.9185925300088]]]}, "properties": {"name": "N2G", "folder": "# Natural Gas", "style_id": "N2G", "stroke": "#ff0000", "stroke-opacity": 1.0, "fill": "#ff0000", "fill-opacity": 1.0}}, {"type": "Feature", "geometry": {"type": "Polygon", "coordinates": [[[-81.4850089068802, 37.9165680618007], [-81.4850081155487, 37.9165689663566], [-81.4851709066366, 37.9166883485435], [-81.4851739575937, 37.91668518073], [-81.4852224378702, 37.9166353202197], [-81.4850440376982, 37.9165297922462], [-81.4850089068802, 37.9165680618007]]]}, "properties": {"name": "N2G", "folder": "# Natural Gas", "style_id": "N2G", "stroke": "#ff0000", "stroke-opacity": 1.0, "fill": "#ff0000", "fill-opacity": 1.0}}, {"type": "Feature", "geometry": {"type": "Polygon", "coordinates": [[[-81.4926073805108, 37.9274106124935], [-81.4929273636193, 37.9274303628469], [-81.4929665664126, 37.9273542203391], [-81.4929643632363, 37.9272798729009], [-81.4929560946558, 37.9272173571035], [-81.4929635652656, 37.9271773985308], [-81.4930057636846, 37.9271578439524], [-81.4930583855434, 37.9271148120693], [-81.4931019370426, 37.9270254015816], [-81.4931180745157, 37.9269882006898], [-81.4931249107798, 37.9269726698037], [-81.4931562070926, 37.9269052120679], [-81.4931496002591, 37.926887213895], [-81.493017652821, 37.9268595562943], [-81.4927867789213, 37.9268077075474], [-81.4927811138082, 37.9268283701763], [-81.4925850524999, 37.9270995796272], [-81.4925496986504, 37.9271898569058], [-81.4925501852189, 37.9272799841659], [-81.4925829868622, 37.9273699761632], [-81.4926073805108, 37.9274106124935]]]}, "properties": {"name": "N2G", "folder": "# Natural Gas", "style_id": "N2G", "stroke": "#ff0000", "stroke-opacity": 1.0, "fill": "#ff0000", "fill-opacity": 1.0}}, {"type": "Feature", "geometry": {"type": "Polygon", "coordinates": [[[-81.4751017629069, 37.9305339174842], [-81.4750867438541, 37.9305339795294], [-81.4750802419978, 37.9305316624171], [-81.4746111795792, 37.9304049399633], [-81.4744277384774, 37.93059783536], [-81.4742981540103, 37.9307431060969], [-81.4741483337016, 37.9309446975025], [-81.4745449077277, 37.9310527855671], [-81.4745649096398, 37.9310664052614], [-81.4745718090133, 37.9310598881276], [-81.4746329990784, 37.9310023191044], [-81.4746444246864, 37.9309741526785], [-81.4746509233039, 37.9309582637095], [-81.4746546278993, 37.9309504075176], [-81.4746584459725, 37.9309426409973], [-81.4746666539895, 37.9309272852038], [-81.4746710424737, 37.9309196072156], [-81.4746801634178, 37.9309045181265], [-81.4746845553763, 37.9308973808996], [-81.4746881649915, 37.930892589486], [-81.4746986085004, 37.9308708254922], [-81.4747155828186, 37.9308561560703], [-81.4747173903718, 37.9308542567672], [-81.4747242891326, 37.9308476494976], [-81.4747315298311, 37.9308411302732], [-81.4747387711124, 37.9308347018794], [-81.4747917436536, 37.9307907761527], [-81.4748064528769, 37.9307779177386], [-81.4748426583573, 37.930745505358], [-81.4748574825145, 37.9307328274364], [-81.4748650677704, 37.9307266687388], [-81.4748726512379, 37.9307205086397], [-81.4748809215324, 37.9307147069897], [-81.4748893053041, 37.9307089950105], [-81.4749314563619, 37.9306811559068], [-81.4749397266088, 37.9306756246407], [-81.4749475431724, 37.9306701853345], [-81.4750420558523, 37.9305742660702], [-81.4750965521953, 37.9305374542688], [-81.4751017629069, 37.9305339174842]]]}, "properties": {"name": "N2G", "folder": "# Natural Gas", "style_id": "N2G", "stroke": "#ff0000", "stroke-opacity": 1.0, "fill": "#ff0000", "fill-opacity": 1.0}}, {"type": "Feature", "geometry": {"type": "Polygon", "coordinates": [[[-81.4760985189573, 37.9327847433705], [-81.4761112835866, 37.9327879370825], [-81.4763508530476, 37.9328634872731], [-81.4764959313178, 37.9328973292718], [-81.4764708448356, 37.9327482669203], [-81.476465126087, 37.9326202156843], [-81.4764886473805, 37.932509172018], [-81.4765987916069, 37.9323672230114], [-81.4767207998937, 37.9322118859996], [-81.4767946699968, 37.9321617452248], [-81.4769786451215, 37.9320693388763], [-81.4771771836906, 37.9319766915179], [-81.4772909314442, 37.9319346806105], [-81.4774388472654, 37.9318796431855], [-81.4775419990638, 37.93185335752], [-81.4776412680526, 37.9318070781212], [-81.4777043253845, 37.9317567102756], [-81.4778030714401, 37.9316472529438], [-81.4778819543185, 37.9315280513994], [-81.4780129772863, 37.931359788644], [-81.4781370347166, 37.9312230105703], [-81.4781927696071, 37.9311669032343], [-81.478299218425, 37.9311048221812], [-81.4784072903703, 37.9310826617059], [-81.4785722216085, 37.9310900125675], [-81.4787505116036, 37.9311217338851], [-81.4789115540028, 37.9311961569817], [-81.4790623554401, 37.9312707102693], [-81.479172210236, 37.931330378515], [-81.4792307497039, 37.9313555572873], [-81.4793313845197, 37.9313447825405], [-81.4794901678216, 37.9312989808823], [-81.4796794199769, 37.9312138485771], [-81.4798089436238, 37.9311659125252], [-81.4798468297511, 37.9311472822434], [-81.4799430044748, 37.9311330094152], [-81.4800626646881, 37.9311255813585], [-81.4801473384496, 37.9311275792562], [-81.4802964283582, 37.9311662671957], [-81.4804308649563, 37.9311911355673], [-81.4809508155106, 37.9313890077649], [-81.4813230046323, 37.9308965525375], [-81.481386460982, 37.9308207646311], [-81.4814077561042, 37.9308060758674], [-81.4814023798667, 37.9308017716561], [-81.4813272319892, 37.9307422339207], [-81.4812133067907, 37.9307216088991], [-81.4811170202458, 37.9307360634803], [-81.4811123373243, 37.9307333780438], [-81.4811099419134, 37.9307324872487], [-81.4810911058543, 37.9307231901084], [-81.4810723794812, 37.9307132623157], [-81.4810541070892, 37.9307031524056], [-81.4810450823301, 37.9306978723749], [-81.4810361716572, 37.9306925010437], [-81.4810278299237, 37.9306871273861], [-81.480994685875, 37.9306649101003], [-81.4809902287805, 37.9306619540522], [-81.4808646765372, 37.9306205570562], [-81.480849530756, 37.9306189071943], [-81.4808388291589, 37.930617959501], [-81.480828013166, 37.9306171918287], [-81.4808231200213, 37.9306170322678], [-81.4807055816624, 37.9306356284595], [-81.480698654705, 37.9306378198589], [-81.4806886648673, 37.9306414651338], [-81.4806791322332, 37.930645560595], [-81.4806700612163, 37.9306503745], [-81.4806638295895, 37.9306546360306], [-81.4805797973359, 37.9307509662271], [-81.4805751481634, 37.9307535989632], [-81.4805722131542, 37.9307572168249], [-81.4805595633757, 37.9307717785949], [-81.4805530103382, 37.9307788361441], [-81.4805463399692, 37.93078562308], [-81.4805391000865, 37.93079205112], [-81.4805315144395, 37.9307979412041], [-81.4805233551499, 37.9308031111876], [-81.4805149624264, 37.9308073822392], [-81.480505653808, 37.9308109345876], [-81.4804961164672, 37.9308140386311], [-81.4804862345176, 37.9308167821554], [-81.4804658972821, 37.9308217328793], [-81.4804547619087, 37.9308242118351], [-81.48045215623, 37.9308258440967], [-81.48029707821, 37.9308813665956], [-81.4802814006803, 37.9308853054384], [-81.480272658077, 37.9308881358322], [-81.4802619833993, 37.9308916043116], [-81.4802513075625, 37.9308946214441], [-81.4802297253733, 37.9309004785009], [-81.4802077985736, 37.9309059750346], [-81.4801858712128, 37.9309111124577], [-81.4801747346438, 37.9309134111332], [-81.4801637092146, 37.9309154389664], [-81.4801524541621, 37.930917016385], [-81.4801501804632, 37.930917205921], [-81.4801332530173, 37.9309214216401], [-81.4801286847813, 37.9309190067886], [-81.4801189016594, 37.9309193170924], [-81.4801078642217, 37.9309193621252], [-81.4800970511267, 37.9309190457245], [-81.4800864638691, 37.9309181876258], [-81.4800764405556, 37.9309166956162], [-81.4800672070134, 37.9309142997952], [-81.480058536268, 37.9309108201261], [-81.4800517934727, 37.9309063411693], [-81.4800453853124, 37.9309006891663], [-81.4800401091572, 37.9308944023443], [-81.4800351720334, 37.9308874818257], [-81.4800305736364, 37.9308802909456], [-81.480026200463, 37.9308727372211], [-81.4800221674868, 37.9308650025543], [-81.4800207832834, 37.9308621247678], [-81.4800117620894, 37.9308573847149], [-81.4800107278503, 37.9308381906923], [-81.4800088720881, 37.9308327912093], [-81.4800066558984, 37.9308245977805], [-81.4800050057429, 37.9308156817126], [-81.4800038089658, 37.9308067644994], [-81.4800030685278, 37.9307977545913], [-81.4800026670849, 37.930788652467], [-81.4800023211376, 37.9307704477628], [-81.4800021993543, 37.9307342162873], [-81.4800016267257, 37.9307160132116], [-81.4800013710179, 37.9307116873448], [-81.479972300637, 37.9306159090646], [-81.479968962408, 37.9306101544062], [-81.4799643669602, 37.9306034134533], [-81.4799590926022, 37.9305971252116], [-81.4799527976575, 37.930591653], [-81.4799452586884, 37.9305870871547], [-81.4799408069136, 37.9305849422086], [-81.4798166329591, 37.9305631866552], [-81.4798126524627, 37.9305633838482], [-81.4798020757774, 37.9305644176915], [-81.4797913894343, 37.9305658139063], [-81.4797810444234, 37.9305674777082], [-81.479770361008, 37.9305693245556], [-81.4797597907639, 37.930571349791], [-81.4797457001653, 37.9305742019493], [-81.4796360688395, 37.9306015073781], [-81.4796283304195, 37.9306012685312], [-81.4796258302989, 37.9306019089222], [-81.4796057194841, 37.9306064072242], [-81.4795956052783, 37.9306084319945], [-81.4795857174669, 37.9306102741743], [-81.4795757129493, 37.9306116675908], [-81.4795655917072, 37.9306126094274], [-81.4795554660724, 37.9306130119136], [-81.4795454504214, 37.9306126915082], [-81.4795353157186, 37.9306115611276], [-81.4795252930474, 37.9306101599017], [-81.4795151536621, 37.9306083085041], [-81.4795050145854, 37.9306063676792], [-81.4794747049533, 37.9306000018729], [-81.4794653617751, 37.9305982366519], [-81.4793304887583, 37.9306109535663], [-81.4793277631281, 37.9306117765364], [-81.4793180019704, 37.9306156010223], [-81.4793085859983, 37.930619876156], [-81.4792999685657, 37.9306245972747], [-81.4792948727002, 37.9306284034605], [-81.4792160758219, 37.9307254331026], [-81.4791244329819, 37.9308418026623], [-81.4791124004279, 37.9308461778591], [-81.4791053871096, 37.930852606297], [-81.4790979142309, 37.9308584944215], [-81.4790897574813, 37.9308639353875], [-81.4790813646669, 37.9308682063374], [-81.4790721703481, 37.9308718489406], [-81.4790628610942, 37.9308750413646], [-81.4790530934546, 37.9308778744327], [-81.479043096493, 37.9308804394539], [-81.4790330977717, 37.9308827333895], [-81.4790227556226, 37.9308848477594], [-81.4790124129209, 37.9308866030219], [-81.479002181939, 37.9308881761619], [-81.4789964960528, 37.9308887407863], [-81.4789745861245, 37.9308968514752], [-81.4789486936792, 37.9308873123252], [-81.4789425400815, 37.9308858058771], [-81.478933076075, 37.9308829595544], [-81.4789238385042, 37.9308796623671], [-81.4789144836144, 37.9308760952687], [-81.4788867586128, 37.9308645821271], [-81.4788487771974, 37.930850856779], [-81.478838403789, 37.9308480148534], [-81.4788280312462, 37.9308454433112], [-81.4788174352444, 37.9308432331945], [-81.4787961300149, 37.930839173936], [-81.4787640035266, 37.9308335363736], [-81.4787428126706, 37.9308295660653], [-81.4787322146156, 37.9308271756906], [-81.4787218438619, 37.9308246048359], [-81.4787116974488, 37.9308216711422], [-81.4787022320151, 37.9308184649936], [-81.4786929909315, 37.9308148974145], [-81.4786837484001, 37.9308109693234], [-81.4786747337546, 37.9308069508795], [-81.4786726782559, 37.9308059678186], [-81.4786608270916, 37.9308032220177], [-81.4786116153508, 37.9307774642445], [-81.4786050981978, 37.9307725336402], [-81.4786032711656, 37.9307715496489], [-81.4785964076713, 37.9307659895477], [-81.4785901198236, 37.9307615987857], [-81.4784822464782, 37.9306912859701], [-81.4783681539407, 37.9306447030442], [-81.4782544252171, 37.9306366924571], [-81.4781407336558, 37.930669691845], [-81.4780534652721, 37.9307060974165], [-81.4780305939399, 37.9307061903288], [-81.4780271870059, 37.9307073758495], [-81.4780243510665, 37.9307087393091], [-81.4780212817203, 37.9307092031282], [-81.4780105999849, 37.9307113194929], [-81.478000491546, 37.9307142439873], [-81.4779907285588, 37.9307177986869], [-81.4779809684929, 37.9307218047244], [-81.4779716644294, 37.9307260778885], [-81.4779621360214, 37.9307307138885], [-81.4779434223065, 37.9307402534723], [-81.4779155253377, 37.9307548775899], [-81.4778964699371, 37.9307645079791], [-81.4778911388335, 37.930767144083], [-81.4778659628302, 37.9307802242366], [-81.4777212288116, 37.9308519239078], [-81.4775974826422, 37.9309137148327], [-81.4775918148128, 37.9309170726198], [-81.4775833156916, 37.9309225148712], [-81.4775750453113, 37.9309281364522], [-81.4775668898839, 37.9309339378246], [-81.4775509233, 37.9309459891131], [-81.4775032522729, 37.9309823244081], [-81.477471430247, 37.931005887147], [-81.4774555756805, 37.9310176689883], [-81.4774477618707, 37.9310236485208], [-81.4774467436101, 37.9310245546493], [-81.4773820339802, 37.9311359465925], [-81.4773727869777, 37.9311487824641], [-81.4773725634758, 37.9311494135717], [-81.4773684022588, 37.9311570013126], [-81.4773638976257, 37.931164410892], [-81.4773543209065, 37.9311790506853], [-81.4773390987426, 37.9312006533335], [-81.4773233064616, 37.9312220780335], [-81.4773063786123, 37.9312438671505], [-81.4773016353144, 37.9312495645349], [-81.4772988162438, 37.9312535423621], [-81.4772070535998, 37.9313695503966], [-81.4771955923946, 37.9313744638562], [-81.4771931047715, 37.9313769074347], [-81.4771859786067, 37.9313835157702], [-81.4771783946746, 37.9313895844818], [-81.4771701233222, 37.931395206038], [-81.4771613927659, 37.9313999281629], [-81.4771518598356, 37.9314040233398], [-81.4771419835051, 37.9314076678536], [-81.4771317643707, 37.9314109539436], [-81.4771213138607, 37.9314137910285], [-81.4771108612915, 37.9314164471582], [-81.4771002943807, 37.9314187432333], [-81.4770898371504, 37.9314206783457], [-81.4770861997087, 37.9314211437395], [-81.477059531827, 37.9314326081456], [-81.4769489608904, 37.9313675323657], [-81.4769404243998, 37.9313672057436], [-81.4769306423713, 37.9313676967408], [-81.4769207497361, 37.9313688183863], [-81.4769148382361, 37.931369833767], [-81.4768027703192, 37.9314429314056], [-81.4767893947623, 37.9314508268488], [-81.4767827164178, 37.9314564419233], [-81.4767745614517, 37.9314623333681], [-81.4767660633713, 37.9314679558146], [-81.4767574503367, 37.9314733984677], [-81.4767396538796, 37.9314839255656], [-81.4766940727928, 37.9315093471252], [-81.4766758199935, 37.9315196950994], [-81.4766484983735, 37.9315356685248], [-81.4766098444189, 37.9315586277979], [-81.4765302734256, 37.9316068094067], [-81.476520380752, 37.9316079310187], [-81.4765114172818, 37.9316121132628], [-81.4765018854748, 37.931616116845], [-81.4764921222953, 37.931619671421], [-81.4764821263056, 37.9316224164794], [-81.4764715575674, 37.9316247125056], [-81.4764606434219, 37.9316261086365], [-81.4764496116895, 37.9316270545962], [-81.4764384623704, 37.9316275503844], [-81.4764273110318, 37.9316275955333], [-81.4764159321148, 37.9316276416026], [-81.4764046640789, 37.9316272365755], [-81.4763935080874, 37.9316265607058], [-81.4763921420358, 37.9316264761068], [-81.4763460445492, 37.9316421649555], [-81.4763269143945, 37.9316225033759], [-81.4763148853944, 37.9316101142258], [-81.4760617375255, 37.9317574184574], [-81.4761193098678, 37.931809190124], [-81.476139454821, 37.9318274055621], [-81.4761259821524, 37.9318381847555], [-81.4761292595257, 37.9318523224959], [-81.4760545701844, 37.9319517668858], [-81.4760540090994, 37.9319528507071], [-81.4760506471358, 37.9319608858138], [-81.4760475124385, 37.9319690094262], [-81.4760417011547, 37.9319854371683], [-81.4760338977493, 37.9320104345463], [-81.4760257660284, 37.9320375963544], [-81.4760098930286, 37.9320996695071], [-81.4760043690407, 37.932107712654], [-81.4760034770492, 37.9321104208446], [-81.4760006851851, 37.9321186339022], [-81.4759974366903, 37.9321267586774], [-81.4759939623884, 37.9321348836619], [-81.4759902581512, 37.9321429201512], [-81.4759862111078, 37.9321505975099], [-81.4759812563759, 37.9321585489278], [-81.4759758444317, 37.9321663219364], [-81.4759699767498, 37.9321740073629], [-81.4759521423084, 37.9321966118177], [-81.475946387245, 37.9322041158248], [-81.4759412011262, 37.9322116168264], [-81.4759363584323, 37.9322192974014], [-81.4759325392371, 37.9322271547993], [-81.4759308643392, 37.9322321179795], [-81.4759569772501, 37.9323462969864], [-81.4760009466996, 37.9324769861326], [-81.4760270406614, 37.9325530405144], [-81.4760454858806, 37.9326074933998], [-81.4760921843078, 37.9327378116522], [-81.4760931879453, 37.932752138145], [-81.4760950646798, 37.9327609639241], [-81.4760967118065, 37.9327693385776], [-81.4760979037788, 37.9327777164808], [-81.4760985189573, 37.9327847433705]]]}, "properties": {"name": "N2G", "folder": "# Natural Gas", "style_id": "N2G", "stroke": "#ff0000", "stroke-opacity": 1.0, "fill": "#ff0000", "fill-opacity": 1.0}}, {"type": "Feature", "geometry": {"type": "Polygon", "coordinates": [[[-81.4900108584767, 37.9296491785673], [-81.4899774845506, 37.9296785194167], [-81.4899670195423, 37.9296791938951], [-81.4897699568485, 37.929716245501], [-81.4894945981581, 37.9297693958159], [-81.4895102769958, 37.9298514383585], [-81.4895614960736, 37.9299394625407], [-81.4897320621516, 37.9300930541173], [-81.4898362328379, 37.9301868056207], [-81.4899201699269, 37.9302325122459], [-81.4901197359232, 37.930109285685], [-81.4901159184267, 37.9300997471791], [-81.4901111032047, 37.930094450312], [-81.4901059340374, 37.9300869911124], [-81.4901014446111, 37.9300793481189], [-81.4900976367008, 37.9300712530489], [-81.4900942809583, 37.9300629751328], [-81.4900910386908, 37.9300545157814], [-81.4900822198052, 37.9300287755407], [-81.490075962556, 37.9300116777443], [-81.4900724924293, 37.9300033094705], [-81.4900685695386, 37.9299950339156], [-81.4900641918153, 37.9299869412173], [-81.4900593616387, 37.9299793897704], [-81.4900540793012, 37.9299720218731], [-81.4900484553056, 37.9299647441193], [-81.4900314737408, 37.9299435443299], [-81.4900261920237, 37.9299365369458], [-81.4900215947988, 37.9299295260069], [-81.4900177928992, 37.9299226018852], [-81.4900150153632, 37.9299155826645], [-81.4900140599002, 37.9299086466898], [-81.4900149208518, 37.9299013433384], [-81.4900176032632, 37.929894030994], [-81.4900214223496, 37.9298865350659], [-81.490022999799, 37.9298841844321], [-81.4900204600153, 37.9298786978272], [-81.4900530333204, 37.9297630164639], [-81.4900516361807, 37.9297582454311], [-81.490046856684, 37.9297410499407], [-81.4900415082643, 37.9297238575235], [-81.4900387223678, 37.9297155779364], [-81.4900219580976, 37.9296758099064], [-81.4900108584767, 37.9296491785673]]]}, "properties": {"name": "N2G", "folder": "# Natural Gas", "style_id": "N2G", "stroke": "#ff0000", "stroke-opacity": 1.0, "fill": "#ff0000", "fill-opacity": 1.0}}, {"type": "Feature", "geometry": {"type": "Polygon", "coordinates": [[[-81.4905700212978, 37.9307457941866], [-81.4901541036775, 37.9307610474453], [-81.4901410518278, 37.9308860209501], [-81.4901298240485, 37.9310289218696], [-81.4901374072676, 37.9311084737046], [-81.4901480905051, 37.9311579101619], [-81.4902316877469, 37.9312206523965], [-81.4903605847923, 37.9313189885279], [-81.4904132893058, 37.9314244904904], [-81.4904437356435, 37.9315712735546], [-81.490446127759, 37.9316742820064], [-81.4904524826718, 37.9318430675765], [-81.4904191992553, 37.9320574427737], [-81.4903544884907, 37.9322169714982], [-81.490275559519, 37.9323435714225], [-81.4901826033274, 37.9324483276192], [-81.4900377399278, 37.9325505073175], [-81.4899653145928, 37.9326112849083], [-81.4898619323851, 37.9327050891993], [-81.4897412825649, 37.9328208673708], [-81.4895825708962, 37.9329286013184], [-81.4894844516419, 37.9329929111238], [-81.4893845232372, 37.9330761548029], [-81.4892909284099, 37.9331707297509], [-81.4895988807384, 37.9332602089784], [-81.4897207261995, 37.9332900754984], [-81.4897222117752, 37.9332911508664], [-81.4897428145025, 37.9332750214171], [-81.489766706112, 37.9332570770995], [-81.489814723141, 37.933221997231], [-81.4898157418814, 37.9332211818275], [-81.4899179737754, 37.933125129142], [-81.4900357218534, 37.9330521749608], [-81.4900423894564, 37.9330452065403], [-81.490048829173, 37.9330380595141], [-81.4900549260323, 37.9330308244903], [-81.490058310157, 37.9330264841944], [-81.4901070678891, 37.932914611028], [-81.4901138549401, 37.9329083631395], [-81.4901171007354, 37.9329003288242], [-81.4901209163687, 37.9328922914313], [-81.4901253027509, 37.9328845220486], [-81.4901303757536, 37.9328771997478], [-81.4901363623868, 37.9328705052499], [-81.4901431491453, 37.9328643481943], [-81.4901503922676, 37.9328583702], [-81.4901580908552, 37.9328525698622], [-81.490181875015, 37.9328356166245], [-81.4901895753758, 37.9328298162773], [-81.4901972733542, 37.9328239251062], [-81.4902044020789, 37.9328178574558], [-81.4902109597357, 37.9328113401297], [-81.4902169430779, 37.9328042858286], [-81.490222243049, 37.932796872449], [-81.490227084292, 37.9327891920009], [-81.4902302333237, 37.9327835908703], [-81.490274568908, 37.9326912940948], [-81.4902831140343, 37.9326757562658], [-81.49029524687, 37.9326520017286], [-81.4903035632093, 37.932636284593], [-81.4903119933309, 37.9326205662785], [-81.4903252688644, 37.9325977991023], [-81.4903260579054, 37.9325965340053], [-81.490341906304, 37.9325670858398], [-81.4903517282355, 37.9325553274085], [-81.4903582625123, 37.9325452958357], [-81.4903632205086, 37.9325380655414], [-81.4903686345496, 37.9325308326422], [-81.490374501356, 37.9325232373391], [-81.4903805966261, 37.9325156403794], [-81.4904052041322, 37.9324856149275], [-81.490411184436, 37.9324781099828], [-81.4904168236487, 37.9324705149219], [-81.490422008593, 37.9324629224581], [-81.4904266198135, 37.9324548817391], [-81.4904303224893, 37.9324468448064], [-81.4904330001684, 37.9324388128497], [-81.4904349924159, 37.9324305126578], [-81.490436193811, 37.9324229367958], [-81.4904384667132, 37.9323539784657], [-81.4904401615885, 37.9323521688172], [-81.4904406793296, 37.9323443247126], [-81.4904412222469, 37.9323405377265], [-81.4904691670292, 37.9322817471281], [-81.4904717416823, 37.9322753372216], [-81.4904772670836, 37.932267742632], [-81.490488209805, 37.9322535474364], [-81.4904992665976, 37.9322392609308], [-81.4905110058116, 37.9322247906171], [-81.4905322270232, 37.9321989251974], [-81.4905905092144, 37.9320993605229], [-81.4905937495089, 37.9320902439617], [-81.4905993239855, 37.9320729152048], [-81.4906016539846, 37.9320640735303], [-81.4906082231381, 37.9319567015248], [-81.4906077499665, 37.9319026259586], [-81.4906072108952, 37.9318215118969], [-81.4906066898377, 37.9317944752992], [-81.4906044909746, 37.9317545579203], [-81.4906035013041, 37.9317427544125], [-81.4906011710085, 37.9317174385171], [-81.4905980453801, 37.9316923047877], [-81.4905954327083, 37.931675732605], [-81.4905936704753, 37.9316675374874], [-81.490591921719, 37.9316612364358], [-81.4905335153412, 37.931553685355], [-81.4905360184078, 37.9315366404948], [-81.4905355398966, 37.9315331274492], [-81.4905349131521, 37.9315242973965], [-81.4905342834321, 37.9315152870978], [-81.4905340510669, 37.9314974424773], [-81.490534213062, 37.9314703129012], [-81.4905350021095, 37.9314521936349], [-81.4905356258433, 37.9314431781109], [-81.4905367029535, 37.931434160697], [-81.49053789534, 37.9314252329317], [-81.4905396605479, 37.9314167527206], [-81.490541651564, 37.9314082729763], [-81.4905439863128, 37.9313998805202], [-81.4905535511443, 37.9313665836618], [-81.4905556583322, 37.9313584625417], [-81.4905574256467, 37.9313504336718], [-81.4905585114277, 37.9313425879015], [-81.4905588024905, 37.931335016536], [-81.4905580727322, 37.9313278085348], [-81.4905556373683, 37.9313210589942], [-81.4905513840754, 37.9313145874197], [-81.4905454275499, 37.9313086637207], [-81.4905383361354, 37.9313031953986], [-81.4905303359024, 37.9312978209937], [-81.4905218808303, 37.9312926294468], [-81.4904949237625, 37.9312772388798], [-81.4904858982608, 37.9312719588746], [-81.4904769862402, 37.9312664981372], [-81.4904685269792, 37.9312606749951], [-81.4904607507446, 37.9312547595805], [-81.4904533131817, 37.9312485709578], [-81.4904518249517, 37.9312472252219], [-81.4904332026082, 37.9312360366806], [-81.4904233036519, 37.9312190435094], [-81.4904196339958, 37.9312149128579], [-81.4904134436167, 37.9312079085758], [-81.4904075919232, 37.9312006331983], [-81.4904021947759, 37.9311932643886], [-81.4903971375114, 37.9311858047372], [-81.4903927620749, 37.9311780725605], [-81.4903887270877, 37.9311700671689], [-81.4903851448822, 37.9311619704651], [-81.4903817920366, 37.9311538735096], [-81.4903756508115, 37.9311374047457], [-81.4903743766825, 37.9311338950148], [-81.4903625167287, 37.9311130351565], [-81.4903637762198, 37.9310970763276], [-81.4903634246784, 37.9310955455953], [-81.4903618903616, 37.9310872608026], [-81.4903609243776, 37.931078882104], [-81.4903606411317, 37.9310705019686], [-81.4903609268168, 37.9310621180542], [-81.4903616682573, 37.9310538230739], [-81.4903639473459, 37.931037049537], [-81.4903652577306, 37.93102875289], [-81.4903684447449, 37.9310118854402], [-81.4903712098179, 37.9309998860238], [-81.4903727759516, 37.9309786991244], [-81.4903814526157, 37.9309658653179], [-81.4903827977111, 37.9309627946139], [-81.4903867252141, 37.9309544870603], [-81.4903912228484, 37.9309463566849], [-81.4903961771162, 37.9309383138315], [-81.4904066537263, 37.9309224975527], [-81.49041781515, 37.9309068593815], [-81.4904350702129, 37.9308835341225], [-81.4904469182293, 37.9308683430291], [-81.4904491754185, 37.9308655389106], [-81.4904530055963, 37.9308598455086], [-81.4904560611002, 37.9308573091546], [-81.4904652045488, 37.9308460950185], [-81.4904777379831, 37.9308314418406], [-81.4904907277561, 37.9308169663135], [-81.4904973945269, 37.9308099091477], [-81.4905044038523, 37.930803030108], [-81.4905116425482, 37.9307964204995], [-81.4905192229097, 37.9307899890207], [-81.4905270344291, 37.9307838283739], [-81.4905593051946, 37.9307598088937], [-81.490567003224, 37.9307538282717], [-81.4905683614882, 37.9307527410583], [-81.4905693580319, 37.9307485916625], [-81.4905700212978, 37.9307457941866]]]}, "properties": {"name": "N2G", "folder": "# Natural Gas", "style_id": "N2G", "stroke": "#ff0000", "stroke-opacity": 1.0, "fill": "#ff0000", "fill-opacity": 1.0}}, {"type": "Feature", "geometry": {"type": "Polygon", "coordinates": [[[-81.4877256477874, 37.9190399017379], [-81.4877279371697, 37.919042145486], [-81.4877290808174, 37.9190430420408], [-81.4877575793701, 37.919068519987], [-81.4877801217543, 37.9190880754785], [-81.487808606957, 37.9191116614533], [-81.4878152433994, 37.9191174916545], [-81.487821769046, 37.9191235032775], [-81.4878537182734, 37.9191549161434], [-81.4878681437611, 37.919168556722], [-81.4878974483299, 37.9191954740673], [-81.4879491816258, 37.9192422163147], [-81.4879709324835, 37.9192624953818], [-81.4879833021068, 37.9192747918246], [-81.4880274431023, 37.9192399096597], [-81.4881882957401, 37.9191332496019], [-81.4879743045951, 37.9188946638749], [-81.4878934706797, 37.9189550245168], [-81.4877489217407, 37.9190324139642], [-81.4877256477874, 37.9190399017379]]]}, "properties": {"name": "N2G", "folder": "# Natural Gas", "style_id": "N2G", "stroke": "#ff0000", "stroke-opacity": 1.0, "fill": "#ff0000", "fill-opacity": 1.0}}, {"type": "Feature", "geometry": {"type": "Polygon", "coordinates": [[[-81.4858649079043, 37.9172432961155], [-81.4858677704591, 37.9172460790155], [-81.4859640597521, 37.9173386049377], [-81.4859695490269, 37.9173429077815], [-81.4861037229165, 37.9174179729912], [-81.4861049767274, 37.9174183283303], [-81.4861241373484, 37.9174253687109], [-81.4861437533485, 37.9174325888744], [-81.4861533349962, 37.9174365142869], [-81.4861625806851, 37.9174409825674], [-81.4861713716042, 37.9174456329847], [-81.4861797104267, 37.9174507366205], [-81.4861877100217, 37.9174562916003], [-81.4861953724624, 37.9174622077861], [-81.4862028070837, 37.9174682164503], [-81.4862320961314, 37.9174932415669], [-81.486239532825, 37.9174994290708], [-81.4862471949882, 37.917505436792], [-81.486249824095, 37.9175073186482], [-81.4863737286375, 37.9175777385393], [-81.4864030710137, 37.9175935701868], [-81.4864094654302, 37.9175969686784], [-81.4864216012499, 37.9175741157656], [-81.4865791028123, 37.9174079862838], [-81.4864731704954, 37.9173541676785], [-81.4863610121807, 37.9173226345731], [-81.4862986517026, 37.9173031546184], [-81.4861428726421, 37.9172471961952], [-81.4860711356534, 37.9172203635304], [-81.4859460903963, 37.917132192518], [-81.4858731802806, 37.9172383055469], [-81.4858649079043, 37.9172432961155]]]}, "properties": {"name": "N2G", "folder": "# Natural Gas", "style_id": "N2G", "stroke": "#ff0000", "stroke-opacity": 1.0, "fill": "#ff0000", "fill-opacity": 1.0}}, {"type": "Feature", "geometry": {"type": "Polygon", "coordinates": [[[-81.4867216472791, 37.9179244702793], [-81.4867242850228, 37.9179275237719], [-81.4867294482342, 37.9179342621275], [-81.4867343862822, 37.9179410915436], [-81.4867394440428, 37.9179490921474], [-81.4867441604965, 37.9179568237741], [-81.4867487646702, 37.9179649163828], [-81.4867658167534, 37.9179973825894], [-81.4867699617021, 37.9180048461904], [-81.4868746761185, 37.9180979674086], [-81.4868973650074, 37.918122569013], [-81.4869106497581, 37.9181359433393], [-81.4869235970687, 37.9181497697075], [-81.4869428488696, 37.9181705993823], [-81.4869555713322, 37.9181849674539], [-81.4869662328923, 37.9181970908153], [-81.4869752856645, 37.91820705843], [-81.4870723838346, 37.9183183262978], [-81.4870777686931, 37.9183238920374], [-81.4870848675123, 37.9183307124953], [-81.4870923043721, 37.9183371710359], [-81.4871006543524, 37.9183438067596], [-81.4871089980864, 37.9183496299353], [-81.4871174550005, 37.9183553632167], [-81.4871261382642, 37.9183609153016], [-81.4871350469886, 37.9183662861937], [-81.4871529802864, 37.9183769380711], [-81.487216479075, 37.9184137177081], [-81.4872342992173, 37.9184244594667], [-81.487243095082, 37.918429831522], [-81.4872516657797, 37.9184355636183], [-81.487260008946, 37.9184412973602], [-81.4872678985331, 37.9184473942014], [-81.4872754500735, 37.9184538515512], [-81.4874124688465, 37.9183733393359], [-81.4875337386481, 37.9183026261842], [-81.4875680204004, 37.9182738229984], [-81.4874895100793, 37.9182036662979], [-81.4874310998522, 37.9181450551082], [-81.4873783111514, 37.9181107534484], [-81.4873528091225, 37.9180907601886], [-81.4873470540612, 37.9180289552153], [-81.4873230296554, 37.9179745270822], [-81.487260922376, 37.9179071871481], [-81.48717874335, 37.9178328107473], [-81.4871093367625, 37.9177627062292], [-81.4870509456024, 37.9177068873708], [-81.4869607134872, 37.9177742276532], [-81.4867216472791, 37.9179244702793]]]}, "properties": {"name": "N2G", "folder": "# Natural Gas", "style_id": "N2G", "stroke": "#ff0000", "stroke-opacity": 1.0, "fill": "#ff0000", "fill-opacity": 1.0}}, {"type": "Feature", "geometry": {"type": "Polygon", "coordinates": [[[-81.4788529135872, 37.9165921886479], [-81.4788547995685, 37.9166024564418], [-81.4787808134521, 37.9169301972282], [-81.4789036567762, 37.9169611526102], [-81.4789940785053, 37.9169922398237], [-81.4790736626435, 37.9170190448682], [-81.4791819760379, 37.9170371712904], [-81.4792848766412, 37.917045314578], [-81.4794005951616, 37.917047728109], [-81.4794979964261, 37.9170673393531], [-81.4796063388739, 37.9170726661733], [-81.4797055255801, 37.9170693770778], [-81.4797118647742, 37.9169768783773], [-81.4797508293635, 37.9168102503675], [-81.4797609913416, 37.9167984928119], [-81.4797539290521, 37.9167971696588], [-81.479670209591, 37.9167819185036], [-81.4796604002406, 37.9167779019519], [-81.479650602883, 37.9167758689037], [-81.479640120284, 37.9167735682587], [-81.479629638878, 37.9167711774785], [-81.4796193823652, 37.9167685160966], [-81.4796093516207, 37.9167655819968], [-81.4795993191259, 37.916762378219], [-81.4795895106578, 37.9167586334546], [-81.479579813607, 37.916754526309], [-81.4795702276837, 37.9167501490254], [-81.4795420384922, 37.9167365642058], [-81.4795325675321, 37.9167320963212], [-81.4795230959658, 37.9167278086973], [-81.4795135138682, 37.9167238827452], [-81.479503708049, 37.9167204076471], [-81.4795012005085, 37.9167196961235], [-81.4793528017715, 37.9167130909943], [-81.4793399380091, 37.9167118815751], [-81.4793366390904, 37.9167118041777], [-81.4793254856152, 37.9167113095312], [-81.4793146737335, 37.9167107219548], [-81.4792932740073, 37.9167090072218], [-81.4792613972669, 37.9167057121154], [-81.479229517905, 37.9167018755298], [-81.4792164210474, 37.9166999460103], [-81.4791832940608, 37.9166968369366], [-81.4790352172672, 37.9166520137787], [-81.4790150529244, 37.916647679507], [-81.4789733566914, 37.9166389263892], [-81.4789527331764, 37.9166342334575], [-81.4789425907768, 37.9166314814224], [-81.4789326732634, 37.9166284573787], [-81.478922980641, 37.9166251620304], [-81.4789135111763, 37.9166210539036], [-81.4789042674961, 37.9166166751728], [-81.4788951367187, 37.9166120255934], [-81.4788861173512, 37.9166072861346], [-81.4788676194809, 37.9165969063798], [-81.4788567898148, 37.9165934353935], [-81.4788529135872, 37.9165921886479]]]}, "properties": {"name": "N2G", "folder": "# Natural Gas", "style_id": "N2G", "stroke": "#ff0000", "stroke-opacity": 1.0, "fill": "#ff0000", "fill-opacity": 1.0}}, {"type": "Feature", "geometry": {"type": "Polygon", "coordinates": [[[-81.4865615794747, 37.9285799567469], [-81.4865622678251, 37.928580945323], [-81.486564156513, 37.9286603407189], [-81.4865655630308, 37.9288737617735], [-81.4867589980002, 37.9288729618073], [-81.4869521794354, 37.9288338576237], [-81.4871798218218, 37.9287234076166], [-81.4873012576579, 37.928623672462], [-81.4873732547451, 37.9284982748403], [-81.4874282632954, 37.928402329692], [-81.4873910649924, 37.9283866210081], [-81.4872793543197, 37.9283393158105], [-81.4872587033942, 37.9283135342118], [-81.4872468348949, 37.928325659976], [-81.4871677196051, 37.9284068335083], [-81.4871506613193, 37.9284255615945], [-81.4871154163811, 37.9284644623865], [-81.4871039031664, 37.9284785709183], [-81.4871015327226, 37.9284814641636], [-81.4870990404735, 37.9284830073819], [-81.4870904261716, 37.928488089575], [-81.4870858893761, 37.9284904517153], [-81.4870726652223, 37.9285039357166], [-81.4870408077307, 37.9285042478309], [-81.4870311432099, 37.9285053693814], [-81.4870202226114, 37.9285059560579], [-81.4870088465713, 37.9285063636556], [-81.4869862052979, 37.9285067270384], [-81.486952070043, 37.9285068682961], [-81.4869294299671, 37.9285074133299], [-81.4869180557047, 37.9285080905952], [-81.4869069102085, 37.9285089485796], [-81.4868957670848, 37.9285101663663], [-81.4868851970422, 37.9285120126858], [-81.4868748572348, 37.9285141277357], [-81.4868645180355, 37.9285166047074], [-81.4868541797198, 37.9285190809706], [-81.486792735071, 37.928536279471], [-81.4867717179648, 37.9285415030759], [-81.4867629699455, 37.9285434319769], [-81.486741615941, 37.9285491984499], [-81.4865860101308, 37.9285749880444], [-81.4865615794747, 37.9285799567469]]]}, "properties": {"name": "N2G", "folder": "# Natural Gas", "style_id": "N2G", "stroke": "#ff0000", "stroke-opacity": 1.0, "fill": "#ff0000", "fill-opacity": 1.0}}, {"type": "Feature", "geometry": {"type": "Polygon", "coordinates": [[[-81.479220296474, 37.9156138696411], [-81.4793358861219, 37.9156316959146], [-81.4795150628228, 37.9156306047957], [-81.479520409753, 37.9156305830102], [-81.4796325721563, 37.9156286838878], [-81.4796339373299, 37.9156286783242], [-81.4796216706104, 37.9155265214429], [-81.4796107803788, 37.9154787978826], [-81.4796084626638, 37.915384801535], [-81.4795464665524, 37.9154032603258], [-81.4795004286432, 37.9154092168978], [-81.4794293704878, 37.9153812951405], [-81.4793620005153, 37.9153605686795], [-81.4792556483637, 37.9153637965299], [-81.4792149477253, 37.9153681082204], [-81.479220296474, 37.9156138696411]]]}, "properties": {"name": "N2G", "folder": "# Natural Gas", "style_id": "N2G", "stroke": "#ff0000", "stroke-opacity": 1.0, "fill": "#ff0000", "fill-opacity": 1.0}}, {"type": "Feature", "geometry": {"type": "Polygon", "coordinates": [[[-81.4941533480837, 37.9233756199452], [-81.4942334451472, 37.923409082093], [-81.4943799911661, 37.923476785299], [-81.4945477798308, 37.9235053723416], [-81.4946991465393, 37.9235621485341], [-81.4948394838817, 37.9236370862025], [-81.495008628135, 37.923664135391], [-81.4950952909211, 37.9237094656998], [-81.4950824512514, 37.9236103774395], [-81.4950275818476, 37.9235385047841], [-81.495011420527, 37.9234529498871], [-81.4950592627385, 37.9233761386924], [-81.494964252617, 37.9233585124676], [-81.4948613307034, 37.9233319065008], [-81.4947587278863, 37.9233188192087], [-81.4946209921269, 37.9232924488151], [-81.4945105907899, 37.9232702910188], [-81.4943705730787, 37.9232258146248], [-81.4942807170072, 37.9232982054171], [-81.4941533480837, 37.9233756199452]]]}, "properties": {"name": "WIN", "folder": "Winifrede", "style_id": "WIN", "stroke": "#000000", "stroke-opacity": 1.0, "stroke-width": 0.4, "fill": "#000000", "fill-opacity": 1.0}}, {"type": "Feature", "geometry": {"type": "Polygon", "coordinates": [[[-81.5059798387855, 37.9273498183459], [-81.5060951840672, 37.927461443125], [-81.5061941000254, 37.9275331210751], [-81.5063083150032, 37.9275957201933], [-81.5063612454068, 37.9275324019773], [-81.5064600308548, 37.9274688863962], [-81.5065713515879, 37.9274909395553], [-81.5066551142763, 37.9275266306482], [-81.5067333840625, 37.9276569810391], [-81.5068383015116, 37.9276745550549], [-81.5069685005869, 37.9276785006776], [-81.5071018658936, 37.9276961321567], [-81.5070289189007, 37.9275952313423], [-81.5069163669471, 37.9274933301154], [-81.5067972405992, 37.9273947904658], [-81.5066464402784, 37.9273400103251], [-81.5064745545848, 37.9273298452938], [-81.5063043611112, 37.9273342729647], [-81.5061336319861, 37.9273432985809], [-81.5059798387855, 37.9273498183459]]]}, "properties": {"name": "WIN", "folder": "Winifrede", "style_id": "WIN", "stroke": "#000000", "stroke-opacity": 1.0, "stroke-width": 0.4, "fill": "#000000", "fill-opacity": 1.0}}, {"type": "Feature", "geometry": {"type": "Polygon", "coordinates": [[[-81.4700923620615, 37.9181296960688], [-81.4702298948047, 37.9181805211521], [-81.4704016128754, 37.9181863242407], [-81.4705504537563, 37.9182444035344], [-81.4706865395657, 37.918193206563], [-81.4700923620615, 37.9181296960688]]]}, "properties": {"name": "WIN", "folder": "Winifrede", "style_id": "WIN", "stroke": "#000000", "stroke-opacity": 1.0, "stroke-width": 0.4, "fill": "#000000", "fill-opacity": 1.0}}, {"type": "Feature", "geometry": {"type": "Polygon", "coordinates": [[[-81.4544069280338, 37.9246385386586], [-81.4542547107751, 37.9246978005984], [-81.4547895654554, 37.9254131645519], [-81.454858672933, 37.9254012714642], [-81.4548577712506, 37.9253471071523], [-81.4548546614267, 37.9252118348715], [-81.4548108464565, 37.9250809566991], [-81.4547393226743, 37.9249591069893], [-81.4547182649811, 37.924828321095], [-81.4546543592385, 37.9247055413007], [-81.4544906154907, 37.9246666062635], [-81.4544069280338, 37.9246385386586]]]}, "properties": {"name": "WIN", "folder": "Winifrede", "style_id": "WIN", "stroke": "#000000", "stroke-opacity": 1.0, "stroke-width": 0.4, "fill": "#000000", "fill-opacity": 1.0}}, {"type": "Feature", "geometry": {"type": "Polygon", "coordinates": [[[-81.4901448735407, 37.9173027004457], [-81.4901557699124, 37.9173159942239], [-81.4902519273239, 37.9174392513147], [-81.4903695252203, 37.917536100486], [-81.4905065624235, 37.9176133111324], [-81.4906693415914, 37.9176777060438], [-81.4907928706627, 37.9177424446781], [-81.4909547044067, 37.917921398363], [-81.4909986590282, 37.9180298202655], [-81.4911022241194, 37.9181376343048], [-81.491188785091, 37.9182545314606], [-81.4913131714379, 37.9183450429793], [-81.4914090254371, 37.9184564032757], [-81.4915330621124, 37.9185458344641], [-81.4916540603908, 37.9186230206103], [-81.4917666810729, 37.91872349503], [-81.4918734199659, 37.9188289510409], [-81.4919876724483, 37.9189010269507], [-81.4918937480576, 37.9188064224422], [-81.4917713472127, 37.918689676996], [-81.4916790803093, 37.9186044388462], [-81.4916008600666, 37.9185101297085], [-81.4914771555196, 37.9184024910583], [-81.4913956732073, 37.9183308178909], [-81.4912759400681, 37.9181870205371], [-81.491155032472, 37.9180207857272], [-81.4910527364378, 37.9178815112609], [-81.4909872724526, 37.9178232903811], [-81.490762460814, 37.9176348660971], [-81.4906559679805, 37.9176171941068], [-81.4905036527505, 37.9175864639791], [-81.4904379248816, 37.9175055312669], [-81.4905864269335, 37.9175274446898], [-81.4906827278808, 37.9175180302729], [-81.4905845843095, 37.9174554389389], [-81.490446267222, 37.9173567836085], [-81.4902783649625, 37.9172403156035], [-81.4901592576416, 37.9171732146383], [-81.4901442755419, 37.9172814316804], [-81.4901448735407, 37.9173027004457]]]}, "properties": {"name": "WIN", "folder": "Winifrede", "style_id": "WIN", "stroke": "#000000", "stroke-opacity": 1.0, "stroke-width": 0.4, "fill": "#000000", "fill-opacity": 1.0}}, {"type": "Feature", "geometry": {"type": "Polygon", "coordinates": [[[-81.4519184799845, 37.9199084816238], [-81.452008067161, 37.9201765433316], [-81.4523133838571, 37.9203905988947], [-81.4524604330455, 37.9204732231899], [-81.4523831155414, 37.9203884388517], [-81.4522871998866, 37.9202764159861], [-81.4521626225189, 37.9201843316617], [-81.4520467586612, 37.9200846428529], [-81.4519956833026, 37.9199560432164], [-81.4519184799845, 37.9199084816238]]]}, "properties": {"name": "WIN", "folder": "Winifrede", "style_id": "WIN", "stroke": "#000000", "stroke-opacity": 1.0, "stroke-width": 0.4, "fill": "#000000", "fill-opacity": 1.0}}, {"type": "Feature", "geometry": {"type": "Polygon", "coordinates": [[[-81.4516388686522, 37.921906464742], [-81.4516548664269, 37.9219735498297], [-81.4517170767855, 37.9220996726275], [-81.4517292746209, 37.9222337378057], [-81.4516854711467, 37.9223639635134], [-81.4516649563112, 37.9224512869031], [-81.452040851172, 37.9223542162363], [-81.4518373070419, 37.9218528864288], [-81.4516388686522, 37.921906464742]]]}, "properties": {"name": "WIN", "folder": "Winifrede", "style_id": "WIN", "stroke": "#000000", "stroke-opacity": 1.0, "stroke-width": 0.4, "fill": "#000000", "fill-opacity": 1.0}}, {"type": "Feature", "geometry": {"type": "Polygon", "coordinates": [[[-81.4800898524229, 37.9112598632568], [-81.4801554063494, 37.9112814973254], [-81.480299119731, 37.9113216488018], [-81.4804237135854, 37.9114130731571], [-81.4805723169551, 37.911400568664], [-81.4807414222665, 37.9114267366642], [-81.4809067616061, 37.9114334525248], [-81.4810726165296, 37.9114672035099], [-81.4812387850065, 37.9114965380377], [-81.481409745079, 37.9115103497406], [-81.4815523711258, 37.9115405898765], [-81.4816623360525, 37.9115691616213], [-81.4815495661609, 37.9114946345669], [-81.4815733842815, 37.9114833610453], [-81.4806666849604, 37.9111478204803], [-81.4803054643352, 37.9109504685853], [-81.4800898524229, 37.9112598632568]]]}, "properties": {"name": "WIN", "folder": "Winifrede", "style_id": "WIN", "stroke": "#000000", "stroke-opacity": 1.0, "stroke-width": 0.4, "fill": "#000000", "fill-opacity": 1.0}}, {"type": "Feature", "geometry": {"type": "Polygon", "coordinates": [[[-81.4537404835567, 37.9234491485977], [-81.4534774880901, 37.9234967585521], [-81.4538325028536, 37.924407500252], [-81.454085098386, 37.92435208837], [-81.4540291966278, 37.9242908357633], [-81.4539352068144, 37.9241785365155], [-81.4538941196645, 37.9240471059703], [-81.4538472395358, 37.9239169595609], [-81.453765725787, 37.9237982121569], [-81.453762964713, 37.9236636602018], [-81.4537644086327, 37.9235284604194], [-81.4537404835567, 37.9234491485977]]]}, "properties": {"name": "WIN", "folder": "Winifrede", "style_id": "WIN", "stroke": "#000000", "stroke-opacity": 1.0, "stroke-width": 0.4, "fill": "#000000", "fill-opacity": 1.0}}, {"type": "Feature", "geometry": {"type": "Polygon", "coordinates": [[[-81.4521207779132, 37.9238865611575], [-81.4521213291863, 37.9239765983866], [-81.4521228387072, 37.9241117867994], [-81.4520760705458, 37.924241032578], [-81.4519951018244, 37.9243597730131], [-81.452022852386, 37.9244879206597], [-81.4520214786078, 37.9245607512506], [-81.4524647549163, 37.9244843290318], [-81.4524091881024, 37.9238645434339], [-81.4521207779132, 37.9238865611575]]]}, "properties": {"name": "WIN", "folder": "Winifrede", "style_id": "WIN", "stroke": "#000000", "stroke-opacity": 1.0, "stroke-width": 0.4, "fill": "#000000", "fill-opacity": 1.0}}, {"type": "Feature", "geometry": {"type": "Polygon", "coordinates": [[[-81.4926503820653, 37.9202632653059], [-81.4927606265359, 37.9202628037535], [-81.4928691108318, 37.9202716320938], [-81.492832495598, 37.919831233605], [-81.4926623453432, 37.9194472729838], [-81.4925542136763, 37.9193038790496], [-81.4925247175058, 37.919299405896], [-81.4924039169037, 37.919286301849], [-81.4923438637357, 37.9192719528362], [-81.4923815003034, 37.9193368688168], [-81.4924772404326, 37.9194477780458], [-81.4924840519526, 37.9195820416652], [-81.4924843845936, 37.9197172343918], [-81.4924852866934, 37.9198525148618], [-81.4924815299165, 37.9199888069524], [-81.4925704592048, 37.9201019069935], [-81.4926267917187, 37.9202234367309], [-81.4926503820653, 37.9202632653059]]]}, "properties": {"name": "WIN", "folder": "Winifrede", "style_id": "WIN", "stroke": "#000000", "stroke-opacity": 1.0, "stroke-width": 0.4, "fill": "#000000", "fill-opacity": 1.0}}, {"type": "Feature", "geometry": {"type": "Polygon", "coordinates": [[[-81.4550593312643, 37.9148305555846], [-81.4550906914242, 37.9148980315294], [-81.455105515968, 37.9150328087967], [-81.4551605263269, 37.9151536401175], [-81.4552125077722, 37.915281242141], [-81.4552557484216, 37.9154119430604], [-81.4553114825729, 37.9155390812776], [-81.4553969615292, 37.9156563689689], [-81.4554717730755, 37.9157776642854], [-81.4555976992185, 37.9158674867228], [-81.4557030009973, 37.9159704576737], [-81.4558140664083, 37.9160672780979], [-81.4559830830633, 37.9160971773047], [-81.4560402142715, 37.9161187665949], [-81.4559872480716, 37.91605326806], [-81.455880386753, 37.9159004617454], [-81.4558654429904, 37.915783351165], [-81.4558634653969, 37.9156841254423], [-81.4558470155125, 37.9155626043388], [-81.4557796256464, 37.9154637227849], [-81.4556741457606, 37.9154055469909], [-81.4555664063968, 37.9154239900044], [-81.4554490856347, 37.9154379635188], [-81.4554137940211, 37.9154156578182], [-81.4552600527026, 37.9153350458638], [-81.4552412662743, 37.9152404824544], [-81.4552069344792, 37.9150783812626], [-81.4551942081269, 37.9149702749614], [-81.4551240902749, 37.9148533776484], [-81.4550593312643, 37.9148305555846]]]}, "properties": {"name": "WIN", "folder": "Winifrede", "style_id": "WIN", "stroke": "#000000", "stroke-opacity": 1.0, "stroke-width": 0.4, "fill": "#000000", "fill-opacity": 1.0}}, {"type": "Feature", "geometry": {"type": "Polygon", "coordinates": [[[-81.4963860959346, 37.9250255951601], [-81.4963785387687, 37.9250694298846], [-81.4962863878031, 37.9251897799584], [-81.4963646172122, 37.9252833654701], [-81.4965301624126, 37.9253160142415], [-81.4966916668814, 37.9253568823057], [-81.4968015335713, 37.9254175269183], [-81.4967824217898, 37.9254012934901], [-81.4967520509634, 37.9252842535906], [-81.4966474278631, 37.9252080852626], [-81.4965373132922, 37.9251274335448], [-81.4964190903741, 37.9250423087564], [-81.4963860959346, 37.9250255951601]]]}, "properties": {"name": "WIN", "folder": "Winifrede", "style_id": "WIN", "stroke": "#000000", "stroke-opacity": 1.0, "stroke-width": 0.4, "fill": "#000000", "fill-opacity": 1.0}}, {"type": "Feature", "geometry": {"type": "Polygon", "coordinates": [[[-81.4645975736363, 37.9187670106423], [-81.4646749632679, 37.9188432250627], [-81.4648391205847, 37.9188769168411], [-81.4650067459262, 37.9188830143518], [-81.4651457341447, 37.9189665552297], [-81.4653101128756, 37.9189811380176], [-81.4654756122312, 37.9190107670675], [-81.4656458856791, 37.9190038738395], [-81.4657756582807, 37.9189250384645], [-81.4659011492392, 37.9188346826148], [-81.4660008190518, 37.9187273042688], [-81.466162560535, 37.9186844824024], [-81.466302137482, 37.9186091226609], [-81.4664433001422, 37.9185324031179], [-81.4666011366061, 37.9184840095046], [-81.466772206879, 37.9184771114905], [-81.4669279521667, 37.9185297609179], [-81.4670897703024, 37.9185531833699], [-81.4672593989843, 37.918534484107], [-81.4674135233631, 37.9184925920602], [-81.4675781725504, 37.918477968647], [-81.4677454819162, 37.9184522477968], [-81.4678866504407, 37.9183768791486], [-81.4680252934851, 37.9182980046191], [-81.4681613029953, 37.9182165280545], [-81.4683102880453, 37.91815392549], [-81.4684768780407, 37.9181227085633], [-81.468479605059, 37.918122157635], [-81.468002095269, 37.9181564125722], [-81.4669574615477, 37.9183208130466], [-81.4663621604895, 37.9184212344684], [-81.4658351090645, 37.9186282763586], [-81.4651501474283, 37.9187824024871], [-81.4645975736363, 37.9187670106423]]]}, "properties": {"name": "WIN", "folder": "Winifrede", "style_id": "WIN", "stroke": "#000000", "stroke-opacity": 1.0, "stroke-width": 0.4, "fill": "#000000", "fill-opacity": 1.0}}, {"type": "Feature", "geometry": {"type": "Polygon", "coordinates": [[[-81.4514350252408, 37.9203319623768], [-81.4514353825226, 37.9203717989641], [-81.4514329114917, 37.9205071829997], [-81.4514550012297, 37.9206403090041], [-81.4514743610611, 37.9207735370117], [-81.4514704123567, 37.9209092865215], [-81.4514977311182, 37.9210417622458], [-81.4515422196405, 37.9211723694934], [-81.4515520747861, 37.9212023455145], [-81.4515519327789, 37.9211980191382], [-81.4515049287803, 37.9209163637607], [-81.4514638151705, 37.920537347974], [-81.451436914718, 37.9203991023351], [-81.4514365070379, 37.9203324080445], [-81.4514350252408, 37.9203319623768]]]}, "properties": {"name": "WIN", "folder": "Winifrede", "style_id": "WIN", "stroke": "#000000", "stroke-opacity": 1.0, "stroke-width": 0.4, "fill": "#000000", "fill-opacity": 1.0}}, {"type": "Feature", "geometry": {"type": "Polygon", "coordinates": [[[-81.4749198437714, 37.9196057432634], [-81.4749465383122, 37.9196700774025], [-81.475046684117, 37.9197800818008], [-81.4751465997795, 37.9198896363929], [-81.4752408497987, 37.9200027295298], [-81.4753569663316, 37.9201014924039], [-81.4755206848218, 37.9201362525807], [-81.4756857678164, 37.9201533402315], [-81.4758072196808, 37.9202500996512], [-81.4759673630233, 37.920295237138], [-81.4761108484988, 37.9203681129496], [-81.4762698577786, 37.9204136158326], [-81.4763776832823, 37.9204968195493], [-81.4764431201058, 37.9206226450486], [-81.4764972977327, 37.9207494187989], [-81.4765798989511, 37.9208727419263], [-81.4764765880282, 37.9209604949795], [-81.4764770017797, 37.9211305682689], [-81.4765261880818, 37.9212594337714], [-81.4766453520025, 37.9213536772361], [-81.4767844390856, 37.9214324284338], [-81.4769015792412, 37.9215304645658], [-81.4770287990069, 37.9216212507756], [-81.4770951332857, 37.9217449098427], [-81.477186666823, 37.9218593636214], [-81.477248457601, 37.921984122572], [-81.4772524020287, 37.922119120456], [-81.4772767072107, 37.9222531344694], [-81.4773971212685, 37.9223294356213], [-81.4775647424737, 37.9223335323867], [-81.4777299465863, 37.9223683735616], [-81.4778950309348, 37.9224024031214], [-81.4780416835689, 37.9224717479241], [-81.4781410335092, 37.9225804009062], [-81.4781871581844, 37.9227102695353], [-81.4782571312424, 37.9228332829295], [-81.4782978052798, 37.9229646164343], [-81.4783391600636, 37.9230957668959], [-81.4783742640029, 37.9232281137273], [-81.4784045562106, 37.9233550730458], [-81.4783232059515, 37.9234783402276], [-81.478342590766, 37.9236079583462], [-81.4783865605368, 37.923738737629], [-81.4784421231962, 37.9238673967851], [-81.4785819245863, 37.9239324425311], [-81.4787017500734, 37.9240223542471], [-81.4788383386526, 37.9241005716452], [-81.478902576728, 37.924216126512], [-81.4788767106845, 37.9241402519919], [-81.4788406823855, 37.9240411661365], [-81.4787700074543, 37.9239332082883], [-81.4786484894423, 37.923740016646], [-81.4785753417788, 37.9236366646263], [-81.4786330405429, 37.9235508070421], [-81.4787007807229, 37.9234694150534], [-81.4786251602794, 37.9233705802921], [-81.4785412910003, 37.9232807919635], [-81.4786046491307, 37.9231904049053], [-81.478601109873, 37.9231183157752], [-81.4784700832018, 37.9230377314013], [-81.4784297653091, 37.9229612853206], [-81.4783900133818, 37.9228668110423], [-81.4783114408818, 37.9228040398314], [-81.4782403396303, 37.9226826540874], [-81.4781597652075, 37.9225568003174], [-81.4781343533227, 37.9224802935622], [-81.4780383155386, 37.9224085794753], [-81.4779718039598, 37.9223457590379], [-81.4779601270379, 37.9222466655094], [-81.4778949131312, 37.9221207491602], [-81.477807215557, 37.9220895599549], [-81.4776983606213, 37.9220764824519], [-81.4775901790772, 37.922009323756], [-81.477574096572, 37.9219327790094], [-81.4775029409951, 37.9218204059598], [-81.47747966173, 37.9217393839266], [-81.4774908934357, 37.9217168059982], [-81.4774614694454, 37.9216177830049], [-81.477417227795, 37.9215503654165], [-81.4773775343407, 37.9214468775875], [-81.4773318356238, 37.9213298939809], [-81.4772804738604, 37.9211813887216], [-81.4772274102423, 37.9210689421133], [-81.4772055427572, 37.9209247342539], [-81.4770521653483, 37.9208353167746], [-81.4769346224007, 37.92092141546], [-81.4767500370249, 37.921003279872], [-81.4766442180629, 37.9209316049488], [-81.4766295020589, 37.9208550552255], [-81.4766120510049, 37.920742553518], [-81.4765792379417, 37.9206119092761], [-81.4764995181352, 37.9204590127193], [-81.4764120117219, 37.9203331857578], [-81.476305930001, 37.9202029274356], [-81.4761656310538, 37.9200772231036], [-81.4759722915131, 37.9199654335132], [-81.4757565106203, 37.9198671636149], [-81.4755651393863, 37.9197958335218], [-81.4753890387854, 37.9197109220114], [-81.4752619478725, 37.9196393317463], [-81.4750423959171, 37.9196086728602], [-81.4749198437714, 37.9196057432634]]]}, "properties": {"name": "WIN", "folder": "Winifrede", "style_id": "WIN", "stroke": "#000000", "stroke-opacity": 1.0, "stroke-width": 0.4, "fill": "#000000", "fill-opacity": 1.0}}, {"type": "Feature", "geometry": {"type": "Polygon", "coordinates": [[[-81.4819885047272, 37.9116935577854], [-81.4820822799879, 37.9117512164522], [-81.4821953929449, 37.9118262823622], [-81.4823346480861, 37.9119149400185], [-81.4824736538198, 37.91198304899], [-81.4825956872429, 37.912064927084], [-81.4827391282356, 37.9121501414643], [-81.4829042312934, 37.9122249927237], [-81.483034706785, 37.9122929557666], [-81.4829599930201, 37.9122279184518], [-81.4828755674596, 37.9121561612176], [-81.4828793895559, 37.912079535411], [-81.4828747687448, 37.9119991580974], [-81.4819885047272, 37.9116935577854]]]}, "properties": {"name": "WIN", "folder": "Winifrede", "style_id": "WIN", "stroke": "#000000", "stroke-opacity": 1.0, "stroke-width": 0.4, "fill": "#000000", "fill-opacity": 1.0}}, {"type": "Feature", "geometry": {"type": "Polygon", "coordinates": [[[-81.4845657302874, 37.9132485254323], [-81.4846269243245, 37.9133162304336], [-81.4847196157198, 37.913433468465], [-81.4848215731143, 37.9135413835003], [-81.4849044757115, 37.9136577604082], [-81.4849538668853, 37.9137125359136], [-81.4848870572605, 37.9136216001019], [-81.4848128024601, 37.9135226733914], [-81.4847216580873, 37.9134329185721], [-81.484711323753, 37.9132796507964], [-81.4846194862413, 37.9132575867338], [-81.4845657302874, 37.9132485254323]]]}, "properties": {"name": "WIN", "folder": "Winifrede", "style_id": "WIN", "stroke": "#000000", "stroke-opacity": 1.0, "stroke-width": 0.4, "fill": "#000000", "fill-opacity": 1.0}}, {"type": "Feature", "geometry": {"type": "Polygon", "coordinates": [[[-81.4529167854997, 37.9255190803608], [-81.4530246180662, 37.9255877945842], [-81.4531539418697, 37.9256729196417], [-81.4532490747761, 37.9257856657279], [-81.4532628243717, 37.925801385423], [-81.4534231737817, 37.9256950458662], [-81.4530593451105, 37.9254249765328], [-81.4529167854997, 37.9255190803608]]]}, "properties": {"name": "WIN", "folder": "Winifrede", "style_id": "WIN", "stroke": "#000000", "stroke-opacity": 1.0, "stroke-width": 0.4, "fill": "#000000", "fill-opacity": 1.0}}, {"type": "Feature", "geometry": {"type": "Polygon", "coordinates": [[[-81.4851392825329, 37.9138999622087], [-81.4852167005856, 37.913960750171], [-81.4853631271771, 37.9140317099425], [-81.4855302922701, 37.9140556257926], [-81.485696308834, 37.914026098635], [-81.4858673066001, 37.9140274665133], [-81.4860368920791, 37.9140218091689], [-81.48620300047, 37.9139888567002], [-81.4864205621532, 37.9139781328986], [-81.4865507498897, 37.913984444605], [-81.4866977780537, 37.9139564380147], [-81.4868709011981, 37.9139350823033], [-81.4871029734938, 37.9139857655427], [-81.487085279165, 37.9139594315302], [-81.4869790410591, 37.9139102999288], [-81.4868826985774, 37.9138611272937], [-81.4867710536748, 37.9138030049182], [-81.4866606659081, 37.9137629932713], [-81.4863868866006, 37.9137190602759], [-81.4862503417595, 37.9137150278895], [-81.4861004644183, 37.9137246599703], [-81.4859489740701, 37.9137659339833], [-81.4857551373145, 37.9138207217563], [-81.4856037348511, 37.9138754242616], [-81.4854368271454, 37.9139076581458], [-81.4853089636343, 37.9139262113709], [-81.4851392825329, 37.9138999622087]]]}, "properties": {"name": "WIN", "folder": "Winifrede", "style_id": "WIN", "stroke": "#000000", "stroke-opacity": 1.0, "stroke-width": 0.4, "fill": "#000000", "fill-opacity": 1.0}}, {"type": "Feature", "geometry": {"type": "Polygon", "coordinates": [[[-81.451617005859, 37.9215873092096], [-81.4516170949174, 37.921620477233], [-81.4516254964383, 37.9216178305317], [-81.451617005859, 37.9215873092096]]]}, "properties": {"name": "WIN", "folder": "Winifrede", "style_id": "WIN", "stroke": "#000000", "stroke-opacity": 1.0, "stroke-width": 0.4, "fill": "#000000", "fill-opacity": 1.0}}, {"type": "Feature", "geometry": {"type": "Polygon", "coordinates": [[[-81.4963423335417, 37.9246259660788], [-81.4964165542547, 37.9246142960165], [-81.4965243311313, 37.9246181675372], [-81.4967054123127, 37.9246265064352], [-81.496789275452, 37.9245765813103], [-81.4968061455683, 37.9244458225726], [-81.4967197130816, 37.9243335257689], [-81.4966048597363, 37.9242754264328], [-81.4965327319256, 37.9242261596527], [-81.4964656267746, 37.9241453263729], [-81.4963863615113, 37.9241005960786], [-81.4962600247149, 37.9241281677047], [-81.4961501681957, 37.9241196179822], [-81.4960326969694, 37.9240615284163], [-81.4959434517133, 37.9240213463544], [-81.4958873607699, 37.9239539857227], [-81.495769268149, 37.9239048220178], [-81.4956589601364, 37.9239305242936], [-81.4957202005598, 37.9239514467357], [-81.4958667181276, 37.9240145501928], [-81.4959553003985, 37.9241083620604], [-81.4960691459984, 37.9242026081441], [-81.4961593513169, 37.9243008300534], [-81.4962388912534, 37.9244205469413], [-81.4963152332297, 37.9245382944145], [-81.4963423335417, 37.9246259660788]]]}, "properties": {"name": "WIN", "folder": "Winifrede", "style_id": "WIN", "stroke": "#000000", "stroke-opacity": 1.0, "stroke-width": 0.4, "fill": "#000000", "fill-opacity": 1.0}}, {"type": "Feature", "geometry": {"type": "Polygon", "coordinates": [[[-81.4720522696223, 37.9183383428708], [-81.4721122998037, 37.9183674842877], [-81.4722812048258, 37.9183957374575], [-81.4723953877359, 37.9184955940195], [-81.4725454747475, 37.9185524940958], [-81.4726459872225, 37.9186493401932], [-81.4727596786973, 37.9187435188026], [-81.4729289229387, 37.9187714105656], [-81.4730970249833, 37.9187985842321], [-81.4732449804612, 37.9187354402044], [-81.473414179178, 37.9187384550091], [-81.4735768749776, 37.9187743021682], [-81.473466716, 37.9186281948497], [-81.4734800411187, 37.9186124587095], [-81.4727654152452, 37.9184134415536], [-81.4720522696223, 37.9183383428708]]]}, "properties": {"name": "WIN", "folder": "Winifrede", "style_id": "WIN", "stroke": "#000000", "stroke-opacity": 1.0, "stroke-width": 0.4, "fill": "#000000", "fill-opacity": 1.0}}, {"type": "Feature", "geometry": {"type": "Polygon", "coordinates": [[[-81.4802694351895, 37.9222934144616], [-81.4802644449275, 37.922295868321], [-81.4801136825791, 37.922242315705], [-81.4799383161371, 37.9221845370258], [-81.479892310346, 37.9222658411111], [-81.4798486635458, 37.9223426276799], [-81.4797748068665, 37.9224105258631], [-81.4796419017112, 37.922478665382], [-81.4796265000374, 37.9225598446235], [-81.4796159718723, 37.9226906653045], [-81.4796159919522, 37.9227987303825], [-81.4796168308348, 37.922875336959], [-81.4796060386205, 37.9229655103472], [-81.4795707060369, 37.9230962518422], [-81.4795401229523, 37.9232226484636], [-81.4795256971964, 37.9233488884052], [-81.4795257012772, 37.9235247308431], [-81.479551719989, 37.9236417029048], [-81.4796166737769, 37.9237270618301], [-81.4797214521082, 37.9238302814446], [-81.4797215309118, 37.9239473592009], [-81.4796883836642, 37.9240467267751], [-81.4796452299297, 37.9241820967482], [-81.4796391921095, 37.924303705897], [-81.4796634774057, 37.924416358772], [-81.4796804493421, 37.9245244455557], [-81.4797171158437, 37.924686528976], [-81.4797259335737, 37.9248352065024], [-81.4796618767395, 37.9249931940175], [-81.4798444884991, 37.9249744236842], [-81.4800316772082, 37.924942114992], [-81.4800651123565, 37.9249395451091], [-81.4800714584947, 37.9249354641029], [-81.4800736907871, 37.9249115700084], [-81.4801408834776, 37.9246409077549], [-81.4801457423809, 37.924548234226], [-81.4801318258667, 37.9242803363567], [-81.4801367312106, 37.924107448889], [-81.4802039079582, 37.9237819886656], [-81.4803063984304, 37.9232882922367], [-81.4803403654159, 37.9230177646984], [-81.4803653787018, 37.9229275331985], [-81.4804901379963, 37.9226566356701], [-81.4805296661133, 37.9225414698546], [-81.4803404587338, 37.9224197557104], [-81.4802698078822, 37.9222980996701], [-81.4802694351895, 37.9222934144616]]]}, "properties": {"name": "WIN", "folder": "Winifrede", "style_id": "WIN", "stroke": "#000000", "stroke-opacity": 1.0, "stroke-width": 0.4, "fill": "#000000", "fill-opacity": 1.0}}, {"type": "Feature", "geometry": {"type": "Polygon", "coordinates": [[[-81.4712723551692, 37.9116321345161], [-81.4713645547656, 37.911693774462], [-81.4714806256289, 37.911788395569], [-81.4716290589466, 37.9118556691489], [-81.4717299840177, 37.9119653122109], [-81.4718788179442, 37.9120241109804], [-81.4720258861419, 37.9120911184354], [-81.4721522650685, 37.9121785779938], [-81.4722725390545, 37.91227183091], [-81.4724194430442, 37.9123308169936], [-81.4726116983969, 37.9123836715313], [-81.4726368888582, 37.9122668532599], [-81.4725490626928, 37.9120887493289], [-81.4724093614452, 37.9119107627232], [-81.4722044355078, 37.911744034167], [-81.472130332262, 37.9116304076397], [-81.4720167652846, 37.9115004456219], [-81.4719380958728, 37.911384134096], [-81.4718681151616, 37.9112746361216], [-81.4717720838829, 37.9111650629726], [-81.4716932571504, 37.9110418119249], [-81.4716753657016, 37.9110189900024], [-81.4718992074535, 37.9114226838297], [-81.4722721976533, 37.9119338455994], [-81.472607377017, 37.9123132082497], [-81.4721625011015, 37.9121246401369], [-81.4717172902968, 37.9118481946097], [-81.4714202090563, 37.9116443400871], [-81.471327349665, 37.9115861277515], [-81.4712723551692, 37.9116321345161]]]}, "properties": {"name": "WIN", "folder": "Winifrede", "style_id": "WIN", "stroke": "#000000", "stroke-opacity": 1.0, "stroke-width": 0.4, "fill": "#000000", "fill-opacity": 1.0}}, {"type": "Feature", "geometry": {"type": "Polygon", "coordinates": [[[-81.4882679151539, 37.9148618641195], [-81.4883246667605, 37.914945088575], [-81.4883690709284, 37.9150020464259], [-81.4883684399957, 37.9149410313742], [-81.4883118771726, 37.9148691617694], [-81.4882679151539, 37.9148618641195]]]}, "properties": {"name": "WIN", "folder": "Winifrede", "style_id": "WIN", "stroke": "#000000", "stroke-opacity": 1.0, "stroke-width": 0.4, "fill": "#000000", "fill-opacity": 1.0}}, {"type": "Feature", "geometry": {"type": "Polygon", "coordinates": [[[-81.4518197003083, 37.9227311758986], [-81.4518412707024, 37.9227977896124], [-81.4518861022489, 37.9229283953699], [-81.4519047799431, 37.9230616244627], [-81.4519435858114, 37.9231927948114], [-81.4519450979629, 37.9232725536008], [-81.4522853511627, 37.9231885976744], [-81.4521138942848, 37.9226511827299], [-81.4518197003083, 37.9227311758986]]]}, "properties": {"name": "WIN", "folder": "Winifrede", "style_id": "WIN", "stroke": "#000000", "stroke-opacity": 1.0, "stroke-width": 0.4, "fill": "#000000", "fill-opacity": 1.0}}, {"type": "Feature", "geometry": {"type": "Polygon", "coordinates": [[[-81.4791971234862, 37.910778874611], [-81.4792036032583, 37.9107780363579], [-81.4793684567364, 37.9107979152831], [-81.4795204037392, 37.9108625494302], [-81.4796848052231, 37.9109177598472], [-81.4797896778915, 37.9110208018459], [-81.4798275096398, 37.9110654420209], [-81.4798529954541, 37.9109785419166], [-81.4798666556468, 37.910874837197], [-81.4797101965793, 37.9107987747266], [-81.4796169352832, 37.9107495842393], [-81.4795140363709, 37.9107229646369], [-81.4794170610976, 37.910732372652], [-81.4792502696641, 37.9107645972938], [-81.4791971234862, 37.910778874611]]]}, "properties": {"name": "WIN", "folder": "Winifrede", "style_id": "WIN", "stroke": "#000000", "stroke-opacity": 1.0, "stroke-width": 0.4, "fill": "#000000", "fill-opacity": 1.0}}, {"type": "Feature", "geometry": {"type": "Polygon", "coordinates": [[[-81.4544571388985, 37.914678219332], [-81.4544776681791, 37.9147420426557], [-81.4544842640331, 37.9146676602567], [-81.4544571388985, 37.914678219332]]]}, "properties": {"name": "WIN", "folder": "Winifrede", "style_id": "WIN", "stroke": "#000000", "stroke-opacity": 1.0, "stroke-width": 0.4, "fill": "#000000", "fill-opacity": 1.0}}, {"type": "Feature", "geometry": {"type": "Polygon", "coordinates": [[[-81.4691498390027, 37.9117104647929], [-81.4691061993232, 37.9117354243823], [-81.4691463373486, 37.9117145338793], [-81.4691498390027, 37.9117104647929]]]}, "properties": {"name": "WIN", "folder": "Winifrede", "style_id": "WIN", "stroke": "#000000", "stroke-opacity": 1.0, "stroke-width": 0.4, "fill": "#000000", "fill-opacity": 1.0}}, {"type": "Feature", "geometry": {"type": "Polygon", "coordinates": [[[-81.5074909227315, 37.9282622698568], [-81.5074844542734, 37.9283478296871], [-81.5075219068923, 37.9285323429533], [-81.5075921211249, 37.9285996370285], [-81.5076528281213, 37.9286575092107], [-81.507649514648, 37.9285398140333], [-81.507611077657, 37.928410644401], [-81.5075265107365, 37.9282914083755], [-81.5074909227315, 37.9282622698568]]]}, "properties": {"name": "WIN", "folder": "Winifrede", "style_id": "WIN", "stroke": "#000000", "stroke-opacity": 1.0, "stroke-width": 0.4, "fill": "#000000", "fill-opacity": 1.0}}, {"type": "Feature", "geometry": {"type": "Polygon", "coordinates": [[[-81.4510000611023, 37.9187849347682], [-81.4509846499175, 37.9187953580208], [-81.4511096447052, 37.9188628373585], [-81.4510887486715, 37.9188318227563], [-81.4510000611023, 37.9187849347682]]]}, "properties": {"name": "WIN", "folder": "Winifrede", "style_id": "WIN", "stroke": "#000000", "stroke-opacity": 1.0, "stroke-width": 0.4, "fill": "#000000", "fill-opacity": 1.0}}, {"type": "Feature", "geometry": {"type": "Polygon", "coordinates": [[[-81.5085069345504, 37.9301634850842], [-81.5084976373268, 37.9301684830697], [-81.5084173765654, 37.9302454382742], [-81.5083972147809, 37.930358187581], [-81.5084531875365, 37.930439062021], [-81.5085652691455, 37.9304882388678], [-81.5085825850321, 37.9305736966343], [-81.5085564969839, 37.9306684450323], [-81.5084915757451, 37.9307587646457], [-81.5083896850256, 37.9307683079363], [-81.5082720384653, 37.9307372709294], [-81.5081424659698, 37.930692765925], [-81.5082466742163, 37.9307554063204], [-81.5083476664515, 37.930813554056], [-81.5084202634262, 37.9308629008971], [-81.5084348838903, 37.9308874436999], [-81.5084377049902, 37.9308840066016], [-81.5085201736062, 37.9307640495216], [-81.5085800763614, 37.9306388715856], [-81.5085863105053, 37.9305031995049], [-81.5085637671593, 37.9303691846943], [-81.5085257613583, 37.9302370399852], [-81.5085069345504, 37.9301634850842]]]}, "properties": {"name": "WIN", "folder": "Winifrede", "style_id": "WIN", "stroke": "#000000", "stroke-opacity": 1.0, "stroke-width": 0.4, "fill": "#000000", "fill-opacity": 1.0}}, {"type": "Feature", "geometry": {"type": "Polygon", "coordinates": [[[-81.478981800225, 37.9245893009609], [-81.4789769173347, 37.9246083381345], [-81.4789878270505, 37.9246413705088], [-81.4789819484675, 37.924594887675], [-81.478981800225, 37.9245893009609]]]}, "properties": {"name": "WIN", "folder": "Winifrede", "style_id": "WIN", "stroke": "#000000", "stroke-opacity": 1.0, "stroke-width": 0.4, "fill": "#000000", "fill-opacity": 1.0}}, {"type": "Feature", "geometry": {"type": "Polygon", "coordinates": [[[-81.4495830198836, 37.9191953988365], [-81.4494502278253, 37.9191922994571], [-81.449447093904, 37.9195561651402], [-81.4495158469206, 37.9195430147299], [-81.4496226165451, 37.9195322412623], [-81.4495986156724, 37.9195145781377], [-81.4495727680595, 37.9193802930131], [-81.4495714845565, 37.9192442022884], [-81.4495830198836, 37.9191953988365]]]}, "properties": {"name": "WIN", "folder": "Winifrede", "style_id": "WIN", "stroke": "#000000", "stroke-opacity": 1.0, "stroke-width": 0.4, "fill": "#000000", "fill-opacity": 1.0}}, {"type": "Feature", "geometry": {"type": "Polygon", "coordinates": [[[-81.4805943220516, 37.9210253184256], [-81.4805208626451, 37.9211187213889], [-81.4804509065913, 37.9211910204208], [-81.4803720165827, 37.9212543429351], [-81.4802854461912, 37.9213088640573], [-81.4801218237973, 37.9213771287771], [-81.4799473693821, 37.9214589575637], [-81.4798597797039, 37.92154944417], [-81.4797918250078, 37.921684915373], [-81.4796122120379, 37.921726205748], [-81.4796085324916, 37.9218253631084], [-81.4796890123458, 37.921901645102], [-81.4797792427846, 37.9219373290493], [-81.4798878452799, 37.9219639250696], [-81.4799352541654, 37.9220809006848], [-81.480009591701, 37.9221572075035], [-81.480110428634, 37.9221793285195], [-81.4802090493188, 37.9222105601548], [-81.4802630441329, 37.922220435719], [-81.4802581224311, 37.9221633137556], [-81.4802884314704, 37.9220301590458], [-81.4802179007094, 37.921909402361], [-81.4802410513423, 37.9217777189386], [-81.4803445586234, 37.9216683300346], [-81.48044111312, 37.9215568070211], [-81.480576682215, 37.9214789224432], [-81.4807346046366, 37.9214264530261], [-81.4808719821128, 37.9213466672987], [-81.4810124449574, 37.9212691227395], [-81.4811719014565, 37.9212252094651], [-81.4813351389881, 37.9211855158891], [-81.4814906416035, 37.9211288185678], [-81.4816547695071, 37.9211034514848], [-81.4818264833349, 37.9211074353077], [-81.4819953278127, 37.9210901607917], [-81.4821422293941, 37.9210230435276], [-81.4822825821014, 37.92094621894], [-81.482428737497, 37.9208694598231], [-81.4824118807745, 37.9207447897945], [-81.482280358239, 37.9206580842702], [-81.4821414943766, 37.9205793386553], [-81.4820458734283, 37.9204672488296], [-81.4819285162491, 37.9203714719391], [-81.4817917011794, 37.9202929886077], [-81.481707714923, 37.9201851763768], [-81.4815736097463, 37.9201207425927], [-81.4816713176362, 37.9202567085716], [-81.4817854692772, 37.9205412305873], [-81.4818446924738, 37.9209864070642], [-81.4807537775918, 37.9209463446677], [-81.4805943220516, 37.9210253184256]]]}, "properties": {"name": "WIN", "folder": "Winifrede", "style_id": "WIN", "stroke": "#000000", "stroke-opacity": 1.0, "stroke-width": 0.4, "fill": "#000000", "fill-opacity": 1.0}}, {"type": "Feature", "geometry": {"type": "Polygon", "coordinates": [[[-81.4840879662072, 37.9128905134265], [-81.4840975796488, 37.9128993974137], [-81.4841972672867, 37.9130081342101], [-81.4842485784856, 37.9130262186939], [-81.4842519783315, 37.9130067367243], [-81.4842681395188, 37.9129211372925], [-81.4841484041085, 37.912912526819], [-81.4840879662072, 37.9128905134265]]]}, "properties": {"name": "WIN", "folder": "Winifrede", "style_id": "WIN", "stroke": "#000000", "stroke-opacity": 1.0, "stroke-width": 0.4, "fill": "#000000", "fill-opacity": 1.0}}, {"type": "Feature", "geometry": {"type": "Polygon", "coordinates": [[[-81.4872715315652, 37.914082948449], [-81.4873314246655, 37.9141254218524], [-81.487462161511, 37.9142318641641], [-81.4876049711985, 37.9143059906493], [-81.4877448367333, 37.9143822908608], [-81.4878294641115, 37.9145007315072], [-81.4879616455799, 37.91458454476], [-81.4879798368545, 37.9146000617399], [-81.4880880737867, 37.9145726627811], [-81.4881101414455, 37.9144689223294], [-81.4881140666184, 37.9143742700682], [-81.4881441529459, 37.9142444496261], [-81.4881240161551, 37.9142273177042], [-81.4875614891751, 37.9139578195186], [-81.4873264530132, 37.9138719088149], [-81.487326230547, 37.9138728110312], [-81.4873050669, 37.9139585217025], [-81.4872715315652, 37.914082948449]]]}, "properties": {"name": "WIN", "folder": "Winifrede", "style_id": "WIN", "stroke": "#000000", "stroke-opacity": 1.0, "stroke-width": 0.4, "fill": "#000000", "fill-opacity": 1.0}}, {"type": "Feature", "geometry": {"type": "Polygon", "coordinates": [[[-81.4834191294981, 37.9125395047683], [-81.4835525307276, 37.9126024072545], [-81.4837117463864, 37.9126465480873], [-81.4838577112252, 37.9127172398596], [-81.4839913662693, 37.912801412782], [-81.4840593525402, 37.9128641337332], [-81.4840466468537, 37.9128002841427], [-81.4840271712695, 37.9127102346942], [-81.4839083139493, 37.9126791781067], [-81.4837779067778, 37.9126392460495], [-81.4836456792989, 37.9125991410684], [-81.4835124590985, 37.9125636366235], [-81.4834191294981, 37.9125395047683]]]}, "properties": {"name": "WIN", "folder": "Winifrede", "style_id": "WIN", "stroke": "#000000", "stroke-opacity": 1.0, "stroke-width": 0.4, "fill": "#000000", "fill-opacity": 1.0}}, {"type": "Feature", "geometry": {"type": "Polygon", "coordinates": [[[-81.4737174609589, 37.9182543201041], [-81.4737757570619, 37.9182258741998], [-81.473905513831, 37.9182523906154], [-81.4740098985118, 37.9182790097852], [-81.4741894313039, 37.9183323642419], [-81.4744709336243, 37.9184257755075], [-81.4746462307607, 37.918492665764], [-81.474816069411, 37.9185776036777], [-81.4750686251959, 37.9187162851595], [-81.4752914265136, 37.9188100215231], [-81.4754262201881, 37.9188590482831], [-81.4756240165699, 37.9189213397057], [-81.4758835934911, 37.9190014068881], [-81.4760941043888, 37.9190592304633], [-81.4763687565871, 37.9191481584018], [-81.4766492686852, 37.9192461650396], [-81.476901539183, 37.9193397789783], [-81.4770822725219, 37.9194021363773], [-81.4772885489854, 37.9194734035582], [-81.4774666953889, 37.9195402780326], [-81.4776491945411, 37.9196116410424], [-81.4778579233764, 37.9197099361044], [-81.478018830223, 37.9197498408987], [-81.4783333952518, 37.9198522116515], [-81.4784840632644, 37.9198921574223], [-81.4786151336032, 37.9199276762299], [-81.4788211562316, 37.9199944352699], [-81.4789327459289, 37.920043553102], [-81.4791038035131, 37.9200518697897], [-81.47927130409, 37.920055694242], [-81.4794811884838, 37.9200863846162], [-81.4796913534043, 37.9200900346377], [-81.479859312523, 37.9201118822731], [-81.4800048078522, 37.9201608601274], [-81.4801409536006, 37.9202067214157], [-81.4802991684304, 37.9201998561799], [-81.4808945814664, 37.920117389729], [-81.4815609411596, 37.920114664926], [-81.4814173494587, 37.9200434192383], [-81.4812667802775, 37.9199840095692], [-81.4810962919564, 37.9199582987156], [-81.4809776061886, 37.9198678432275], [-81.4808142259473, 37.9198329090053], [-81.4806489452307, 37.9198203351251], [-81.4805100629617, 37.919738523943], [-81.4804041554885, 37.9196360291831], [-81.4802421020245, 37.9195947796854], [-81.480085188316, 37.919556844491], [-81.4799168567197, 37.9195824067851], [-81.4797476208703, 37.9195916597975], [-81.4795767316169, 37.9195914543033], [-81.4794056373603, 37.91959458489], [-81.47924024567, 37.9195650651427], [-81.4790929626985, 37.919520600084], [-81.4789411603771, 37.9195863815606], [-81.4787699057237, 37.919600147856], [-81.4786148570545, 37.9195512974471], [-81.4784520311322, 37.9195135643752], [-81.4782815895417, 37.9195121842008], [-81.478140731151, 37.9194408325543], [-81.4780097952685, 37.9193557421652], [-81.4778675681178, 37.9192837655456], [-81.4777230526502, 37.9192272101805], [-81.4776047753408, 37.9191289984729], [-81.4774479947889, 37.9190758266277], [-81.4772863636896, 37.9190293445294], [-81.4770229923294, 37.9189078362679], [-81.4768596041243, 37.9188709151311], [-81.4767062089193, 37.9188134023604], [-81.4765402319876, 37.9187809076089], [-81.4763767206374, 37.9187424526887], [-81.476228963122, 37.9186768055233], [-81.4760595740224, 37.9186618984441], [-81.4758884886529, 37.9186663765228], [-81.475718887504, 37.9186537230474], [-81.4755689885529, 37.9185912382385], [-81.4754321698653, 37.9185104942404], [-81.4752912679727, 37.918431658587], [-81.4751253193505, 37.9184208829262], [-81.4749598155828, 37.9183908168213], [-81.4748256140229, 37.9183099707168], [-81.4747304572641, 37.918196972403], [-81.4746031417432, 37.9181076267951], [-81.4744690432805, 37.9180249779762], [-81.4743254684698, 37.9179548050666], [-81.4741837009065, 37.9178825510161], [-81.4740108167026, 37.9178722516668], [-81.4738669986098, 37.9178349771462], [-81.4737491767658, 37.9177356774288], [-81.4735838870132, 37.9177031757257], [-81.4734231839203, 37.9176762419604], [-81.4733009497217, 37.9175803858683], [-81.4731383519306, 37.9175419234594], [-81.4729784824588, 37.9175028182496], [-81.4728593097272, 37.9174232621272], [-81.4726869685235, 37.9174441434581], [-81.4725147921761, 37.9174553807212], [-81.4723999964092, 37.9173663422552], [-81.4722995197264, 37.9172566973865], [-81.4721746914632, 37.9171641853145], [-81.4720032256538, 37.9171618988457], [-81.4718943114451, 37.9170671581308], [-81.4717475825062, 37.9170012307879], [-81.4715774327999, 37.9169911879875], [-81.4714059791675, 37.9169908834481], [-81.4711003521547, 37.9169129735238], [-81.4709537918662, 37.916980255949], [-81.4707835646956, 37.9169937347078], [-81.470627827965, 37.9170317620439], [-81.4704627347882, 37.9170473836212], [-81.4703196737005, 37.9171105947366], [-81.4701486786061, 37.9171107378854], [-81.4699825326046, 37.91713988172], [-81.4698065695218, 37.9171459920556], [-81.4696947910125, 37.9170656821597], [-81.4695330567089, 37.9170550613359], [-81.4693663182257, 37.9170267955641], [-81.4692001297991, 37.9169955516799], [-81.4690426011411, 37.9169483215293], [-81.4689043170385, 37.9168681165102], [-81.4687995453245, 37.9167622711814], [-81.4686406773767, 37.9167190108193], [-81.4684876550829, 37.9166649114278], [-81.4683654340624, 37.9165698605809], [-81.4682133301449, 37.9165168380256], [-81.4680956082127, 37.9164317733745], [-81.4680043233539, 37.9163172212462], [-81.4679301816588, 37.9161971029828], [-81.4678662299923, 37.9160691930195], [-81.4676979558987, 37.9160676086184], [-81.4675729289519, 37.9159784272091], [-81.4674498260418, 37.9158876149869], [-81.4673051263657, 37.9158176181856], [-81.467133912055, 37.9158187478333], [-81.4671127295433, 37.9158153168559], [-81.4669932771679, 37.9159958697472], [-81.4673430367828, 37.9161815903291], [-81.4679198575558, 37.9167225992556], [-81.4686085217125, 37.9171742028639], [-81.4694077871599, 37.9173224345696], [-81.4707291940754, 37.9173526676851], [-81.4720801819732, 37.917632335221], [-81.4729474362195, 37.9178604867693], [-81.4737174609589, 37.9182543201041]]]}, "properties": {"name": "WIN", "folder": "Winifrede", "style_id": "WIN", "stroke": "#000000", "stroke-opacity": 1.0, "stroke-width": 0.4, "fill": "#000000", "fill-opacity": 1.0}}, {"type": "Feature", "geometry": {"type": "Polygon", "coordinates": [[[-81.4688167266415, 37.9117971449023], [-81.4688779958472, 37.911825381787], [-81.4690022210539, 37.9117892849264], [-81.4690080038714, 37.9117862883093], [-81.4688167266415, 37.9117971449023]]]}, "properties": {"name": "WIN", "folder": "Winifrede", "style_id": "WIN", "stroke": "#000000", "stroke-opacity": 1.0, "stroke-width": 0.4, "fill": "#000000", "fill-opacity": 1.0}}, {"type": "Feature", "geometry": {"type": "Polygon", "coordinates": [[[-81.4563971871789, 37.916297551845], [-81.4564920612015, 37.9164066920314], [-81.4566558863355, 37.9164431898634], [-81.4568191291947, 37.9164773463577], [-81.456968200723, 37.9165196693123], [-81.4571326748102, 37.9164771196181], [-81.45729707624, 37.9164412409733], [-81.4574599831434, 37.9164030238352], [-81.4575544249193, 37.9162950419897], [-81.4575623432817, 37.9161590049682], [-81.4575827872139, 37.9160249027991], [-81.4576672950135, 37.9159111911876], [-81.4576282490653, 37.9157788532379], [-81.4576311626072, 37.915643286309], [-81.4576255677872, 37.9155664282307], [-81.4571068847099, 37.915582323173], [-81.4571128367801, 37.9156433177862], [-81.4571341542234, 37.9157604041538], [-81.457171366993, 37.9158909475036], [-81.4571627063122, 37.9160171625616], [-81.4570830284062, 37.916121120354], [-81.4569484068179, 37.916189240303], [-81.4568100608654, 37.9162438551169], [-81.4566111657412, 37.9162761723063], [-81.4564421067699, 37.9162947638823], [-81.4563971871789, 37.916297551845]]]}, "properties": {"name": "WIN", "folder": "Winifrede", "style_id": "WIN", "stroke": "#000000", "stroke-opacity": 1.0, "stroke-width": 0.4, "fill": "#000000", "fill-opacity": 1.0}}]}